threat_id,timestamp,threat_name,threat_category,indicator_type,indicator_value,source_name,source_reliability,confidence_score,severity,risk_score,status,first_seen,last_seen,country_or_region_optional,description,mitre_tactic_optional,mitre_technique_optional,mitre_technique_id,cve_id_optional,campaign_id
THR-2026-001,2026-09-29 10:00:00,Synthetic Credential Phishing Campaign,PHISHING,DOMAIN,login-check.invalid,Internal SOC,A – Highly Reliable,85,HIGH,78,MONITORING,2026-09-26 10:00:00,2026-10-01 07:00:00,US,Indicator appears in multiple synthetic phishing observations targeting fake enterprise accounts.,Initial Access,Phishing: Spearphishing Link,T1566.002,,CAMP-PHISH-01
THR-2026-002,2026-09-30 10:00:00,Correlated Synthetic C2 IP Observation,PHISHING,IP ADDRESS,198.51.100.25,Internal SOC,A – Highly Reliable,80,HIGH,74,MONITORING,2026-09-27 10:00:00,2026-10-01 08:00:00,US,Synthetic documentation IP tied to DNS records resolving for login-check.invalid.,Initial Access,Phishing: Spearphishing Link,T1566.002,,CAMP-PHISH-01
THR-2026-0003,2026-09-11 06:00:01,InfoStealer Demo Artifact #03,MALWARE,IP ADDRESS,203.0.113.71,Security Vendor,A – Highly Reliable,50,MEDIUM,58,NEW,2026-09-07 13:37:26,2026-09-11 06:00:01,CH,Synthetic telemetry record analyzing malware activity linked to defensive indicator 203.0.113.71.,Execution,User Execution: Malicious File,T1204.002,CVE-2026-4401,CAMP-DEFENSE-020
THR-2026-0004,2026-09-06 07:22:32,Misconfigured Cloud Bucket Scraping #04,DATA EXPOSURE,FILE HASH,7e2a72dcde35c4ef08c36b3a5b841e57ce325529e02a9925ddb202650099a901,Community Submission,C – Fairly Reliable,82,HIGH,66,UNDER_REVIEW,2026-09-01 23:03:34,2026-09-06 07:22:32,AU,Synthetic telemetry record analyzing data exposure activity linked to defensive indicator 7e2a72dcde35c4ef08c36b3a5b841e57ce325529e02a9925ddb202650099a901.,Exfiltration,Exfiltration Over Alternative Protocol,T1048,,
THR-2026-0005,2026-08-21 00:20:41,Generic Modular Loader Simulation #05,MALWARE,URL,https://cdn-cache.example.com/session/token-exchange?session_id=1711,Unknown Source,D – Reliability Unknown,87,CRITICAL,83,MONITORING,2026-08-20 09:21:56,2026-08-21 00:20:41,US,Synthetic telemetry record analyzing malware activity linked to defensive indicator https://cdn-cache.example.com/session/token-exchange?session_id=1711.,Command and Control,Application Layer Protocol,T1071,,
THR-2026-0006,2026-09-06 07:50:38,Kerberoasting Probe Telemetry #06,CREDENTIAL THREATS,URL,https://auth-gateway.example.com/invoice/preview-doc.pdf?session_id=2654,Research Report,B – Usually Reliable,67,MEDIUM,52,NEW,2026-09-03 03:33:43,2026-09-06 07:50:38,FR,Synthetic telemetry record analyzing credential threats activity linked to defensive indicator https://auth-gateway.example.com/invoice/preview-doc.pdf?session_id=2654.,Credential Access,OS Credential Dumping,T1003,,
THR-2026-0007,2026-08-12 05:55:30,Synthetic Token Theft Activity #07,CREDENTIAL THREATS,DOMAIN,sub44.client-token.example.org,Unknown Source,D – Reliability Unknown,67,HIGH,62,CLOSED,2026-08-08 19:46:17,2026-08-12 05:55:30,NL,Synthetic telemetry record analyzing credential threats activity linked to defensive indicator sub44.client-token.example.org.,Credential Access,OS Credential Dumping,T1003,,CAMP-DEFENSE-019
THR-2026-0008,2026-08-21 01:34:52,Fake IT Helpdesk Remote Access Lure #08,SOCIAL ENGINEERING,FILE HASH,56b325641823afbf593e8884a4048e9252b1e5da7c621d2acf636bf4397897cd,Unknown Source,D – Reliability Unknown,64,LOW,38,UNDER_REVIEW,2026-08-19 17:47:44,2026-08-21 01:34:52,FR,Synthetic telemetry record analyzing social engineering activity linked to defensive indicator 56b325641823afbf593e8884a4048e9252b1e5da7c621d2acf636bf4397897cd.,Initial Access,Trusted Relationship,T1199,,
THR-2026-0009,2026-09-17 13:49:46,Executive Pretexting Call Campaign #09,SOCIAL ENGINEERING,IP ADDRESS,192.0.2.221,Internal SOC,A – Highly Reliable,49,MEDIUM,60,FALSE_POSITIVE,2026-09-16 18:37:54,2026-09-17 13:49:46,BR,Synthetic telemetry record analyzing social engineering activity linked to defensive indicator 192.0.2.221.,Initial Access,Trusted Relationship,T1199,,
THR-2026-0010,2026-07-24 05:16:16,Generic Modular Loader Simulation #10,MALWARE,CVE ID,CVE-2026-5512,Public Threat Feed,B – Usually Reliable,59,LOW,26,MONITORING,2026-07-22 12:27:01,2026-07-24 05:16:16,BR,Synthetic telemetry record analyzing malware activity linked to defensive indicator CVE-2026-5512.,,,,CVE-2026-5512,
THR-2026-0011,2026-09-13 10:25:45,Path Traversal Web Probe #11,WEB THREATS,CVE ID,CVE-2026-1042,Community Submission,C – Fairly Reliable,30,LOW,37,CLOSED,2026-09-11 13:33:35,2026-09-13 10:25:45,NL,Synthetic telemetry record analyzing web threats activity linked to defensive indicator CVE-2026-1042.,Collection,Automated Collection: Web Scraping,T1119,CVE-2026-1042,CAMP-DEFENSE-012
THR-2026-0012,2026-08-18 15:01:37,Fake Invoice Redirector #12,PHISHING,DOMAIN,sub20.auth-gateway.example.com,Unknown Source,D – Reliability Unknown,64,HIGH,65,MONITORING,2026-08-18 06:43:17,2026-08-18 15:01:37,FR,Synthetic telemetry record analyzing phishing activity linked to defensive indicator sub20.auth-gateway.example.com.,Initial Access,Phishing: Spearphishing Voice,T1566.004,,
THR-2026-0013,2026-07-03 20:27:56,Kerberoasting Probe Telemetry #13,CREDENTIAL THREATS,CVE ID,CVE-2026-4401,Research Report,B – Usually Reliable,73,MEDIUM,57,MONITORING,2026-06-30 14:28:49,2026-07-03 20:27:56,IN,Synthetic telemetry record analyzing credential threats activity linked to defensive indicator CVE-2026-4401.,,,,CVE-2026-4401,CAMP-DEFENSE-001
THR-2026-0014,2026-09-26 00:34:26,Compromised Service Account Pattern #14,CREDENTIAL THREATS,IP ADDRESS,192.0.2.182,Unknown Source,D – Reliability Unknown,24,INFORMATIONAL,15,MONITORING,2026-09-25 16:29:09,2026-09-26 00:34:26,NL,Synthetic telemetry record analyzing credential threats activity linked to defensive indicator 192.0.2.182.,Credential Access,OS Credential Dumping,T1003,,CAMP-DEFENSE-005
THR-2026-0015,2026-08-03 01:46:43,Fake IT Helpdesk Remote Access Lure #15,SOCIAL ENGINEERING,FILE HASH,d00248c5952713b73e028c23ec42ab978b570ed6ba7b08206ba9c5893243d8ad,Internal SOC,A – Highly Reliable,51,MEDIUM,42,NEW,2026-08-01 07:15:47,2026-08-03 01:46:43,NL,Synthetic telemetry record analyzing social engineering activity linked to defensive indicator d00248c5952713b73e028c23ec42ab978b570ed6ba7b08206ba9c5893243d8ad.,,,,,
THR-2026-0016,2026-09-06 06:36:39,Misconfigured Cloud Bucket Scraping #16,DATA EXPOSURE,FILE HASH,effef007a49781343a7bf589eb0a45b6847ce485c6e834372316d9e390690a75,Security Vendor,A – Highly Reliable,95,CRITICAL,95,UNDER_REVIEW,2026-09-05 00:38:03,2026-09-06 06:36:39,DE,Synthetic telemetry record analyzing data exposure activity linked to defensive indicator effef007a49781343a7bf589eb0a45b6847ce485c6e834372316d9e390690a75.,Collection,Data from Cloud Storage,T1530,,
THR-2026-0017,2026-07-12 04:29:21,Compromised Service Account Pattern #17,CREDENTIAL THREATS,DOMAIN,sub71.telemetry-sync.example.net,Research Report,B – Usually Reliable,36,INFORMATIONAL,17,MONITORING,2026-07-11 08:43:58,2026-07-12 04:29:21,GB,Synthetic telemetry record analyzing credential threats activity linked to defensive indicator sub71.telemetry-sync.example.net.,Credential Access,OS Credential Dumping,T1003,,
THR-2026-0018,2026-07-26 01:46:04,Kerberoasting Probe Telemetry #18,CREDENTIAL THREATS,URL,https://telemetry-sync.example.net/verify-account/prompt?session_id=9883,Internal SOC,A – Highly Reliable,78,MEDIUM,57,NEW,2026-07-25 18:54:29,2026-07-26 01:46:04,AU,Synthetic telemetry record analyzing credential threats activity linked to defensive indicator https://telemetry-sync.example.net/verify-account/prompt?session_id=9883.,Credential Access,Credentials in Files,T1552.001,,CAMP-DEFENSE-020
THR-2026-0019,2026-09-23 22:42:45,Encrypted Payload Delivery Simulation #19,MALWARE,EMAIL/SENDER DOMAIN,hr-notices@example.com,Community Submission,C – Fairly Reliable,61,MEDIUM,51,MONITORING,2026-09-20 15:49:40,2026-09-23 22:42:45,CA,Synthetic telemetry record analyzing malware activity linked to defensive indicator hr-notices@example.com.,Command and Control,Application Layer Protocol,T1071,,CAMP-DEFENSE-005
THR-2026-0020,2026-07-03 13:20:04,Port 445 Scanning in Perimeter #20,NETWORK THREATS,IP ADDRESS,192.0.2.118,Community Submission,C – Fairly Reliable,52,INFORMATIONAL,11,UNDER_REVIEW,2026-06-28 13:48:11,2026-07-03 13:20:04,CA,Synthetic telemetry record analyzing network threats activity linked to defensive indicator 192.0.2.118.,Command and Control,Protocol Tunneling,T1572,,
THR-2026-0021,2026-07-04 20:50:17,Sensitive API Endpoint Exposure #21,DATA EXPOSURE,CVE ID,CVE-2026-3390,Community Submission,C – Fairly Reliable,64,MEDIUM,58,MONITORING,2026-06-30 19:59:09,2026-07-04 20:50:17,JP,Synthetic telemetry record analyzing data exposure activity linked to defensive indicator CVE-2026-3390.,Exfiltration,Exfiltration Over Web Service,T1567,CVE-2026-3390,CAMP-DEFENSE-004
THR-2026-0022,2026-07-31 12:15:22,SQLi Pattern on Public Gateway #22,WEB THREATS,EMAIL/SENDER DOMAIN,hr-notices@example.net,Security Vendor,A – Highly Reliable,48,MEDIUM,49,UNDER_REVIEW,2026-07-27 05:54:23,2026-07-31 12:15:22,BR,Synthetic telemetry record analyzing web threats activity linked to defensive indicator hr-notices@example.net.,,,,,CAMP-DEFENSE-001
THR-2026-0023,2026-08-11 21:23:14,Cross-Site Scripting Injection Probe #23,WEB THREATS,DOMAIN,sub80.session-manager.invalid,Research Report,B – Usually Reliable,87,CRITICAL,85,UNDER_REVIEW,2026-08-11 07:57:44,2026-08-11 21:23:14,JP,Synthetic telemetry record analyzing web threats activity linked to defensive indicator sub80.session-manager.invalid.,,,,,
THR-2026-0024,2026-09-08 21:12:52,ICMP Covert Beaconing Pattern #24,NETWORK THREATS,IP ADDRESS,198.51.100.54,Unknown Source,D – Reliability Unknown,79,HIGH,74,CLOSED,2026-09-08 08:52:45,2026-09-08 21:12:52,US,Synthetic telemetry record analyzing network threats activity linked to defensive indicator 198.51.100.54.,Discovery,Network Service Scanning,T1046,,
THR-2026-0025,2026-07-21 04:41:50,Extortion Double-Dip Campaign #25,RANSOMWARE,CVE ID,CVE-2026-7734,Research Report,B – Usually Reliable,65,HIGH,69,CLOSED,2026-07-16 21:00:35,2026-07-21 04:41:50,NL,Synthetic telemetry record analyzing ransomware activity linked to defensive indicator CVE-2026-7734.,Impact,Data Encrypted for Impact,T1486,CVE-2026-7734,
THR-2026-0026,2026-08-02 23:30:44,Watering Hole Redirector Demo #26,SOCIAL ENGINEERING,URL,https://corp-portal-test.invalid/invoice/preview-doc.pdf?session_id=4652,Internal SOC,A – Highly Reliable,79,LOW,23,CLOSED,2026-07-31 23:41:47,2026-08-02 23:30:44,US,Synthetic telemetry record analyzing social engineering activity linked to defensive indicator https://corp-portal-test.invalid/invoice/preview-doc.pdf?session_id=4652.,Initial Access,Trusted Relationship,T1199,,
THR-2026-0027,2026-08-08 16:26:16,Memory Injection Testing Stub #27,MALWARE,URL,https://update-service.example.org/session/token-exchange?session_id=1626,Internal SOC,A – Highly Reliable,79,HIGH,74,UNDER_REVIEW,2026-08-06 22:57:19,2026-08-08 16:26:16,US,Synthetic telemetry record analyzing malware activity linked to defensive indicator https://update-service.example.org/session/token-exchange?session_id=1626.,Execution,User Execution: Malicious File,T1204.002,,
THR-2026-0028,2026-09-25 00:37:28,Unencrypted Diagnostic Log Leak #28,DATA EXPOSURE,EMAIL/SENDER DOMAIN,hr-notices@example.net,Research Report,B – Usually Reliable,72,LOW,31,MONITORING,2026-09-21 16:54:57,2026-09-25 00:37:28,AU,Synthetic telemetry record analyzing data exposure activity linked to defensive indicator hr-notices@example.net.,Collection,Data from Cloud Storage,T1530,,
THR-2026-0029,2026-08-02 12:56:53,Path Traversal Web Probe #29,WEB THREATS,EMAIL/SENDER DOMAIN,hr-notices@example.org,Research Report,B – Usually Reliable,79,HIGH,66,NEW,2026-07-31 15:27:02,2026-08-02 12:56:53,CA,Synthetic telemetry record analyzing web threats activity linked to defensive indicator hr-notices@example.org.,Collection,Automated Collection: Web Scraping,T1119,,CAMP-DEFENSE-010
THR-2026-0030,2026-08-19 18:39:12,Fake IT Helpdesk Remote Access Lure #30,SOCIAL ENGINEERING,FILE HASH,af8a523310404e5f5d9dfe66ff140aece39739f7e5f290cb12942ec747a2d17a,Community Submission,C – Fairly Reliable,81,HIGH,66,UNDER_REVIEW,2026-08-15 06:30:42,2026-08-19 18:39:12,BR,Synthetic telemetry record analyzing social engineering activity linked to defensive indicator af8a523310404e5f5d9dfe66ff140aece39739f7e5f290cb12942ec747a2d17a.,,,,,
THR-2026-0031,2026-09-09 07:19:39,Server-Side Request Forgery Pattern #31,WEB THREATS,DOMAIN,sub28.login-check.invalid,Internal SOC,A – Highly Reliable,74,HIGH,63,UNDER_REVIEW,2026-09-06 22:18:40,2026-09-09 07:19:39,NL,Synthetic telemetry record analyzing web threats activity linked to defensive indicator sub28.login-check.invalid.,Command and Control,Web Service: Dead Drop Resolver,T1102.001,,
THR-2026-0032,2026-07-23 08:04:48,Extortion Double-Dip Campaign #32,RANSOMWARE,CVE ID,CVE-2026-4401,Internal SOC,A – Highly Reliable,74,HIGH,77,NEW,2026-07-22 05:49:09,2026-07-23 08:04:48,Global,Synthetic telemetry record analyzing ransomware activity linked to defensive indicator CVE-2026-4401.,,,,CVE-2026-4401,
THR-2026-0033,2026-08-08 18:51:07,Fake IT Helpdesk Remote Access Lure #33,SOCIAL ENGINEERING,CVE ID,CVE-2026-7734,Community Submission,C – Fairly Reliable,86,HIGH,80,UNDER_REVIEW,2026-08-04 00:50:50,2026-08-08 18:51:07,CH,Synthetic telemetry record analyzing social engineering activity linked to defensive indicator CVE-2026-7734.,Initial Access,Trusted Relationship,T1199,CVE-2026-7734,
THR-2026-0034,2026-07-17 19:30:42,Executive Pretexting Call Campaign #34,SOCIAL ENGINEERING,FILE HASH,46658950a6dd66a7747276d61113f0a0891b95a551f57e5535de0e834862117a,Security Vendor,A – Highly Reliable,80,HIGH,76,UNDER_REVIEW,2026-07-16 10:14:04,2026-07-17 19:30:42,GB,Synthetic telemetry record analyzing social engineering activity linked to defensive indicator 46658950a6dd66a7747276d61113f0a0891b95a551f57e5535de0e834862117a.,Execution,User Execution: Malicious Link,T1204.001,CVE-2026-5512,CAMP-DEFENSE-011
THR-2026-0035,2026-09-12 01:58:30,ShadowLocker Ransomware Activity #35,RANSOMWARE,DOMAIN,service.update-service.example.org,Unknown Source,D – Reliability Unknown,56,LOW,35,MONITORING,2026-09-10 00:11:28,2026-09-12 01:58:30,Global,Synthetic telemetry record analyzing ransomware activity linked to defensive indicator service.update-service.example.org.,,,,,
THR-2026-0036,2026-09-04 11:18:48,Dormant Administrator Account Activation #36,ACCOUNT SECURITY,FILE HASH,2cfba286022f20c05ee01b5a4271f4e5600681ee59b981cb728b3d9f3f245e6d,Public Threat Feed,B – Usually Reliable,77,HIGH,74,UNDER_REVIEW,2026-09-02 12:30:53,2026-09-04 11:18:48,AU,Synthetic telemetry record analyzing account security activity linked to defensive indicator 2cfba286022f20c05ee01b5a4271f4e5600681ee59b981cb728b3d9f3f245e6d.,Persistence,Create Account: Local Account,T1136.001,,
THR-2026-0037,2026-08-01 06:17:00,Executive Pretexting Call Campaign #37,SOCIAL ENGINEERING,IP ADDRESS,198.51.100.87,Unknown Source,D – Reliability Unknown,38,LOW,35,MONITORING,2026-07-30 05:45:55,2026-08-01 06:17:00,BR,Synthetic telemetry record analyzing social engineering activity linked to defensive indicator 198.51.100.87.,Initial Access,Trusted Relationship,T1199,CVE-2026-7734,
THR-2026-0038,2026-08-28 05:38:43,Edge Gateway Remote Buffer Trigger #38,VULNERABILITY EXPOSURE,DOMAIN,sub33.login-check.invalid,Public Threat Feed,B – Usually Reliable,47,LOW,33,UNDER_REVIEW,2026-08-27 04:14:46,2026-08-28 05:38:43,SG,Synthetic telemetry record analyzing vulnerability exposure activity linked to defensive indicator sub33.login-check.invalid.,Privilege Escalation,Exploitation for Privilege Escalation,T1068,CVE-2026-5512,
THR-2026-0039,2026-09-27 16:44:20,Kerberoasting Probe Telemetry #39,CREDENTIAL THREATS,CVE ID,CVE-2026-8845,Unknown Source,D – Reliability Unknown,69,LOW,21,MONITORING,2026-09-27 13:00:55,2026-09-27 16:44:20,CA,Synthetic telemetry record analyzing credential threats activity linked to defensive indicator CVE-2026-8845.,Credential Access,Brute Force: Password Spraying,T1110.003,CVE-2026-8845,
THR-2026-0040,2026-09-21 14:21:58,Cross-Site Scripting Injection Probe #40,WEB THREATS,URL,https://update-service.example.org/download/security-patch.bin?session_id=3683,Public Threat Feed,B – Usually Reliable,55,LOW,33,UNDER_REVIEW,2026-09-21 11:17:05,2026-09-21 14:21:58,Global,Synthetic telemetry record analyzing web threats activity linked to defensive indicator https://update-service.example.org/download/security-patch.bin?session_id=3683.,Initial Access,Exploit Public-Facing Application,T1190,CVE-2026-4401,CAMP-DEFENSE-025
THR-2026-0041,2026-08-02 20:18:05,OAuth High-Privilege Consent Grant #41,ACCOUNT SECURITY,IP ADDRESS,198.51.100.137,Research Report,B – Usually Reliable,71,MEDIUM,41,CLOSED,2026-08-02 12:01:36,2026-08-02 20:18:05,CH,Synthetic telemetry record analyzing account security activity linked to defensive indicator 198.51.100.137.,Persistence,Account Manipulation: Additional Credentials,T1098.001,,
THR-2026-0042,2026-07-06 12:29:37,Extortion Double-Dip Campaign #42,RANSOMWARE,FILE HASH,ab0f443721e8c5d3b01c6f4c9f31e10f8430beaa0073ce9158111fd344468087,Community Submission,C – Fairly Reliable,84,HIGH,78,UNDER_REVIEW,2026-07-05 04:05:02,2026-07-06 12:29:37,DE,Synthetic telemetry record analyzing ransomware activity linked to defensive indicator ab0f443721e8c5d3b01c6f4c9f31e10f8430beaa0073ce9158111fd344468087.,Infiltration,Lateral Movement: SMB/Windows Admin Shares,T1021.002,,
THR-2026-0043,2026-08-11 02:05:32,Path Traversal Web Probe #43,WEB THREATS,FILE HASH,9bab1c97ed8d9715510a9076db00f1c3fd7988bd86d4263eb5c65135db53df12,Research Report,B – Usually Reliable,50,LOW,36,CLOSED,2026-08-07 17:54:35,2026-08-11 02:05:32,FR,Synthetic telemetry record analyzing web threats activity linked to defensive indicator 9bab1c97ed8d9715510a9076db00f1c3fd7988bd86d4263eb5c65135db53df12.,Initial Access,Exploit Public-Facing Application,T1190,,CAMP-DEFENSE-009
THR-2026-0044,2026-07-28 13:58:00,Fake Invoice Redirector #44,PHISHING,EMAIL/SENDER DOMAIN,hr-notices@example.com,Security Vendor,A – Highly Reliable,80,HIGH,76,UNDER_REVIEW,2026-07-26 03:20:15,2026-07-28 13:58:00,JP,Synthetic telemetry record analyzing phishing activity linked to defensive indicator hr-notices@example.com.,Initial Access,Phishing: Spearphishing Attachment,T1566.001,,CAMP-DEFENSE-008
THR-2026-0045,2026-08-12 20:04:54,MFA Fatigue Authentication Surge #45,ACCOUNT SECURITY,URL,https://invoice-verify.invalid/api/v1/health-check?session_id=7971,Unknown Source,D – Reliability Unknown,61,MEDIUM,50,FALSE_POSITIVE,2026-08-11 01:51:52,2026-08-12 20:04:54,NL,Synthetic telemetry record analyzing account security activity linked to defensive indicator https://invoice-verify.invalid/api/v1/health-check?session_id=7971.,Persistence,Create Account: Local Account,T1136.001,,CAMP-DEFENSE-018
THR-2026-0046,2026-07-28 04:14:07,Kerberoasting Probe Telemetry #46,CREDENTIAL THREATS,CVE ID,CVE-2026-4401,Public Threat Feed,B – Usually Reliable,51,MEDIUM,50,UNDER_REVIEW,2026-07-23 07:02:33,2026-07-28 04:14:07,JP,Synthetic telemetry record analyzing credential threats activity linked to defensive indicator CVE-2026-4401.,Credential Access,OS Credential Dumping,T1003,CVE-2026-4401,
THR-2026-0047,2026-07-08 10:37:56,Spear-Phishing Credential Harvester #47,PHISHING,IP ADDRESS,203.0.113.75,Unknown Source,D – Reliability Unknown,87,HIGH,64,UNDER_REVIEW,2026-07-05 06:05:16,2026-07-08 10:37:56,JP,Synthetic telemetry record analyzing phishing activity linked to defensive indicator 203.0.113.75.,,,,,
THR-2026-0048,2026-09-24 15:45:37,Fake IT Helpdesk Remote Access Lure #48,SOCIAL ENGINEERING,IP ADDRESS,192.0.2.103,Research Report,B – Usually Reliable,56,INFORMATIONAL,9,UNDER_REVIEW,2026-09-21 12:13:36,2026-09-24 15:45:37,Global,Synthetic telemetry record analyzing social engineering activity linked to defensive indicator 192.0.2.103.,Initial Access,Replication Through Removable Media,T1091,,CAMP-DEFENSE-025
THR-2026-0049,2026-09-04 14:01:51,Sensitive API Endpoint Exposure #49,DATA EXPOSURE,FILE HASH,e0b5388d0c649c24b7159b0060c88ff12fc9038079583664fd8cfdd441a67510,Research Report,B – Usually Reliable,84,MEDIUM,59,NEW,2026-09-01 15:24:28,2026-09-04 14:01:51,JP,Synthetic telemetry record analyzing data exposure activity linked to defensive indicator e0b5388d0c649c24b7159b0060c88ff12fc9038079583664fd8cfdd441a67510.,,,,,CAMP-DEFENSE-025
THR-2026-0050,2026-09-17 05:51:54,InfoStealer Demo Artifact #50,MALWARE,DOMAIN,service.security-alert.example.net,Internal SOC,A – Highly Reliable,63,MEDIUM,56,NEW,2026-09-15 04:50:35,2026-09-17 05:51:54,JP,Synthetic telemetry record analyzing malware activity linked to defensive indicator service.security-alert.example.net.,,,,,CAMP-DEFENSE-015
THR-2026-0051,2026-09-20 23:57:31,Dormant Administrator Account Activation #51,ACCOUNT SECURITY,CVE ID,CVE-2026-3390,Research Report,B – Usually Reliable,39,LOW,29,MONITORING,2026-09-19 20:58:53,2026-09-20 23:57:31,CA,Synthetic telemetry record analyzing account security activity linked to defensive indicator CVE-2026-3390.,,,,CVE-2026-3390,
THR-2026-0052,2026-08-26 03:08:51,InfoStealer Demo Artifact #52,MALWARE,FILE HASH,2ad5d026d76e52039b888190d1a7bbce7b93e070ebfcd42d746a887de3d6e3a1,Unknown Source,D – Reliability Unknown,50,MEDIUM,55,NEW,2026-08-24 18:28:41,2026-08-26 03:08:51,BR,Synthetic telemetry record analyzing malware activity linked to defensive indicator 2ad5d026d76e52039b888190d1a7bbce7b93e070ebfcd42d746a887de3d6e3a1.,Defense Evasion,Obfuscated Files or Information,T1027,,
THR-2026-0053,2026-09-27 16:47:46,OAuth High-Privilege Consent Grant #53,ACCOUNT SECURITY,EMAIL/SENDER DOMAIN,billing-verify@example.net,Community Submission,C – Fairly Reliable,62,MEDIUM,55,FALSE_POSITIVE,2026-09-23 22:02:37,2026-09-27 16:47:46,SG,Synthetic telemetry record analyzing account security activity linked to defensive indicator billing-verify@example.net.,Persistence,Create Account: Local Account,T1136.001,,
THR-2026-0054,2026-08-25 07:26:04,Legacy WebDAV Exploit Sweep #54,VULNERABILITY EXPOSURE,URL,https://cdn-cache.example.com/download/security-patch.bin?session_id=3634,Public Threat Feed,B – Usually Reliable,80,MEDIUM,53,NEW,2026-08-22 19:58:41,2026-08-25 07:26:04,FR,Synthetic telemetry record analyzing vulnerability exposure activity linked to defensive indicator https://cdn-cache.example.com/download/security-patch.bin?session_id=3634.,,,,CVE-2026-2189,CAMP-DEFENSE-011
THR-2026-0055,2026-08-25 03:58:37,Urgent Security Notification Lure #55,PHISHING,CVE ID,CVE-2026-4401,Research Report,B – Usually Reliable,85,MEDIUM,56,CLOSED,2026-08-24 05:28:01,2026-08-25 03:58:37,CH,Synthetic telemetry record analyzing phishing activity linked to defensive indicator CVE-2026-4401.,Initial Access,Phishing: Spearphishing Link,T1566.002,CVE-2026-4401,CAMP-DEFENSE-005
THR-2026-0056,2026-08-07 13:53:54,Executive Pretexting Call Campaign #56,SOCIAL ENGINEERING,IP ADDRESS,192.0.2.250,Unknown Source,D – Reliability Unknown,30,LOW,38,NEW,2026-08-06 09:10:58,2026-08-07 13:53:54,BR,Synthetic telemetry record analyzing social engineering activity linked to defensive indicator 192.0.2.250.,Initial Access,Replication Through Removable Media,T1091,,
THR-2026-0057,2026-08-16 13:39:27,Extortion Double-Dip Campaign #57,RANSOMWARE,FILE HASH,80cbeab7a2e82096f1b21484c020a4219e10b7014b4347752b8741f6fc4e91b5,Public Threat Feed,B – Usually Reliable,67,HIGH,76,UNDER_REVIEW,2026-08-15 04:50:48,2026-08-16 13:39:27,DE,Synthetic telemetry record analyzing ransomware activity linked to defensive indicator 80cbeab7a2e82096f1b21484c020a4219e10b7014b4347752b8741f6fc4e91b5.,Impact,Data Encrypted for Impact,T1486,,
THR-2026-0058,2026-09-07 07:08:53,Path Traversal Web Probe #58,WEB THREATS,FILE HASH,3f231fa77a6c4b5974e999cfe83cb48f8ad486d5b47f8296d67d8c4902ad975c,Community Submission,C – Fairly Reliable,78,HIGH,79,UNDER_REVIEW,2026-09-07 06:50:25,2026-09-07 07:08:53,FR,Synthetic telemetry record analyzing web threats activity linked to defensive indicator 3f231fa77a6c4b5974e999cfe83cb48f8ad486d5b47f8296d67d8c4902ad975c.,Collection,Automated Collection: Web Scraping,T1119,,
THR-2026-0059,2026-07-15 03:20:50,Exfiltration via Public Cloud Storage #59,DATA EXPOSURE,FILE HASH,d5f6a91e7f5f51514cb115eb0df8c268cf47284cace9086347cfcd771995b5d8,Public Threat Feed,B – Usually Reliable,44,LOW,33,CLOSED,2026-07-10 05:39:16,2026-07-15 03:20:50,BR,Synthetic telemetry record analyzing data exposure activity linked to defensive indicator d5f6a91e7f5f51514cb115eb0df8c268cf47284cace9086347cfcd771995b5d8.,Exfiltration,Exfiltration Over Alternative Protocol,T1048,CVE-2026-8845,
THR-2026-0060,2026-08-17 03:51:23,Extortion Double-Dip Campaign #60,RANSOMWARE,FILE HASH,3961f658d58bc54e66b6f0eb410a97f373b387c31f1bfea5f9e40ccc0ceafab6,Security Vendor,A – Highly Reliable,63,HIGH,75,MONITORING,2026-08-14 05:02:05,2026-08-17 03:51:23,DE,Synthetic telemetry record analyzing ransomware activity linked to defensive indicator 3961f658d58bc54e66b6f0eb410a97f373b387c31f1bfea5f9e40ccc0ceafab6.,Infiltration,Lateral Movement: SMB/Windows Admin Shares,T1021.002,CVE-2026-3390,
THR-2026-0061,2026-07-16 16:35:17,Watering Hole Redirector Demo #61,SOCIAL ENGINEERING,URL,https://cdn-cache.example.com/update/agent-installer?session_id=2315,Public Threat Feed,B – Usually Reliable,85,MEDIUM,51,NEW,2026-07-12 09:28:02,2026-07-16 16:35:17,NL,Synthetic telemetry record analyzing social engineering activity linked to defensive indicator https://cdn-cache.example.com/update/agent-installer?session_id=2315.,Execution,User Execution: Malicious Link,T1204.001,,CAMP-DEFENSE-003
THR-2026-0062,2026-07-30 00:53:06,InfoStealer Demo Artifact #62,MALWARE,FILE HASH,82c2c36863477169af57e9848d7eb3f0a742822c95a85402f1bf1fcaa3433b69,Unknown Source,D – Reliability Unknown,31,LOW,30,UNDER_REVIEW,2026-07-29 12:49:27,2026-07-30 00:53:06,FR,Synthetic telemetry record analyzing malware activity linked to defensive indicator 82c2c36863477169af57e9848d7eb3f0a742822c95a85402f1bf1fcaa3433b69.,,,,,CAMP-DEFENSE-012
THR-2026-0063,2026-09-24 05:13:04,Public Facing API Auth Bypass #63,VULNERABILITY EXPOSURE,EMAIL/SENDER DOMAIN,hr-notices@example.org,Security Vendor,A – Highly Reliable,76,MEDIUM,48,UNDER_REVIEW,2026-09-19 20:43:01,2026-09-24 05:13:04,BR,Synthetic telemetry record analyzing vulnerability exposure activity linked to defensive indicator hr-notices@example.org.,Initial Access,Exploit Public-Facing Application,T1190,CVE-2026-4401,
THR-2026-0064,2026-08-13 04:15:35,Urgent Security Notification Lure #64,PHISHING,FILE HASH,f99568b3d0e392318198be12b103d8a6814bb8cbd2c193eae8c741163f8b1503,Unknown Source,D – Reliability Unknown,90,CRITICAL,90,NEW,2026-08-12 19:23:47,2026-08-13 04:15:35,CA,Synthetic telemetry record analyzing phishing activity linked to defensive indicator f99568b3d0e392318198be12b103d8a6814bb8cbd2c193eae8c741163f8b1503.,Initial Access,Phishing: Spearphishing Voice,T1566.004,,
THR-2026-0065,2026-09-04 17:13:32,Memory Injection Testing Stub #65,MALWARE,DOMAIN,service.cdn-cache.example.com,Community Submission,C – Fairly Reliable,37,INFORMATIONAL,17,FALSE_POSITIVE,2026-09-01 05:18:44,2026-09-04 17:13:32,JP,Synthetic telemetry record analyzing malware activity linked to defensive indicator service.cdn-cache.example.com.,,,,,
THR-2026-0066,2026-09-14 05:22:16,Synthetic Token Theft Activity #66,CREDENTIAL THREATS,EMAIL/SENDER DOMAIN,support-desk@example.org,Unknown Source,D – Reliability Unknown,80,HIGH,65,NEW,2026-09-12 23:17:45,2026-09-14 05:22:16,CH,Synthetic telemetry record analyzing credential threats activity linked to defensive indicator support-desk@example.org.,,,,,CAMP-DEFENSE-015
THR-2026-0067,2026-08-24 23:06:37,Admin Share Lateral Probe #67,RANSOMWARE,IP ADDRESS,198.51.100.84,Unknown Source,D – Reliability Unknown,76,HIGH,72,FALSE_POSITIVE,2026-08-23 23:00:54,2026-08-24 23:06:37,CH,Synthetic telemetry record analyzing ransomware activity linked to defensive indicator 198.51.100.84.,Infiltration,Lateral Movement: SMB/Windows Admin Shares,T1021.002,,CAMP-DEFENSE-016
THR-2026-0068,2026-09-18 15:54:09,DNS Tunneling Exfiltration Signature #68,NETWORK THREATS,IP ADDRESS,198.51.100.247,Internal SOC,A – Highly Reliable,90,HIGH,73,NEW,2026-09-13 19:55:21,2026-09-18 15:54:09,CA,Synthetic telemetry record analyzing network threats activity linked to defensive indicator 198.51.100.247.,Discovery,Network Sniffing,T1040,,
THR-2026-0069,2026-08-28 01:29:57,DNS Tunneling Exfiltration Signature #69,NETWORK THREATS,CVE ID,CVE-2026-9956,Community Submission,C – Fairly Reliable,75,MEDIUM,48,NEW,2026-08-24 20:52:24,2026-08-28 01:29:57,BR,Synthetic telemetry record analyzing network threats activity linked to defensive indicator CVE-2026-9956.,,,,CVE-2026-9956,CAMP-DEFENSE-020
THR-2026-0070,2026-08-25 14:39:39,QR Code Phishing (Quishing) Test #70,SOCIAL ENGINEERING,CVE ID,CVE-2026-4401,Unknown Source,D – Reliability Unknown,85,CRITICAL,90,NEW,2026-08-24 21:53:15,2026-08-25 14:39:39,SG,Synthetic telemetry record analyzing social engineering activity linked to defensive indicator CVE-2026-4401.,,,,CVE-2026-4401,
THR-2026-0071,2026-09-17 10:12:04,Unencrypted Diagnostic Log Leak #71,DATA EXPOSURE,FILE HASH,c900a6ead75883041dabc8274bd6f85daf9b97c141c55278d5ea3ac7a934d9a6,Unknown Source,D – Reliability Unknown,59,INFORMATIONAL,20,FALSE_POSITIVE,2026-09-15 08:24:54,2026-09-17 10:12:04,DE,Synthetic telemetry record analyzing data exposure activity linked to defensive indicator c900a6ead75883041dabc8274bd6f85daf9b97c141c55278d5ea3ac7a934d9a6.,Exfiltration,Exfiltration Over Alternative Protocol,T1048,CVE-2026-6623,CAMP-DEFENSE-015
THR-2026-0072,2026-09-06 12:21:29,Anomalous SSH Bastion Brute Force #72,NETWORK THREATS,EMAIL/SENDER DOMAIN,support-desk@example.com,Research Report,B – Usually Reliable,72,CRITICAL,95,NEW,2026-09-01 16:10:24,2026-09-06 12:21:29,NL,Synthetic telemetry record analyzing network threats activity linked to defensive indicator support-desk@example.com.,Discovery,Network Sniffing,T1040,,
THR-2026-0073,2026-09-12 16:38:14,Admin Share Lateral Probe #73,RANSOMWARE,EMAIL/SENDER DOMAIN,hr-notices@example.com,Community Submission,C – Fairly Reliable,84,HIGH,71,FALSE_POSITIVE,2026-09-11 14:43:23,2026-09-12 16:38:14,Global,Synthetic telemetry record analyzing ransomware activity linked to defensive indicator hr-notices@example.com.,,,,,CAMP-DEFENSE-005
THR-2026-0074,2026-09-19 11:13:16,ShadowLocker Ransomware Activity #74,RANSOMWARE,IP ADDRESS,203.0.113.222,Internal SOC,A – Highly Reliable,70,HIGH,79,UNDER_REVIEW,2026-09-17 16:13:56,2026-09-19 11:13:16,CA,Synthetic telemetry record analyzing ransomware activity linked to defensive indicator 203.0.113.222.,,,,,CAMP-DEFENSE-014
THR-2026-0075,2026-09-11 09:35:03,Executive Pretexting Call Campaign #75,SOCIAL ENGINEERING,URL,https://security-alert.example.net/download/security-patch.bin?session_id=8405,Community Submission,C – Fairly Reliable,69,HIGH,77,UNDER_REVIEW,2026-09-08 07:46:17,2026-09-11 09:35:03,CA,Synthetic telemetry record analyzing social engineering activity linked to defensive indicator https://security-alert.example.net/download/security-patch.bin?session_id=8405.,Initial Access,Replication Through Removable Media,T1091,CVE-2026-8845,
THR-2026-0076,2026-09-17 23:33:17,QR Code Phishing (Quishing) Test #76,SOCIAL ENGINEERING,IP ADDRESS,192.0.2.83,Community Submission,C – Fairly Reliable,80,MEDIUM,59,UNDER_REVIEW,2026-09-17 08:24:43,2026-09-17 23:33:17,DE,Synthetic telemetry record analyzing social engineering activity linked to defensive indicator 192.0.2.83.,Execution,User Execution: Malicious Link,T1204.001,,
THR-2026-0077,2026-07-15 12:12:49,Encrypted Payload Delivery Simulation #77,MALWARE,CVE ID,CVE-2026-7734,Unknown Source,D – Reliability Unknown,70,HIGH,74,UNDER_REVIEW,2026-07-13 08:36:19,2026-07-15 12:12:49,BR,Synthetic telemetry record analyzing malware activity linked to defensive indicator CVE-2026-7734.,Defense Evasion,Obfuscated Files or Information,T1027,CVE-2026-7734,
THR-2026-0078,2026-07-18 12:58:08,Server-Side Request Forgery Pattern #78,WEB THREATS,URL,https://update-service.example.org/secure/portal/auth?session_id=2099,Internal SOC,A – Highly Reliable,28,INFORMATIONAL,16,MONITORING,2026-07-18 01:46:52,2026-07-18 12:58:08,SG,Synthetic telemetry record analyzing web threats activity linked to defensive indicator https://update-service.example.org/secure/portal/auth?session_id=2099.,Command and Control,Web Service: Dead Drop Resolver,T1102.001,,
THR-2026-0079,2026-08-08 08:09:18,Edge Gateway Remote Buffer Trigger #79,VULNERABILITY EXPOSURE,CVE ID,CVE-2026-2189,Public Threat Feed,B – Usually Reliable,54,MEDIUM,47,MONITORING,2026-08-06 13:57:27,2026-08-08 08:09:18,Global,Synthetic telemetry record analyzing vulnerability exposure activity linked to defensive indicator CVE-2026-2189.,Initial Access,Exploit Public-Facing Application,T1190,CVE-2026-2189,
THR-2026-0080,2026-07-05 16:55:05,Path Traversal Web Probe #80,WEB THREATS,EMAIL/SENDER DOMAIN,hr-notices@corporate-demo.invalid,Community Submission,C – Fairly Reliable,46,MEDIUM,58,UNDER_REVIEW,2026-07-01 14:42:25,2026-07-05 16:55:05,SG,Synthetic telemetry record analyzing web threats activity linked to defensive indicator hr-notices@corporate-demo.invalid.,Command and Control,Web Service: Dead Drop Resolver,T1102.001,,CAMP-DEFENSE-006
THR-2026-0081,2026-08-11 09:42:20,Anomalous SSH Bastion Brute Force #81,NETWORK THREATS,IP ADDRESS,192.0.2.223,Security Vendor,A – Highly Reliable,35,LOW,21,NEW,2026-08-09 09:36:41,2026-08-11 09:42:20,CH,Synthetic telemetry record analyzing network threats activity linked to defensive indicator 192.0.2.223.,Discovery,Network Service Scanning,T1046,,
THR-2026-0082,2026-09-17 07:55:14,DNS Tunneling Exfiltration Signature #82,NETWORK THREATS,EMAIL/SENDER DOMAIN,payroll-alert@example.com,Internal SOC,A – Highly Reliable,37,INFORMATIONAL,7,UNDER_REVIEW,2026-09-13 13:23:18,2026-09-17 07:55:14,SG,Synthetic telemetry record analyzing network threats activity linked to defensive indicator payroll-alert@example.com.,Command and Control,Protocol Tunneling,T1572,,
THR-2026-0083,2026-08-08 23:51:12,Public Facing API Auth Bypass #83,VULNERABILITY EXPOSURE,IP ADDRESS,198.51.100.174,Unknown Source,D – Reliability Unknown,55,LOW,28,MONITORING,2026-08-06 08:37:17,2026-08-08 23:51:12,JP,Synthetic telemetry record analyzing vulnerability exposure activity linked to defensive indicator 198.51.100.174.,Initial Access,Exploit Public-Facing Application,T1190,CVE-2026-1042,CAMP-DEFENSE-007
THR-2026-0084,2026-08-23 14:25:07,DNS Tunneling Exfiltration Signature #84,NETWORK THREATS,IP ADDRESS,192.0.2.128,Unknown Source,D – Reliability Unknown,77,MEDIUM,48,NEW,2026-08-22 22:54:59,2026-08-23 14:25:07,CA,Synthetic telemetry record analyzing network threats activity linked to defensive indicator 192.0.2.128.,Discovery,Network Sniffing,T1040,,CAMP-DEFENSE-024
THR-2026-0085,2026-08-04 18:25:49,Memory Injection Testing Stub #85,MALWARE,URL,https://support-desk.invalid/update/agent-installer?session_id=7626,Unknown Source,D – Reliability Unknown,55,MEDIUM,51,UNDER_REVIEW,2026-08-03 07:41:18,2026-08-04 18:25:49,DE,Synthetic telemetry record analyzing malware activity linked to defensive indicator https://support-desk.invalid/update/agent-installer?session_id=7626.,Command and Control,Application Layer Protocol,T1071,,
THR-2026-0086,2026-09-24 05:54:39,Synthetic Token Theft Activity #86,CREDENTIAL THREATS,FILE HASH,735ada73ef20a8dc38d8cf98f7136116139738e51b3e11a00d8d3b67f104bde4,Community Submission,C – Fairly Reliable,70,HIGH,68,NEW,2026-09-19 21:26:53,2026-09-24 05:54:39,SG,Synthetic telemetry record analyzing credential threats activity linked to defensive indicator 735ada73ef20a8dc38d8cf98f7136116139738e51b3e11a00d8d3b67f104bde4.,Credential Access,Brute Force: Password Spraying,T1110.003,,CAMP-DEFENSE-017
THR-2026-0087,2026-09-15 17:15:30,VSS Shadow Copy Invalidation Stub #87,RANSOMWARE,DOMAIN,service.corp-portal-test.invalid,Security Vendor,A – Highly Reliable,65,HIGH,63,MONITORING,2026-09-14 22:54:50,2026-09-15 17:15:30,BR,Synthetic telemetry record analyzing ransomware activity linked to defensive indicator service.corp-portal-test.invalid.,Impact,Inhibit System Recovery,T1490,,
THR-2026-0088,2026-07-15 14:54:03,Impossible Travel Anomaly #88,ACCOUNT SECURITY,CVE ID,CVE-2026-5512,Public Threat Feed,B – Usually Reliable,60,LOW,23,UNDER_REVIEW,2026-07-12 11:38:05,2026-07-15 14:54:03,JP,Synthetic telemetry record analyzing account security activity linked to defensive indicator CVE-2026-5512.,Defense Evasion,Valid Accounts: Cloud Accounts,T1078.004,CVE-2026-5512,
THR-2026-0089,2026-07-18 13:07:52,Executive Pretexting Call Campaign #89,SOCIAL ENGINEERING,FILE HASH,7dc2c82a657130a62c1d41923ee52d2eba14b9aba068f77f2af9bc173118f05f,Public Threat Feed,B – Usually Reliable,79,HIGH,63,MONITORING,2026-07-18 03:55:25,2026-07-18 13:07:52,CA,Synthetic telemetry record analyzing social engineering activity linked to defensive indicator 7dc2c82a657130a62c1d41923ee52d2eba14b9aba068f77f2af9bc173118f05f.,Execution,User Execution: Malicious Link,T1204.001,,
THR-2026-0090,2026-08-07 22:14:21,MFA Fatigue Authentication Surge #90,ACCOUNT SECURITY,CVE ID,CVE-2026-2189,Public Threat Feed,B – Usually Reliable,73,CRITICAL,95,NEW,2026-08-05 10:04:31,2026-08-07 22:14:21,CH,Synthetic telemetry record analyzing account security activity linked to defensive indicator CVE-2026-2189.,Defense Evasion,Valid Accounts: Cloud Accounts,T1078.004,CVE-2026-2189,
THR-2026-0091,2026-09-17 01:05:21,QR Code Phishing (Quishing) Test #91,SOCIAL ENGINEERING,FILE HASH,ddc4177ae07f3530f435f66575ef0e56b46050be411706b6a7b7c8195973b121,Community Submission,C – Fairly Reliable,79,LOW,34,MONITORING,2026-09-15 04:20:48,2026-09-17 01:05:21,JP,Synthetic telemetry record analyzing social engineering activity linked to defensive indicator ddc4177ae07f3530f435f66575ef0e56b46050be411706b6a7b7c8195973b121.,Initial Access,Trusted Relationship,T1199,CVE-2026-6623,CAMP-DEFENSE-004
THR-2026-0092,2026-09-01 08:20:17,Path Traversal Web Probe #92,WEB THREATS,CVE ID,CVE-2026-7734,Security Vendor,A – Highly Reliable,49,LOW,32,CLOSED,2026-08-29 10:24:33,2026-09-01 08:20:17,FR,Synthetic telemetry record analyzing web threats activity linked to defensive indicator CVE-2026-7734.,Command and Control,Web Service: Dead Drop Resolver,T1102.001,CVE-2026-7734,CAMP-DEFENSE-023
THR-2026-0093,2026-08-02 01:45:24,Unauthenticated Deserialization Scan #93,VULNERABILITY EXPOSURE,CVE ID,CVE-2026-9956,Security Vendor,A – Highly Reliable,62,HIGH,77,UNDER_REVIEW,2026-07-28 22:16:54,2026-08-02 01:45:24,NL,Synthetic telemetry record analyzing vulnerability exposure activity linked to defensive indicator CVE-2026-9956.,Privilege Escalation,Exploitation for Privilege Escalation,T1068,CVE-2026-9956,
THR-2026-0094,2026-09-17 09:17:25,Port 445 Scanning in Perimeter #94,NETWORK THREATS,FILE HASH,ce3af30cc6586e9f859e97d9fc7b656d6b10abeb40a0d9dcf9872b849e2b083f,Security Vendor,A – Highly Reliable,84,HIGH,77,CLOSED,2026-09-15 21:47:42,2026-09-17 09:17:25,IN,Synthetic telemetry record analyzing network threats activity linked to defensive indicator ce3af30cc6586e9f859e97d9fc7b656d6b10abeb40a0d9dcf9872b849e2b083f.,Discovery,Network Sniffing,T1040,,CAMP-DEFENSE-011
THR-2026-0095,2026-07-20 14:00:26,Legacy WebDAV Exploit Sweep #95,VULNERABILITY EXPOSURE,DOMAIN,service.session-manager.invalid,Community Submission,C – Fairly Reliable,68,MEDIUM,54,MONITORING,2026-07-19 18:08:33,2026-07-20 14:00:26,NL,Synthetic telemetry record analyzing vulnerability exposure activity linked to defensive indicator service.session-manager.invalid.,Initial Access,Exploit Public-Facing Application,T1190,CVE-2026-8845,
THR-2026-0096,2026-08-29 05:56:46,Sensitive API Endpoint Exposure #96,DATA EXPOSURE,DOMAIN,service.invoice-verify.invalid,Security Vendor,A – Highly Reliable,94,CRITICAL,95,NEW,2026-08-24 12:17:26,2026-08-29 05:56:46,Global,Synthetic telemetry record analyzing data exposure activity linked to defensive indicator service.invoice-verify.invalid.,Exfiltration,Exfiltration Over Alternative Protocol,T1048,,
THR-2026-0097,2026-07-14 17:36:19,OAuth High-Privilege Consent Grant #97,ACCOUNT SECURITY,DOMAIN,sub16.client-token.example.org,Research Report,B – Usually Reliable,37,LOW,37,NEW,2026-07-11 23:03:37,2026-07-14 17:36:19,DE,Synthetic telemetry record analyzing account security activity linked to defensive indicator sub16.client-token.example.org.,Persistence,Account Manipulation: Additional Credentials,T1098.001,,
THR-2026-0098,2026-08-25 00:25:06,Kerberoasting Probe Telemetry #98,CREDENTIAL THREATS,FILE HASH,54f8aa3a388f7f45d9d4c03ad19fa4226b8984072fbe4d622da31b17be831916,Internal SOC,A – Highly Reliable,50,MEDIUM,53,MONITORING,2026-08-23 00:50:38,2026-08-25 00:25:06,GB,Synthetic telemetry record analyzing credential threats activity linked to defensive indicator 54f8aa3a388f7f45d9d4c03ad19fa4226b8984072fbe4d622da31b17be831916.,Credential Access,Brute Force: Password Spraying,T1110.003,,CAMP-DEFENSE-023
THR-2026-0099,2026-08-06 23:55:28,Fake Invoice Redirector #99,PHISHING,URL,https://invoice-verify.invalid/auth/login-redirect?session_id=8685,Research Report,B – Usually Reliable,29,INFORMATIONAL,11,MONITORING,2026-08-02 11:13:18,2026-08-06 23:55:28,JP,Synthetic telemetry record analyzing phishing activity linked to defensive indicator https://invoice-verify.invalid/auth/login-redirect?session_id=8685.,Initial Access,Phishing: Spearphishing Voice,T1566.004,,
THR-2026-0100,2026-07-21 22:40:59,Generic Modular Loader Simulation #00,MALWARE,IP ADDRESS,192.0.2.108,Unknown Source,D – Reliability Unknown,68,LOW,36,UNDER_REVIEW,2026-07-19 15:49:46,2026-07-21 22:40:59,IN,Synthetic telemetry record analyzing malware activity linked to defensive indicator 192.0.2.108.,Command and Control,Application Layer Protocol,T1071,,CAMP-DEFENSE-005
THR-2026-0101,2026-09-23 14:52:45,DNS Tunneling Exfiltration Signature #01,NETWORK THREATS,DOMAIN,sub33.client-token.example.org,Unknown Source,D – Reliability Unknown,44,INFORMATIONAL,5,UNDER_REVIEW,2026-09-18 17:55:14,2026-09-23 14:52:45,SG,Synthetic telemetry record analyzing network threats activity linked to defensive indicator sub33.client-token.example.org.,Discovery,Network Service Scanning,T1046,,
THR-2026-0102,2026-09-27 07:56:28,InfoStealer Demo Artifact #02,MALWARE,URL,https://telemetry-sync.example.net/download/security-patch.bin?session_id=6447,Security Vendor,A – Highly Reliable,86,HIGH,66,NEW,2026-09-24 14:25:10,2026-09-27 07:56:28,DE,Synthetic telemetry record analyzing malware activity linked to defensive indicator https://telemetry-sync.example.net/download/security-patch.bin?session_id=6447.,Defense Evasion,Obfuscated Files or Information,T1027,,
THR-2026-0103,2026-07-22 04:42:09,Watering Hole Redirector Demo #03,SOCIAL ENGINEERING,IP ADDRESS,198.51.100.52,Internal SOC,A – Highly Reliable,62,LOW,30,NEW,2026-07-17 18:24:28,2026-07-22 04:42:09,Global,Synthetic telemetry record analyzing social engineering activity linked to defensive indicator 198.51.100.52.,Initial Access,Trusted Relationship,T1199,,CAMP-DEFENSE-021
THR-2026-0104,2026-09-20 03:01:57,Corporate SSO Impersonation Portal #04,PHISHING,CVE ID,CVE-2026-3390,Public Threat Feed,B – Usually Reliable,88,HIGH,75,UNDER_REVIEW,2026-09-18 06:52:13,2026-09-20 03:01:57,Global,Synthetic telemetry record analyzing phishing activity linked to defensive indicator CVE-2026-3390.,Initial Access,Phishing: Spearphishing Attachment,T1566.001,CVE-2026-3390,
THR-2026-0105,2026-08-23 14:31:19,Memory Injection Testing Stub #05,MALWARE,CVE ID,CVE-2026-6623,Internal SOC,A – Highly Reliable,50,LOW,30,UNDER_REVIEW,2026-08-18 15:06:36,2026-08-23 14:31:19,GB,Synthetic telemetry record analyzing malware activity linked to defensive indicator CVE-2026-6623.,,,,CVE-2026-6623,
THR-2026-0106,2026-07-03 13:59:24,Executive Pretexting Call Campaign #06,SOCIAL ENGINEERING,URL,https://invoice-verify.invalid/verify-account/prompt?session_id=6776,Community Submission,C – Fairly Reliable,72,CRITICAL,82,MONITORING,2026-07-02 05:02:37,2026-07-03 13:59:24,GB,Synthetic telemetry record analyzing social engineering activity linked to defensive indicator https://invoice-verify.invalid/verify-account/prompt?session_id=6776.,Execution,User Execution: Malicious Link,T1204.001,,
THR-2026-0107,2026-09-19 23:14:45,Dormant Administrator Account Activation #07,ACCOUNT SECURITY,CVE ID,CVE-2026-1188,Internal SOC,A – Highly Reliable,69,MEDIUM,52,CLOSED,2026-09-18 18:55:35,2026-09-19 23:14:45,CA,Synthetic telemetry record analyzing account security activity linked to defensive indicator CVE-2026-1188.,Persistence,Account Manipulation: Additional Credentials,T1098.001,CVE-2026-1188,CAMP-DEFENSE-015
THR-2026-0108,2026-09-03 01:16:55,Encrypted Payload Delivery Simulation #08,MALWARE,EMAIL/SENDER DOMAIN,hr-notices@example.net,Research Report,B – Usually Reliable,93,CRITICAL,81,UNDER_REVIEW,2026-09-01 15:50:21,2026-09-03 01:16:55,CH,Synthetic telemetry record analyzing malware activity linked to defensive indicator hr-notices@example.net.,Command and Control,Application Layer Protocol,T1071,,
THR-2026-0109,2026-09-13 07:41:42,Watering Hole Redirector Demo #09,SOCIAL ENGINEERING,DOMAIN,sub46.session-manager.invalid,Research Report,B – Usually Reliable,65,INFORMATIONAL,10,FALSE_POSITIVE,2026-09-12 15:24:28,2026-09-13 07:41:42,CH,Synthetic telemetry record analyzing social engineering activity linked to defensive indicator sub46.session-manager.invalid.,Initial Access,Replication Through Removable Media,T1091,,
THR-2026-0110,2026-07-16 18:42:04,Memory Injection Testing Stub #10,MALWARE,EMAIL/SENDER DOMAIN,payroll-alert@example.net,Public Threat Feed,B – Usually Reliable,95,CRITICAL,86,NEW,2026-07-13 05:17:02,2026-07-16 18:42:04,US,Synthetic telemetry record analyzing malware activity linked to defensive indicator payroll-alert@example.net.,Execution,User Execution: Malicious File,T1204.002,,CAMP-DEFENSE-005
THR-2026-0111,2026-07-21 01:37:10,DNS Tunneling Exfiltration Signature #11,NETWORK THREATS,EMAIL/SENDER DOMAIN,payroll-alert@example.net,Research Report,B – Usually Reliable,49,MEDIUM,43,MONITORING,2026-07-18 07:25:18,2026-07-21 01:37:10,GB,Synthetic telemetry record analyzing network threats activity linked to defensive indicator payroll-alert@example.net.,Discovery,Network Sniffing,T1040,,
THR-2026-0112,2026-08-20 10:31:05,DNS Tunneling Exfiltration Signature #12,NETWORK THREATS,CVE ID,CVE-2026-7734,Research Report,B – Usually Reliable,70,LOW,38,CLOSED,2026-08-17 20:26:06,2026-08-20 10:31:05,FR,Synthetic telemetry record analyzing network threats activity linked to defensive indicator CVE-2026-7734.,Discovery,Network Service Scanning,T1046,CVE-2026-7734,
THR-2026-0113,2026-09-11 01:07:31,ShadowLocker Ransomware Activity #13,RANSOMWARE,URL,https://update-service.example.org/auth/login-redirect?session_id=6286,Unknown Source,D – Reliability Unknown,50,MEDIUM,50,UNDER_REVIEW,2026-09-06 07:25:38,2026-09-11 01:07:31,FR,Synthetic telemetry record analyzing ransomware activity linked to defensive indicator https://update-service.example.org/auth/login-redirect?session_id=6286.,Impact,Inhibit System Recovery,T1490,,CAMP-DEFENSE-021
THR-2026-0114,2026-08-03 02:19:04,Admin Share Lateral Probe #14,RANSOMWARE,EMAIL/SENDER DOMAIN,payroll-alert@example.org,Security Vendor,A – Highly Reliable,47,MEDIUM,59,MONITORING,2026-07-30 11:50:31,2026-08-03 02:19:04,BR,Synthetic telemetry record analyzing ransomware activity linked to defensive indicator payroll-alert@example.org.,Impact,Data Encrypted for Impact,T1486,,
THR-2026-0115,2026-07-13 09:30:01,Kerberoasting Probe Telemetry #15,CREDENTIAL THREATS,EMAIL/SENDER DOMAIN,security-admin@example.com,Research Report,B – Usually Reliable,75,MEDIUM,50,MONITORING,2026-07-10 16:01:51,2026-07-13 09:30:01,CA,Synthetic telemetry record analyzing credential threats activity linked to defensive indicator security-admin@example.com.,Credential Access,Credentials in Files,T1552.001,,
THR-2026-0116,2026-08-07 18:40:11,Unauthenticated Deserialization Scan #16,VULNERABILITY EXPOSURE,FILE HASH,b3eef1b588d9e57930933e83c19a0961eefdc689dbc5d91a1828a94103113cfa,Public Threat Feed,B – Usually Reliable,72,HIGH,72,NEW,2026-08-06 05:09:35,2026-08-07 18:40:11,CA,Synthetic telemetry record analyzing vulnerability exposure activity linked to defensive indicator b3eef1b588d9e57930933e83c19a0961eefdc689dbc5d91a1828a94103113cfa.,,,,CVE-2026-6623,
THR-2026-0117,2026-09-26 18:24:50,InfoStealer Demo Artifact #17,MALWARE,URL,https://invoice-verify.invalid/invoice/preview-doc.pdf?session_id=3308,Internal SOC,A – Highly Reliable,67,HIGH,74,MONITORING,2026-09-22 00:58:04,2026-09-26 18:24:50,Global,Synthetic telemetry record analyzing malware activity linked to defensive indicator https://invoice-verify.invalid/invoice/preview-doc.pdf?session_id=3308.,Execution,User Execution: Malicious File,T1204.002,,
THR-2026-0118,2026-08-17 11:28:33,VSS Shadow Copy Invalidation Stub #18,RANSOMWARE,FILE HASH,527eb15670fe3c51ef16c27c0121d12995406f62b995d44a0c21bfc244ddc263,Research Report,B – Usually Reliable,52,INFORMATIONAL,17,NEW,2026-08-15 22:27:04,2026-08-17 11:28:33,IN,Synthetic telemetry record analyzing ransomware activity linked to defensive indicator 527eb15670fe3c51ef16c27c0121d12995406f62b995d44a0c21bfc244ddc263.,Impact,Data Encrypted for Impact,T1486,,
THR-2026-0119,2026-09-19 06:37:19,QR Code Phishing (Quishing) Test #19,SOCIAL ENGINEERING,URL,https://security-alert.example.net/verify-account/prompt?session_id=2761,Research Report,B – Usually Reliable,68,MEDIUM,53,UNDER_REVIEW,2026-09-17 22:53:06,2026-09-19 06:37:19,FR,Synthetic telemetry record analyzing social engineering activity linked to defensive indicator https://security-alert.example.net/verify-account/prompt?session_id=2761.,,,,CVE-2026-9956,CAMP-DEFENSE-018
THR-2026-0120,2026-07-05 15:45:40,Executive Pretexting Call Campaign #20,SOCIAL ENGINEERING,EMAIL/SENDER DOMAIN,support-desk@example.com,Security Vendor,A – Highly Reliable,77,HIGH,71,UNDER_REVIEW,2026-07-03 16:29:34,2026-07-05 15:45:40,US,Synthetic telemetry record analyzing social engineering activity linked to defensive indicator support-desk@example.com.,Initial Access,Replication Through Removable Media,T1091,,
THR-2026-0121,2026-08-15 15:05:15,Admin Share Lateral Probe #21,RANSOMWARE,CVE ID,CVE-2026-3390,Research Report,B – Usually Reliable,70,HIGH,65,MONITORING,2026-08-14 21:12:53,2026-08-15 15:05:15,IN,Synthetic telemetry record analyzing ransomware activity linked to defensive indicator CVE-2026-3390.,Infiltration,Lateral Movement: SMB/Windows Admin Shares,T1021.002,CVE-2026-3390,
THR-2026-0122,2026-08-11 17:02:04,DNS Tunneling Exfiltration Signature #22,NETWORK THREATS,EMAIL/SENDER DOMAIN,payroll-alert@corporate-demo.invalid,Unknown Source,D – Reliability Unknown,63,INFORMATIONAL,15,CLOSED,2026-08-09 08:02:51,2026-08-11 17:02:04,IN,Synthetic telemetry record analyzing network threats activity linked to defensive indicator payroll-alert@corporate-demo.invalid.,,,,,CAMP-DEFENSE-024
THR-2026-0123,2026-08-19 02:59:01,Fake IT Helpdesk Remote Access Lure #23,SOCIAL ENGINEERING,URL,https://client-token.example.org/invoice/preview-doc.pdf?session_id=1841,Community Submission,C – Fairly Reliable,64,HIGH,73,UNDER_REVIEW,2026-08-16 12:04:32,2026-08-19 02:59:01,AU,Synthetic telemetry record analyzing social engineering activity linked to defensive indicator https://client-token.example.org/invoice/preview-doc.pdf?session_id=1841.,Initial Access,Replication Through Removable Media,T1091,CVE-2026-2189,CAMP-DEFENSE-015
THR-2026-0124,2026-07-10 13:29:02,Compromised Service Account Pattern #24,CREDENTIAL THREATS,FILE HASH,3326b262720fc72ef0bcbeb8f6ba59d32db528d1f5e9b5900ada261a53d47297,Community Submission,C – Fairly Reliable,82,HIGH,62,UNDER_REVIEW,2026-07-06 04:44:45,2026-07-10 13:29:02,SG,Synthetic telemetry record analyzing credential threats activity linked to defensive indicator 3326b262720fc72ef0bcbeb8f6ba59d32db528d1f5e9b5900ada261a53d47297.,,,,,CAMP-DEFENSE-022
THR-2026-0125,2026-08-13 04:57:39,Extortion Double-Dip Campaign #25,RANSOMWARE,FILE HASH,5136ff24d94421901ec311eb890178d5b143440450b8d0196d194b5263168152,Public Threat Feed,B – Usually Reliable,79,HIGH,69,MONITORING,2026-08-09 19:51:24,2026-08-13 04:57:39,CH,Synthetic telemetry record analyzing ransomware activity linked to defensive indicator 5136ff24d94421901ec311eb890178d5b143440450b8d0196d194b5263168152.,Impact,Data Encrypted for Impact,T1486,,CAMP-DEFENSE-010
THR-2026-0126,2026-09-20 08:38:39,QR Code Phishing (Quishing) Test #26,SOCIAL ENGINEERING,URL,https://invoice-verify.invalid/api/v1/health-check?session_id=5480,Public Threat Feed,B – Usually Reliable,67,MEDIUM,53,NEW,2026-09-16 23:26:59,2026-09-20 08:38:39,BR,Synthetic telemetry record analyzing social engineering activity linked to defensive indicator https://invoice-verify.invalid/api/v1/health-check?session_id=5480.,Initial Access,Replication Through Removable Media,T1091,,CAMP-DEFENSE-023
THR-2026-0127,2026-09-13 03:37:05,SQLi Pattern on Public Gateway #27,WEB THREATS,CVE ID,CVE-2026-1188,Security Vendor,A – Highly Reliable,74,CRITICAL,89,MONITORING,2026-09-10 10:59:19,2026-09-13 03:37:05,BR,Synthetic telemetry record analyzing web threats activity linked to defensive indicator CVE-2026-1188.,,,,CVE-2026-1188,CAMP-DEFENSE-002
THR-2026-0128,2026-07-28 19:49:41,Compromised Service Account Pattern #28,CREDENTIAL THREATS,IP ADDRESS,192.0.2.106,Public Threat Feed,B – Usually Reliable,90,HIGH,61,CLOSED,2026-07-28 07:45:46,2026-07-28 19:49:41,BR,Synthetic telemetry record analyzing credential threats activity linked to defensive indicator 192.0.2.106.,Credential Access,Brute Force: Password Spraying,T1110.003,,
THR-2026-0129,2026-08-03 16:12:00,Compromised Service Account Pattern #29,CREDENTIAL THREATS,URL,https://cdn-cache.example.com/session/token-exchange?session_id=1969,Internal SOC,A – Highly Reliable,89,HIGH,62,FALSE_POSITIVE,2026-08-02 12:20:01,2026-08-03 16:12:00,Global,Synthetic telemetry record analyzing credential threats activity linked to defensive indicator https://cdn-cache.example.com/session/token-exchange?session_id=1969.,Credential Access,OS Credential Dumping,T1003,,CAMP-DEFENSE-002
THR-2026-0130,2026-09-04 11:47:20,QR Code Phishing (Quishing) Test #30,SOCIAL ENGINEERING,DOMAIN,sub47.login-check.invalid,Internal SOC,A – Highly Reliable,79,CRITICAL,91,CLOSED,2026-09-01 11:27:18,2026-09-04 11:47:20,JP,Synthetic telemetry record analyzing social engineering activity linked to defensive indicator sub47.login-check.invalid.,Initial Access,Trusted Relationship,T1199,,
THR-2026-0131,2026-08-21 01:26:46,Compromised Service Account Pattern #31,CREDENTIAL THREATS,IP ADDRESS,198.51.100.42,Unknown Source,D – Reliability Unknown,80,LOW,31,CLOSED,2026-08-19 18:34:27,2026-08-21 01:26:46,FR,Synthetic telemetry record analyzing credential threats activity linked to defensive indicator 198.51.100.42.,Credential Access,Credentials in Files,T1552.001,,CAMP-DEFENSE-021
THR-2026-0132,2026-09-14 16:54:57,DNS Tunneling Exfiltration Signature #32,NETWORK THREATS,IP ADDRESS,198.51.100.172,Internal SOC,A – Highly Reliable,30,LOW,28,UNDER_REVIEW,2026-09-14 00:02:33,2026-09-14 16:54:57,JP,Synthetic telemetry record analyzing network threats activity linked to defensive indicator 198.51.100.172.,Discovery,Network Service Scanning,T1046,,CAMP-DEFENSE-011
THR-2026-0133,2026-08-02 06:47:04,Anomalous SSH Bastion Brute Force #33,NETWORK THREATS,CVE ID,CVE-2026-2189,Internal SOC,A – Highly Reliable,75,LOW,37,CLOSED,2026-07-30 22:56:14,2026-08-02 06:47:04,IN,Synthetic telemetry record analyzing network threats activity linked to defensive indicator CVE-2026-2189.,Discovery,Network Sniffing,T1040,CVE-2026-2189,
THR-2026-0134,2026-07-26 02:17:14,Password Spraying against ADFS Demo #34,CREDENTIAL THREATS,DOMAIN,sub71.update-service.example.org,Research Report,B – Usually Reliable,75,MEDIUM,58,MONITORING,2026-07-23 01:35:55,2026-07-26 02:17:14,FR,Synthetic telemetry record analyzing credential threats activity linked to defensive indicator sub71.update-service.example.org.,Credential Access,Credentials in Files,T1552.001,,
THR-2026-0135,2026-09-21 05:29:53,Fake IT Helpdesk Remote Access Lure #35,SOCIAL ENGINEERING,EMAIL/SENDER DOMAIN,support-desk@example.com,Community Submission,C – Fairly Reliable,88,CRITICAL,87,NEW,2026-09-17 02:02:43,2026-09-21 05:29:53,CH,Synthetic telemetry record analyzing social engineering activity linked to defensive indicator support-desk@example.com.,Initial Access,Replication Through Removable Media,T1091,,
THR-2026-0136,2026-08-22 06:25:35,OAuth High-Privilege Consent Grant #36,ACCOUNT SECURITY,FILE HASH,108fb972ea8beebe629da5ea9d49229e37c77bb9ae6aeb61e6cbeaa0c7bcb4fc,Community Submission,C – Fairly Reliable,59,LOW,34,MONITORING,2026-08-21 23:45:00,2026-08-22 06:25:35,JP,Synthetic telemetry record analyzing account security activity linked to defensive indicator 108fb972ea8beebe629da5ea9d49229e37c77bb9ae6aeb61e6cbeaa0c7bcb4fc.,Persistence,Create Account: Local Account,T1136.001,,
THR-2026-0137,2026-09-24 18:01:53,Fake Invoice Redirector #37,PHISHING,CVE ID,CVE-2026-8845,Community Submission,C – Fairly Reliable,61,HIGH,78,NEW,2026-09-22 15:11:16,2026-09-24 18:01:53,Global,Synthetic telemetry record analyzing phishing activity linked to defensive indicator CVE-2026-8845.,Initial Access,Phishing: Spearphishing Link,T1566.002,CVE-2026-8845,CAMP-DEFENSE-014
THR-2026-0138,2026-09-24 02:27:09,Unauthenticated Deserialization Scan #38,VULNERABILITY EXPOSURE,URL,https://doc-share.example.org/secure/portal/auth?session_id=7184,Research Report,B – Usually Reliable,80,HIGH,65,UNDER_REVIEW,2026-09-19 06:45:19,2026-09-24 02:27:09,CH,Synthetic telemetry record analyzing vulnerability exposure activity linked to defensive indicator https://doc-share.example.org/secure/portal/auth?session_id=7184.,Initial Access,Exploit Public-Facing Application,T1190,CVE-2026-3390,
THR-2026-0139,2026-08-20 16:37:22,Password Spraying against ADFS Demo #39,CREDENTIAL THREATS,IP ADDRESS,192.0.2.251,Public Threat Feed,B – Usually Reliable,59,MEDIUM,53,MONITORING,2026-08-17 02:19:53,2026-08-20 16:37:22,Global,Synthetic telemetry record analyzing credential threats activity linked to defensive indicator 192.0.2.251.,Credential Access,OS Credential Dumping,T1003,,CAMP-DEFENSE-024
THR-2026-0140,2026-09-25 06:24:47,Edge Gateway Remote Buffer Trigger #40,VULNERABILITY EXPOSURE,EMAIL/SENDER DOMAIN,billing-verify@example.org,Security Vendor,A – Highly Reliable,60,MEDIUM,42,MONITORING,2026-09-22 07:08:23,2026-09-25 06:24:47,GB,Synthetic telemetry record analyzing vulnerability exposure activity linked to defensive indicator billing-verify@example.org.,Privilege Escalation,Exploitation for Privilege Escalation,T1068,CVE-2026-8845,CAMP-DEFENSE-007
THR-2026-0141,2026-09-04 04:30:46,Sensitive API Endpoint Exposure #41,DATA EXPOSURE,URL,https://telemetry-sync.example.net/api/v1/health-check?session_id=6253,Security Vendor,A – Highly Reliable,71,MEDIUM,48,MONITORING,2026-09-03 11:19:18,2026-09-04 04:30:46,BR,Synthetic telemetry record analyzing data exposure activity linked to defensive indicator https://telemetry-sync.example.net/api/v1/health-check?session_id=6253.,Exfiltration,Exfiltration Over Web Service,T1567,,
THR-2026-0142,2026-07-08 16:01:59,Legacy WebDAV Exploit Sweep #42,VULNERABILITY EXPOSURE,EMAIL/SENDER DOMAIN,security-admin@example.com,Public Threat Feed,B – Usually Reliable,82,HIGH,71,MONITORING,2026-07-05 07:28:19,2026-07-08 16:01:59,NL,Synthetic telemetry record analyzing vulnerability exposure activity linked to defensive indicator security-admin@example.com.,Initial Access,Exploit Public-Facing Application,T1190,CVE-2026-5512,
THR-2026-0143,2026-08-11 18:11:45,Password Spraying against ADFS Demo #43,CREDENTIAL THREATS,URL,https://session-manager.invalid/auth/login-redirect?session_id=8586,Internal SOC,A – Highly Reliable,69,MEDIUM,45,CLOSED,2026-08-06 22:03:42,2026-08-11 18:11:45,FR,Synthetic telemetry record analyzing credential threats activity linked to defensive indicator https://session-manager.invalid/auth/login-redirect?session_id=8586.,Credential Access,Brute Force: Password Spraying,T1110.003,,CAMP-DEFENSE-015
THR-2026-0144,2026-08-07 22:19:04,Kerberoasting Probe Telemetry #44,CREDENTIAL THREATS,IP ADDRESS,198.51.100.97,Unknown Source,D – Reliability Unknown,50,INFORMATIONAL,11,NEW,2026-08-07 17:34:19,2026-08-07 22:19:04,CH,Synthetic telemetry record analyzing credential threats activity linked to defensive indicator 198.51.100.97.,Credential Access,OS Credential Dumping,T1003,,
THR-2026-0145,2026-07-30 18:43:00,Encrypted Payload Delivery Simulation #45,MALWARE,CVE ID,CVE-2026-7734,Security Vendor,A – Highly Reliable,80,MEDIUM,48,MONITORING,2026-07-27 06:15:52,2026-07-30 18:43:00,JP,Synthetic telemetry record analyzing malware activity linked to defensive indicator CVE-2026-7734.,Defense Evasion,Obfuscated Files or Information,T1027,CVE-2026-7734,
THR-2026-0146,2026-07-21 03:26:34,Port 445 Scanning in Perimeter #46,NETWORK THREATS,EMAIL/SENDER DOMAIN,security-admin@corporate-demo.invalid,Internal SOC,A – Highly Reliable,89,HIGH,71,NEW,2026-07-17 12:45:11,2026-07-21 03:26:34,US,Synthetic telemetry record analyzing network threats activity linked to defensive indicator security-admin@corporate-demo.invalid.,Command and Control,Protocol Tunneling,T1572,,
THR-2026-0147,2026-09-17 14:45:25,Server-Side Request Forgery Pattern #47,WEB THREATS,EMAIL/SENDER DOMAIN,payroll-alert@corporate-demo.invalid,Public Threat Feed,B – Usually Reliable,76,MEDIUM,48,UNDER_REVIEW,2026-09-15 23:10:23,2026-09-17 14:45:25,CA,Synthetic telemetry record analyzing web threats activity linked to defensive indicator payroll-alert@corporate-demo.invalid.,Command and Control,Web Service: Dead Drop Resolver,T1102.001,,
THR-2026-0148,2026-09-18 17:37:31,ShadowLocker Ransomware Activity #48,RANSOMWARE,CVE ID,CVE-2026-1042,Security Vendor,A – Highly Reliable,71,LOW,38,NEW,2026-09-16 00:02:23,2026-09-18 17:37:31,Global,Synthetic telemetry record analyzing ransomware activity linked to defensive indicator CVE-2026-1042.,Impact,Inhibit System Recovery,T1490,CVE-2026-1042,
THR-2026-0149,2026-09-10 12:15:33,Urgent Security Notification Lure #49,PHISHING,FILE HASH,6c324491ea69a02decda47b4f980ac764fd9d36487a6360b6d21fb667951cb09,Unknown Source,D – Reliability Unknown,43,INFORMATIONAL,19,CLOSED,2026-09-06 23:23:56,2026-09-10 12:15:33,US,Synthetic telemetry record analyzing phishing activity linked to defensive indicator 6c324491ea69a02decda47b4f980ac764fd9d36487a6360b6d21fb667951cb09.,,,,,
THR-2026-0150,2026-09-29 19:30:41,Spear-Phishing Credential Harvester #50,PHISHING,EMAIL/SENDER DOMAIN,payroll-alert@corporate-demo.invalid,Internal SOC,A – Highly Reliable,46,MEDIUM,50,CLOSED,2026-09-26 04:50:54,2026-09-29 19:30:41,DE,Synthetic telemetry record analyzing phishing activity linked to defensive indicator payroll-alert@corporate-demo.invalid.,Initial Access,Phishing: Spearphishing Voice,T1566.004,,
THR-2026-0151,2026-09-08 14:58:56,Misconfigured Cloud Bucket Scraping #51,DATA EXPOSURE,DOMAIN,service.support-desk.invalid,Community Submission,C – Fairly Reliable,71,HIGH,63,NEW,2026-09-06 20:26:58,2026-09-08 14:58:56,BR,Synthetic telemetry record analyzing data exposure activity linked to defensive indicator service.support-desk.invalid.,Exfiltration,Exfiltration Over Alternative Protocol,T1048,,
THR-2026-0152,2026-08-12 15:05:28,Spear-Phishing Credential Harvester #52,PHISHING,IP ADDRESS,198.51.100.98,Research Report,B – Usually Reliable,25,INFORMATIONAL,10,CLOSED,2026-08-12 08:21:27,2026-08-12 15:05:28,NL,Synthetic telemetry record analyzing phishing activity linked to defensive indicator 198.51.100.98.,Initial Access,Phishing: Spearphishing Attachment,T1566.001,,CAMP-DEFENSE-004
THR-2026-0153,2026-09-06 22:41:07,Kerberoasting Probe Telemetry #53,CREDENTIAL THREATS,CVE ID,CVE-2026-3390,Research Report,B – Usually Reliable,79,MEDIUM,49,UNDER_REVIEW,2026-09-02 07:47:10,2026-09-06 22:41:07,IN,Synthetic telemetry record analyzing credential threats activity linked to defensive indicator CVE-2026-3390.,Credential Access,Brute Force: Password Spraying,T1110.003,CVE-2026-3390,
THR-2026-0154,2026-09-04 09:52:48,ShadowLocker Ransomware Activity #54,RANSOMWARE,CVE ID,CVE-2026-3390,Internal SOC,A – Highly Reliable,79,MEDIUM,53,MONITORING,2026-09-01 14:12:18,2026-09-04 09:52:48,FR,Synthetic telemetry record analyzing ransomware activity linked to defensive indicator CVE-2026-3390.,Impact,Inhibit System Recovery,T1490,CVE-2026-3390,
THR-2026-0155,2026-07-17 22:04:32,Port 445 Scanning in Perimeter #55,NETWORK THREATS,IP ADDRESS,192.0.2.112,Security Vendor,A – Highly Reliable,72,HIGH,80,UNDER_REVIEW,2026-07-16 05:12:15,2026-07-17 22:04:32,SG,Synthetic telemetry record analyzing network threats activity linked to defensive indicator 192.0.2.112.,Command and Control,Protocol Tunneling,T1572,CVE-2026-5512,
THR-2026-0156,2026-08-09 15:30:57,Sensitive API Endpoint Exposure #56,DATA EXPOSURE,FILE HASH,8f2fca8e72bb937d26c24978879bf374a5716efadf64282df28950fe2f1507ed,Unknown Source,D – Reliability Unknown,85,HIGH,70,MONITORING,2026-08-07 17:54:25,2026-08-09 15:30:57,CH,Synthetic telemetry record analyzing data exposure activity linked to defensive indicator 8f2fca8e72bb937d26c24978879bf374a5716efadf64282df28950fe2f1507ed.,Exfiltration,Exfiltration Over Web Service,T1567,,CAMP-DEFENSE-023
THR-2026-0157,2026-07-08 13:04:08,Legacy WebDAV Exploit Sweep #57,VULNERABILITY EXPOSURE,URL,https://cdn-cache.example.com/download/security-patch.bin?session_id=2499,Internal SOC,A – Highly Reliable,64,HIGH,64,MONITORING,2026-07-06 07:42:02,2026-07-08 13:04:08,DE,Synthetic telemetry record analyzing vulnerability exposure activity linked to defensive indicator https://cdn-cache.example.com/download/security-patch.bin?session_id=2499.,,,,CVE-2026-7734,
THR-2026-0158,2026-08-08 15:40:32,Fake Invoice Redirector #58,PHISHING,IP ADDRESS,198.51.100.142,Internal SOC,A – Highly Reliable,69,HIGH,61,FALSE_POSITIVE,2026-08-04 17:32:34,2026-08-08 15:40:32,IN,Synthetic telemetry record analyzing phishing activity linked to defensive indicator 198.51.100.142.,Initial Access,Phishing: Spearphishing Link,T1566.002,,
THR-2026-0159,2026-09-04 05:52:45,Exfiltration via Public Cloud Storage #59,DATA EXPOSURE,DOMAIN,sub31.update-service.example.org,Public Threat Feed,B – Usually Reliable,37,INFORMATIONAL,18,CLOSED,2026-09-01 18:42:15,2026-09-04 05:52:45,IN,Synthetic telemetry record analyzing data exposure activity linked to defensive indicator sub31.update-service.example.org.,Exfiltration,Exfiltration Over Alternative Protocol,T1048,,
THR-2026-0160,2026-07-08 00:25:06,MFA Fatigue Authentication Surge #60,ACCOUNT SECURITY,DOMAIN,sub27.corp-portal-test.invalid,Internal SOC,A – Highly Reliable,73,MEDIUM,51,MONITORING,2026-07-06 08:33:08,2026-07-08 00:25:06,CA,Synthetic telemetry record analyzing account security activity linked to defensive indicator sub27.corp-portal-test.invalid.,Persistence,Create Account: Local Account,T1136.001,,CAMP-DEFENSE-011
THR-2026-0161,2026-07-30 20:09:32,Port 445 Scanning in Perimeter #61,NETWORK THREATS,DOMAIN,sub50.corp-portal-test.invalid,Unknown Source,D – Reliability Unknown,65,MEDIUM,48,NEW,2026-07-28 09:14:17,2026-07-30 20:09:32,BR,Synthetic telemetry record analyzing network threats activity linked to defensive indicator sub50.corp-portal-test.invalid.,Command and Control,Protocol Tunneling,T1572,,
THR-2026-0162,2026-09-12 11:15:45,Sensitive API Endpoint Exposure #62,DATA EXPOSURE,IP ADDRESS,203.0.113.119,Unknown Source,D – Reliability Unknown,86,HIGH,63,NEW,2026-09-08 11:32:25,2026-09-12 11:15:45,CH,Synthetic telemetry record analyzing data exposure activity linked to defensive indicator 203.0.113.119.,Exfiltration,Exfiltration Over Alternative Protocol,T1048,,CAMP-DEFENSE-010
THR-2026-0163,2026-08-19 05:36:11,Edge Gateway Remote Buffer Trigger #63,VULNERABILITY EXPOSURE,FILE HASH,bdb28894495d793c75118252370e12a08ff924afbcf1730cec3a3e1ad80357b6,Community Submission,C – Fairly Reliable,79,MEDIUM,54,CLOSED,2026-08-17 05:30:23,2026-08-19 05:36:11,DE,Synthetic telemetry record analyzing vulnerability exposure activity linked to defensive indicator bdb28894495d793c75118252370e12a08ff924afbcf1730cec3a3e1ad80357b6.,,,,CVE-2026-6623,
THR-2026-0164,2026-08-04 03:37:59,Kerberoasting Probe Telemetry #64,CREDENTIAL THREATS,CVE ID,CVE-2026-2189,Security Vendor,A – Highly Reliable,94,CRITICAL,93,NEW,2026-08-03 22:19:03,2026-08-04 03:37:59,CA,Synthetic telemetry record analyzing credential threats activity linked to defensive indicator CVE-2026-2189.,Credential Access,OS Credential Dumping,T1003,CVE-2026-2189,CAMP-DEFENSE-009
THR-2026-0165,2026-08-09 09:39:29,Port 445 Scanning in Perimeter #65,NETWORK THREATS,FILE HASH,d90721ae43b664a400877da22cb053c62941fad4b8e5bd88758e2bcf4a786372,Unknown Source,D – Reliability Unknown,60,LOW,21,NEW,2026-08-06 21:36:08,2026-08-09 09:39:29,SG,Synthetic telemetry record analyzing network threats activity linked to defensive indicator d90721ae43b664a400877da22cb053c62941fad4b8e5bd88758e2bcf4a786372.,,,,,
THR-2026-0166,2026-08-31 00:06:26,SQLi Pattern on Public Gateway #66,WEB THREATS,URL,https://invoice-verify.invalid/invoice/preview-doc.pdf?session_id=9537,Research Report,B – Usually Reliable,70,HIGH,75,MONITORING,2026-08-30 12:23:33,2026-08-31 00:06:26,CH,Synthetic telemetry record analyzing web threats activity linked to defensive indicator https://invoice-verify.invalid/invoice/preview-doc.pdf?session_id=9537.,,,,CVE-2026-2189,CAMP-DEFENSE-011
THR-2026-0167,2026-08-11 23:40:11,Kerberoasting Probe Telemetry #67,CREDENTIAL THREATS,EMAIL/SENDER DOMAIN,hr-notices@example.org,Public Threat Feed,B – Usually Reliable,70,LOW,33,MONITORING,2026-08-07 04:39:15,2026-08-11 23:40:11,CA,Synthetic telemetry record analyzing credential threats activity linked to defensive indicator hr-notices@example.org.,Credential Access,Credentials in Files,T1552.001,,
THR-2026-0168,2026-09-12 00:09:21,Impossible Travel Anomaly #68,ACCOUNT SECURITY,FILE HASH,be8b90b95ea6b37e1e5572ca510f45912a88e079d5d1c8d5c9e5c54e427e8e72,Unknown Source,D – Reliability Unknown,78,HIGH,63,NEW,2026-09-10 14:45:16,2026-09-12 00:09:21,JP,Synthetic telemetry record analyzing account security activity linked to defensive indicator be8b90b95ea6b37e1e5572ca510f45912a88e079d5d1c8d5c9e5c54e427e8e72.,,,,,CAMP-DEFENSE-011
THR-2026-0169,2026-08-27 00:38:49,Fake IT Helpdesk Remote Access Lure #69,SOCIAL ENGINEERING,EMAIL/SENDER DOMAIN,support-desk@corporate-demo.invalid,Community Submission,C – Fairly Reliable,84,MEDIUM,55,MONITORING,2026-08-26 10:56:21,2026-08-27 00:38:49,SG,Synthetic telemetry record analyzing social engineering activity linked to defensive indicator support-desk@corporate-demo.invalid.,Initial Access,Trusted Relationship,T1199,,CAMP-DEFENSE-020
THR-2026-0170,2026-07-30 23:26:28,InfoStealer Demo Artifact #70,MALWARE,DOMAIN,service.update-service.example.org,Public Threat Feed,B – Usually Reliable,81,MEDIUM,45,CLOSED,2026-07-28 10:08:32,2026-07-30 23:26:28,FR,Synthetic telemetry record analyzing malware activity linked to defensive indicator service.update-service.example.org.,Execution,User Execution: Malicious File,T1204.002,,
THR-2026-0171,2026-09-03 00:51:43,VSS Shadow Copy Invalidation Stub #71,RANSOMWARE,FILE HASH,8247c5bb8e0e20c71895d0851441432d31c8d5adec112d3f795e1d88c95fc757,Security Vendor,A – Highly Reliable,20,INFORMATIONAL,16,UNDER_REVIEW,2026-08-31 18:44:31,2026-09-03 00:51:43,AU,Synthetic telemetry record analyzing ransomware activity linked to defensive indicator 8247c5bb8e0e20c71895d0851441432d31c8d5adec112d3f795e1d88c95fc757.,Impact,Data Encrypted for Impact,T1486,,
THR-2026-0172,2026-08-18 09:10:54,QR Code Phishing (Quishing) Test #72,SOCIAL ENGINEERING,FILE HASH,46088880390b5774e6ebf5129dd82485b07506f03b115f30c18f315748ef7434,Research Report,B – Usually Reliable,38,INFORMATIONAL,12,UNDER_REVIEW,2026-08-17 23:15:41,2026-08-18 09:10:54,FR,Synthetic telemetry record analyzing social engineering activity linked to defensive indicator 46088880390b5774e6ebf5129dd82485b07506f03b115f30c18f315748ef7434.,,,,,CAMP-DEFENSE-025
THR-2026-0173,2026-07-23 15:12:58,Unencrypted Diagnostic Log Leak #73,DATA EXPOSURE,IP ADDRESS,203.0.113.30,Public Threat Feed,B – Usually Reliable,73,MEDIUM,42,MONITORING,2026-07-19 12:25:19,2026-07-23 15:12:58,US,Synthetic telemetry record analyzing data exposure activity linked to defensive indicator 203.0.113.30.,Exfiltration,Exfiltration Over Alternative Protocol,T1048,,
THR-2026-0174,2026-07-23 14:05:49,Fake IT Helpdesk Remote Access Lure #74,SOCIAL ENGINEERING,URL,https://cdn-cache.example.com/download/security-patch.bin?session_id=8193,Internal SOC,A – Highly Reliable,82,HIGH,79,MONITORING,2026-07-22 09:39:49,2026-07-23 14:05:49,NL,Synthetic telemetry record analyzing social engineering activity linked to defensive indicator https://cdn-cache.example.com/download/security-patch.bin?session_id=8193.,Initial Access,Trusted Relationship,T1199,,
THR-2026-0175,2026-08-13 21:09:10,Urgent Security Notification Lure #75,PHISHING,EMAIL/SENDER DOMAIN,support-desk@example.net,Community Submission,C – Fairly Reliable,78,HIGH,70,NEW,2026-08-12 06:18:52,2026-08-13 21:09:10,US,Synthetic telemetry record analyzing phishing activity linked to defensive indicator support-desk@example.net.,Initial Access,Phishing: Spearphishing Voice,T1566.004,,
THR-2026-0176,2026-07-15 10:56:54,Server-Side Request Forgery Pattern #76,WEB THREATS,CVE ID,CVE-2026-8845,Unknown Source,D – Reliability Unknown,84,HIGH,68,UNDER_REVIEW,2026-07-14 04:59:13,2026-07-15 10:56:54,AU,Synthetic telemetry record analyzing web threats activity linked to defensive indicator CVE-2026-8845.,Collection,Automated Collection: Web Scraping,T1119,CVE-2026-8845,CAMP-DEFENSE-021
THR-2026-0177,2026-08-26 02:24:33,Executive Pretexting Call Campaign #77,SOCIAL ENGINEERING,IP ADDRESS,203.0.113.204,Internal SOC,A – Highly Reliable,74,MEDIUM,52,CLOSED,2026-08-22 08:25:58,2026-08-26 02:24:33,CH,Synthetic telemetry record analyzing social engineering activity linked to defensive indicator 203.0.113.204.,Execution,User Execution: Malicious Link,T1204.001,,
THR-2026-0178,2026-07-21 18:50:43,QR Code Phishing (Quishing) Test #78,SOCIAL ENGINEERING,CVE ID,CVE-2026-6623,Internal SOC,A – Highly Reliable,85,CRITICAL,87,NEW,2026-07-19 19:07:09,2026-07-21 18:50:43,Global,Synthetic telemetry record analyzing social engineering activity linked to defensive indicator CVE-2026-6623.,Execution,User Execution: Malicious Link,T1204.001,CVE-2026-6623,
THR-2026-0179,2026-09-22 08:45:27,Anomalous SSH Bastion Brute Force #79,NETWORK THREATS,CVE ID,CVE-2026-7734,Internal SOC,A – Highly Reliable,55,MEDIUM,44,CLOSED,2026-09-18 10:41:26,2026-09-22 08:45:27,GB,Synthetic telemetry record analyzing network threats activity linked to defensive indicator CVE-2026-7734.,Discovery,Network Service Scanning,T1046,CVE-2026-7734,CAMP-DEFENSE-023
THR-2026-0180,2026-09-23 21:46:10,Cross-Site Scripting Injection Probe #80,WEB THREATS,IP ADDRESS,203.0.113.93,Public Threat Feed,B – Usually Reliable,70,MEDIUM,42,NEW,2026-09-20 14:01:42,2026-09-23 21:46:10,US,Synthetic telemetry record analyzing web threats activity linked to defensive indicator 203.0.113.93.,Command and Control,Web Service: Dead Drop Resolver,T1102.001,,CAMP-DEFENSE-021
THR-2026-0181,2026-09-10 23:34:14,Password Spraying against ADFS Demo #81,CREDENTIAL THREATS,FILE HASH,dbd02baf0910ec4ebedb38b846a87e3d8b9b7f906c1b846d7d0273df0f4ce5ec,Community Submission,C – Fairly Reliable,27,INFORMATIONAL,15,NEW,2026-09-07 13:58:21,2026-09-10 23:34:14,CH,Synthetic telemetry record analyzing credential threats activity linked to defensive indicator dbd02baf0910ec4ebedb38b846a87e3d8b9b7f906c1b846d7d0273df0f4ce5ec.,Credential Access,OS Credential Dumping,T1003,,
THR-2026-0182,2026-09-18 23:43:47,Encrypted Payload Delivery Simulation #82,MALWARE,IP ADDRESS,198.51.100.95,Public Threat Feed,B – Usually Reliable,80,HIGH,65,NEW,2026-09-15 02:54:52,2026-09-18 23:43:47,CH,Synthetic telemetry record analyzing malware activity linked to defensive indicator 198.51.100.95.,Execution,User Execution: Malicious File,T1204.002,CVE-2026-1188,CAMP-DEFENSE-021
THR-2026-0183,2026-08-06 22:21:15,Kerberoasting Probe Telemetry #83,CREDENTIAL THREATS,CVE ID,CVE-2026-7734,Research Report,B – Usually Reliable,38,LOW,24,UNDER_REVIEW,2026-08-04 17:16:05,2026-08-06 22:21:15,NL,Synthetic telemetry record analyzing credential threats activity linked to defensive indicator CVE-2026-7734.,Credential Access,Credentials in Files,T1552.001,CVE-2026-7734,
THR-2026-0184,2026-08-12 13:35:29,Cross-Site Scripting Injection Probe #84,WEB THREATS,CVE ID,CVE-2026-9956,Security Vendor,A – Highly Reliable,64,MEDIUM,41,UNDER_REVIEW,2026-08-09 13:35:25,2026-08-12 13:35:29,Global,Synthetic telemetry record analyzing web threats activity linked to defensive indicator CVE-2026-9956.,Command and Control,Web Service: Dead Drop Resolver,T1102.001,CVE-2026-9956,CAMP-DEFENSE-013
THR-2026-0185,2026-08-17 09:42:02,Kerberoasting Probe Telemetry #85,CREDENTIAL THREATS,FILE HASH,cbbb529737a30e76dc72323f14327dc9051b0c8b19f6f54db09406787abad2c6,Security Vendor,A – Highly Reliable,68,MEDIUM,41,UNDER_REVIEW,2026-08-14 10:25:44,2026-08-17 09:42:02,Global,Synthetic telemetry record analyzing credential threats activity linked to defensive indicator cbbb529737a30e76dc72323f14327dc9051b0c8b19f6f54db09406787abad2c6.,Credential Access,Brute Force: Password Spraying,T1110.003,,
THR-2026-0186,2026-09-30 01:50:21,Executive Pretexting Call Campaign #86,SOCIAL ENGINEERING,IP ADDRESS,192.0.2.151,Internal SOC,A – Highly Reliable,86,CRITICAL,93,MONITORING,2026-09-28 23:57:00,2026-09-30 01:50:21,BR,Synthetic telemetry record analyzing social engineering activity linked to defensive indicator 192.0.2.151.,Initial Access,Trusted Relationship,T1199,,
THR-2026-0187,2026-09-23 19:13:51,Misconfigured Cloud Bucket Scraping #87,DATA EXPOSURE,EMAIL/SENDER DOMAIN,payroll-alert@example.org,Public Threat Feed,B – Usually Reliable,87,CRITICAL,85,MONITORING,2026-09-23 09:44:54,2026-09-23 19:13:51,JP,Synthetic telemetry record analyzing data exposure activity linked to defensive indicator payroll-alert@example.org.,Collection,Data from Cloud Storage,T1530,,
THR-2026-0188,2026-09-09 08:06:37,Edge Gateway Remote Buffer Trigger #88,VULNERABILITY EXPOSURE,CVE ID,CVE-2026-3390,Internal SOC,A – Highly Reliable,68,LOW,40,NEW,2026-09-04 17:09:18,2026-09-09 08:06:37,GB,Synthetic telemetry record analyzing vulnerability exposure activity linked to defensive indicator CVE-2026-3390.,,,,CVE-2026-3390,CAMP-DEFENSE-023
THR-2026-0189,2026-09-19 21:44:04,Executive Pretexting Call Campaign #89,SOCIAL ENGINEERING,URL,https://security-alert.example.net/session/token-exchange?session_id=3735,Public Threat Feed,B – Usually Reliable,79,LOW,24,UNDER_REVIEW,2026-09-15 23:59:58,2026-09-19 21:44:04,CA,Synthetic telemetry record analyzing social engineering activity linked to defensive indicator https://security-alert.example.net/session/token-exchange?session_id=3735.,Execution,User Execution: Malicious Link,T1204.001,,CAMP-DEFENSE-003
THR-2026-0190,2026-07-16 01:26:43,Executive Pretexting Call Campaign #90,SOCIAL ENGINEERING,EMAIL/SENDER DOMAIN,support-desk@example.com,Research Report,B – Usually Reliable,66,LOW,24,NEW,2026-07-15 05:25:10,2026-07-16 01:26:43,NL,Synthetic telemetry record analyzing social engineering activity linked to defensive indicator support-desk@example.com.,Initial Access,Replication Through Removable Media,T1091,,
THR-2026-0191,2026-09-15 05:28:26,Spear-Phishing Credential Harvester #91,PHISHING,FILE HASH,040b91ac9f5137b7a73856abc7d5ac50ee2e3aa11806633bf1536df85dcf37f0,Security Vendor,A – Highly Reliable,34,INFORMATIONAL,18,MONITORING,2026-09-10 10:13:58,2026-09-15 05:28:26,FR,Synthetic telemetry record analyzing phishing activity linked to defensive indicator 040b91ac9f5137b7a73856abc7d5ac50ee2e3aa11806633bf1536df85dcf37f0.,Initial Access,Phishing: Spearphishing Attachment,T1566.001,,CAMP-DEFENSE-003
THR-2026-0192,2026-07-07 13:04:41,Corporate SSO Impersonation Portal #92,PHISHING,DOMAIN,service.security-alert.example.net,Internal SOC,A – Highly Reliable,64,MEDIUM,50,UNDER_REVIEW,2026-07-07 04:48:25,2026-07-07 13:04:41,CH,Synthetic telemetry record analyzing phishing activity linked to defensive indicator service.security-alert.example.net.,Initial Access,Phishing: Spearphishing Voice,T1566.004,,
THR-2026-0193,2026-07-27 11:14:13,Dormant Administrator Account Activation #93,ACCOUNT SECURITY,DOMAIN,sub85.invoice-verify.invalid,Security Vendor,A – Highly Reliable,60,HIGH,65,CLOSED,2026-07-24 17:38:59,2026-07-27 11:14:13,US,Synthetic telemetry record analyzing account security activity linked to defensive indicator sub85.invoice-verify.invalid.,Persistence,Account Manipulation: Additional Credentials,T1098.001,,CAMP-DEFENSE-023
THR-2026-0194,2026-09-12 20:52:21,Legacy WebDAV Exploit Sweep #94,VULNERABILITY EXPOSURE,CVE ID,CVE-2026-1042,Internal SOC,A – Highly Reliable,54,MEDIUM,42,CLOSED,2026-09-07 22:53:55,2026-09-12 20:52:21,CH,Synthetic telemetry record analyzing vulnerability exposure activity linked to defensive indicator CVE-2026-1042.,Initial Access,Exploit Public-Facing Application,T1190,CVE-2026-1042,
THR-2026-0195,2026-08-10 02:31:45,Anomalous SSH Bastion Brute Force #95,NETWORK THREATS,FILE HASH,f32bca4377d092f95c4ea45f1b07f0e69757554e7ce2ca51d4b762e836ce6415,Internal SOC,A – Highly Reliable,49,MEDIUM,53,NEW,2026-08-07 13:52:40,2026-08-10 02:31:45,SG,Synthetic telemetry record analyzing network threats activity linked to defensive indicator f32bca4377d092f95c4ea45f1b07f0e69757554e7ce2ca51d4b762e836ce6415.,Discovery,Network Service Scanning,T1046,,
THR-2026-0196,2026-08-21 14:43:46,Legacy WebDAV Exploit Sweep #96,VULNERABILITY EXPOSURE,CVE ID,CVE-2026-3390,Public Threat Feed,B – Usually Reliable,94,CRITICAL,85,UNDER_REVIEW,2026-08-20 10:41:46,2026-08-21 14:43:46,DE,Synthetic telemetry record analyzing vulnerability exposure activity linked to defensive indicator CVE-2026-3390.,Initial Access,Exploit Public-Facing Application,T1190,CVE-2026-3390,CAMP-DEFENSE-015
THR-2026-0197,2026-09-07 11:49:08,Sensitive API Endpoint Exposure #97,DATA EXPOSURE,URL,https://telemetry-sync.example.net/secure/portal/auth?session_id=6051,Research Report,B – Usually Reliable,75,LOW,30,NEW,2026-09-06 21:25:45,2026-09-07 11:49:08,SG,Synthetic telemetry record analyzing data exposure activity linked to defensive indicator https://telemetry-sync.example.net/secure/portal/auth?session_id=6051.,Exfiltration,Exfiltration Over Web Service,T1567,,
THR-2026-0198,2026-07-19 14:10:28,Unauthenticated Deserialization Scan #98,VULNERABILITY EXPOSURE,EMAIL/SENDER DOMAIN,billing-verify@example.net,Public Threat Feed,B – Usually Reliable,87,CRITICAL,95,CLOSED,2026-07-18 17:18:37,2026-07-19 14:10:28,DE,Synthetic telemetry record analyzing vulnerability exposure activity linked to defensive indicator billing-verify@example.net.,Initial Access,Exploit Public-Facing Application,T1190,CVE-2026-2189,
THR-2026-0199,2026-07-19 06:26:32,Fake Invoice Redirector #99,PHISHING,IP ADDRESS,192.0.2.34,Security Vendor,A – Highly Reliable,82,MEDIUM,43,UNDER_REVIEW,2026-07-17 09:46:24,2026-07-19 06:26:32,DE,Synthetic telemetry record analyzing phishing activity linked to defensive indicator 192.0.2.34.,Initial Access,Phishing: Spearphishing Link,T1566.002,CVE-2026-2189,CAMP-DEFENSE-021
THR-2026-0200,2026-09-26 18:20:38,Anomalous SSH Bastion Brute Force #00,NETWORK THREATS,IP ADDRESS,192.0.2.242,Research Report,B – Usually Reliable,76,MEDIUM,53,CLOSED,2026-09-22 03:26:53,2026-09-26 18:20:38,JP,Synthetic telemetry record analyzing network threats activity linked to defensive indicator 192.0.2.242.,,,,,CAMP-DEFENSE-007
THR-2026-0201,2026-09-09 05:17:41,Fake IT Helpdesk Remote Access Lure #01,SOCIAL ENGINEERING,DOMAIN,service.support-desk.invalid,Community Submission,C – Fairly Reliable,75,MEDIUM,58,MONITORING,2026-09-07 17:52:55,2026-09-09 05:17:41,BR,Synthetic telemetry record analyzing social engineering activity linked to defensive indicator service.support-desk.invalid.,,,,,CAMP-DEFENSE-007
THR-2026-0202,2026-08-30 00:46:46,Unencrypted Diagnostic Log Leak #02,DATA EXPOSURE,IP ADDRESS,198.51.100.201,Unknown Source,D – Reliability Unknown,77,MEDIUM,59,NEW,2026-08-27 07:26:15,2026-08-30 00:46:46,US,Synthetic telemetry record analyzing data exposure activity linked to defensive indicator 198.51.100.201.,Exfiltration,Exfiltration Over Alternative Protocol,T1048,,CAMP-DEFENSE-008
THR-2026-0203,2026-09-22 07:33:00,Fake IT Helpdesk Remote Access Lure #03,SOCIAL ENGINEERING,EMAIL/SENDER DOMAIN,support-desk@example.org,Security Vendor,A – Highly Reliable,78,LOW,22,UNDER_REVIEW,2026-09-19 00:43:35,2026-09-22 07:33:00,GB,Synthetic telemetry record analyzing social engineering activity linked to defensive indicator support-desk@example.org.,Initial Access,Replication Through Removable Media,T1091,,
THR-2026-0204,2026-09-28 18:44:29,Kerberoasting Probe Telemetry #04,CREDENTIAL THREATS,EMAIL/SENDER DOMAIN,support-desk@example.net,Community Submission,C – Fairly Reliable,88,CRITICAL,85,NEW,2026-09-25 06:40:27,2026-09-28 18:44:29,IN,Synthetic telemetry record analyzing credential threats activity linked to defensive indicator support-desk@example.net.,Credential Access,OS Credential Dumping,T1003,,CAMP-DEFENSE-002
THR-2026-0205,2026-09-01 11:51:02,Password Spraying against ADFS Demo #05,CREDENTIAL THREATS,IP ADDRESS,203.0.113.123,Internal SOC,A – Highly Reliable,82,HIGH,71,CLOSED,2026-08-29 10:09:16,2026-09-01 11:51:02,FR,Synthetic telemetry record analyzing credential threats activity linked to defensive indicator 203.0.113.123.,Credential Access,OS Credential Dumping,T1003,CVE-2026-3390,
THR-2026-0206,2026-08-26 18:03:46,Port 445 Scanning in Perimeter #06,NETWORK THREATS,IP ADDRESS,198.51.100.181,Unknown Source,D – Reliability Unknown,40,LOW,25,MONITORING,2026-08-26 05:56:20,2026-08-26 18:03:46,CH,Synthetic telemetry record analyzing network threats activity linked to defensive indicator 198.51.100.181.,Command and Control,Protocol Tunneling,T1572,,
THR-2026-0207,2026-09-11 05:56:36,Exfiltration via Public Cloud Storage #07,DATA EXPOSURE,CVE ID,CVE-2026-3390,Public Threat Feed,B – Usually Reliable,76,LOW,30,CLOSED,2026-09-08 07:16:09,2026-09-11 05:56:36,Global,Synthetic telemetry record analyzing data exposure activity linked to defensive indicator CVE-2026-3390.,Exfiltration,Exfiltration Over Web Service,T1567,CVE-2026-3390,
THR-2026-0208,2026-07-10 12:22:04,MFA Fatigue Authentication Surge #08,ACCOUNT SECURITY,IP ADDRESS,192.0.2.155,Public Threat Feed,B – Usually Reliable,36,LOW,39,FALSE_POSITIVE,2026-07-05 16:15:50,2026-07-10 12:22:04,BR,Synthetic telemetry record analyzing account security activity linked to defensive indicator 192.0.2.155.,Persistence,Account Manipulation: Additional Credentials,T1098.001,,CAMP-DEFENSE-012
THR-2026-0209,2026-09-30 07:00:46,InfoStealer Demo Artifact #09,MALWARE,CVE ID,CVE-2026-1042,Research Report,B – Usually Reliable,61,MEDIUM,52,MONITORING,2026-09-29 05:51:02,2026-09-30 07:00:46,AU,Synthetic telemetry record analyzing malware activity linked to defensive indicator CVE-2026-1042.,Command and Control,Application Layer Protocol,T1071,CVE-2026-1042,CAMP-DEFENSE-015
THR-2026-0210,2026-09-22 04:45:27,Fake IT Helpdesk Remote Access Lure #10,SOCIAL ENGINEERING,FILE HASH,91ba9611fec82db3d4c397a032f02fa889d869a6c80f0996ae27c9dbb2d76a50,Research Report,B – Usually Reliable,65,HIGH,68,NEW,2026-09-19 19:13:08,2026-09-22 04:45:27,AU,Synthetic telemetry record analyzing social engineering activity linked to defensive indicator 91ba9611fec82db3d4c397a032f02fa889d869a6c80f0996ae27c9dbb2d76a50.,Initial Access,Replication Through Removable Media,T1091,,CAMP-DEFENSE-004
THR-2026-0211,2026-07-08 15:29:55,ShadowLocker Ransomware Activity #11,RANSOMWARE,CVE ID,CVE-2026-3390,Community Submission,C – Fairly Reliable,60,LOW,40,UNDER_REVIEW,2026-07-03 18:08:01,2026-07-08 15:29:55,DE,Synthetic telemetry record analyzing ransomware activity linked to defensive indicator CVE-2026-3390.,Infiltration,Lateral Movement: SMB/Windows Admin Shares,T1021.002,CVE-2026-3390,
THR-2026-0212,2026-07-28 09:43:50,DNS Tunneling Exfiltration Signature #12,NETWORK THREATS,DOMAIN,sub62.session-manager.invalid,Community Submission,C – Fairly Reliable,49,LOW,30,UNDER_REVIEW,2026-07-24 18:08:01,2026-07-28 09:43:50,SG,Synthetic telemetry record analyzing network threats activity linked to defensive indicator sub62.session-manager.invalid.,Discovery,Network Service Scanning,T1046,,
THR-2026-0213,2026-08-06 02:54:13,Corporate SSO Impersonation Portal #13,PHISHING,FILE HASH,749da9838be5f451efeb2cc1a1866a1065c26594bebac3486c66dd4fb656c415,Unknown Source,D – Reliability Unknown,30,INFORMATIONAL,11,UNDER_REVIEW,2026-08-03 17:15:51,2026-08-06 02:54:13,DE,Synthetic telemetry record analyzing phishing activity linked to defensive indicator 749da9838be5f451efeb2cc1a1866a1065c26594bebac3486c66dd4fb656c415.,Initial Access,Phishing: Spearphishing Link,T1566.002,,CAMP-DEFENSE-013
THR-2026-0214,2026-08-29 02:34:44,Misconfigured Cloud Bucket Scraping #14,DATA EXPOSURE,FILE HASH,bc2a47d71ab9e74df7e33ba3a877f5e5acf2d2eaec217c572b9792bd94a04e3c,Research Report,B – Usually Reliable,46,LOW,35,MONITORING,2026-08-26 21:05:09,2026-08-29 02:34:44,BR,Synthetic telemetry record analyzing data exposure activity linked to defensive indicator bc2a47d71ab9e74df7e33ba3a877f5e5acf2d2eaec217c572b9792bd94a04e3c.,Exfiltration,Exfiltration Over Alternative Protocol,T1048,,CAMP-DEFENSE-023
THR-2026-0215,2026-09-25 20:01:17,Port 445 Scanning in Perimeter #15,NETWORK THREATS,EMAIL/SENDER DOMAIN,security-admin@example.org,Community Submission,C – Fairly Reliable,75,MEDIUM,58,NEW,2026-09-23 21:34:07,2026-09-25 20:01:17,DE,Synthetic telemetry record analyzing network threats activity linked to defensive indicator security-admin@example.org.,Discovery,Network Service Scanning,T1046,,CAMP-DEFENSE-023
THR-2026-0216,2026-09-19 23:20:27,Executive Pretexting Call Campaign #16,SOCIAL ENGINEERING,DOMAIN,sub31.telemetry-sync.example.net,Security Vendor,A – Highly Reliable,76,CRITICAL,94,UNDER_REVIEW,2026-09-17 20:32:09,2026-09-19 23:20:27,DE,Synthetic telemetry record analyzing social engineering activity linked to defensive indicator sub31.telemetry-sync.example.net.,Initial Access,Trusted Relationship,T1199,,
THR-2026-0217,2026-08-15 14:19:14,Edge Gateway Remote Buffer Trigger #17,VULNERABILITY EXPOSURE,EMAIL/SENDER DOMAIN,security-admin@example.net,Public Threat Feed,B – Usually Reliable,27,INFORMATIONAL,18,MONITORING,2026-08-11 00:15:40,2026-08-15 14:19:14,DE,Synthetic telemetry record analyzing vulnerability exposure activity linked to defensive indicator security-admin@example.net.,Initial Access,Exploit Public-Facing Application,T1190,CVE-2026-1188,
THR-2026-0218,2026-07-14 04:37:08,OAuth High-Privilege Consent Grant #18,ACCOUNT SECURITY,IP ADDRESS,198.51.100.223,Community Submission,C – Fairly Reliable,66,LOW,36,MONITORING,2026-07-09 19:16:18,2026-07-14 04:37:08,US,Synthetic telemetry record analyzing account security activity linked to defensive indicator 198.51.100.223.,Persistence,Account Manipulation: Additional Credentials,T1098.001,,
THR-2026-0219,2026-08-19 14:16:09,Public Facing API Auth Bypass #19,VULNERABILITY EXPOSURE,URL,https://session-manager.invalid/invoice/preview-doc.pdf?session_id=1807,Unknown Source,D – Reliability Unknown,64,MEDIUM,51,NEW,2026-08-18 06:02:20,2026-08-19 14:16:09,CH,Synthetic telemetry record analyzing vulnerability exposure activity linked to defensive indicator https://session-manager.invalid/invoice/preview-doc.pdf?session_id=1807.,Privilege Escalation,Exploitation for Privilege Escalation,T1068,CVE-2026-2189,
THR-2026-0220,2026-08-22 14:33:08,QR Code Phishing (Quishing) Test #20,SOCIAL ENGINEERING,URL,https://corp-portal-test.invalid/update/agent-installer?session_id=2462,Security Vendor,A – Highly Reliable,78,MEDIUM,56,MONITORING,2026-08-18 00:56:25,2026-08-22 14:33:08,GB,Synthetic telemetry record analyzing social engineering activity linked to defensive indicator https://corp-portal-test.invalid/update/agent-installer?session_id=2462.,Initial Access,Replication Through Removable Media,T1091,,CAMP-DEFENSE-010
THR-2026-0221,2026-07-14 15:18:37,Exfiltration via Public Cloud Storage #21,DATA EXPOSURE,EMAIL/SENDER DOMAIN,billing-verify@example.org,Security Vendor,A – Highly Reliable,49,INFORMATIONAL,6,CLOSED,2026-07-13 15:13:23,2026-07-14 15:18:37,BR,Synthetic telemetry record analyzing data exposure activity linked to defensive indicator billing-verify@example.org.,,,,,CAMP-DEFENSE-012
THR-2026-0222,2026-08-28 19:57:56,Generic Modular Loader Simulation #22,MALWARE,CVE ID,CVE-2026-3390,Security Vendor,A – Highly Reliable,67,LOW,36,UNDER_REVIEW,2026-08-25 20:40:49,2026-08-28 19:57:56,JP,Synthetic telemetry record analyzing malware activity linked to defensive indicator CVE-2026-3390.,Defense Evasion,Obfuscated Files or Information,T1027,CVE-2026-3390,
THR-2026-0223,2026-07-23 05:02:18,Spear-Phishing Credential Harvester #23,PHISHING,FILE HASH,60ec134137e16ca07967735ada163dc6b3110400f2607f95de537c83db79a0c7,Community Submission,C – Fairly Reliable,73,LOW,28,FALSE_POSITIVE,2026-07-22 03:19:12,2026-07-23 05:02:18,CA,Synthetic telemetry record analyzing phishing activity linked to defensive indicator 60ec134137e16ca07967735ada163dc6b3110400f2607f95de537c83db79a0c7.,Initial Access,Phishing: Spearphishing Voice,T1566.004,,CAMP-DEFENSE-025
THR-2026-0224,2026-07-21 07:39:14,Admin Share Lateral Probe #24,RANSOMWARE,CVE ID,CVE-2026-6623,Community Submission,C – Fairly Reliable,62,MEDIUM,50,NEW,2026-07-20 04:48:06,2026-07-21 07:39:14,BR,Synthetic telemetry record analyzing ransomware activity linked to defensive indicator CVE-2026-6623.,Infiltration,Lateral Movement: SMB/Windows Admin Shares,T1021.002,CVE-2026-6623,
THR-2026-0225,2026-08-16 07:57:28,Unencrypted Diagnostic Log Leak #25,DATA EXPOSURE,EMAIL/SENDER DOMAIN,security-admin@example.com,Internal SOC,A – Highly Reliable,77,HIGH,72,UNDER_REVIEW,2026-08-13 00:28:31,2026-08-16 07:57:28,JP,Synthetic telemetry record analyzing data exposure activity linked to defensive indicator security-admin@example.com.,Collection,Data from Cloud Storage,T1530,,
THR-2026-0226,2026-08-15 19:29:14,Anomalous SSH Bastion Brute Force #26,NETWORK THREATS,URL,https://corp-portal-test.invalid/session/token-exchange?session_id=4086,Security Vendor,A – Highly Reliable,62,INFORMATIONAL,17,FALSE_POSITIVE,2026-08-14 14:39:03,2026-08-15 19:29:14,AU,Synthetic telemetry record analyzing network threats activity linked to defensive indicator https://corp-portal-test.invalid/session/token-exchange?session_id=4086.,Discovery,Network Service Scanning,T1046,,
THR-2026-0227,2026-07-29 15:52:13,Unauthenticated Deserialization Scan #27,VULNERABILITY EXPOSURE,FILE HASH,d284e063c7532977f1eb25d13930bf975e47b02ab25dd333fa17c608cf6a22ce,Community Submission,C – Fairly Reliable,73,LOW,28,CLOSED,2026-07-26 19:13:31,2026-07-29 15:52:13,JP,Synthetic telemetry record analyzing vulnerability exposure activity linked to defensive indicator d284e063c7532977f1eb25d13930bf975e47b02ab25dd333fa17c608cf6a22ce.,Privilege Escalation,Exploitation for Privilege Escalation,T1068,CVE-2026-6623,
THR-2026-0228,2026-07-28 02:56:14,Encrypted Payload Delivery Simulation #28,MALWARE,FILE HASH,dffdaed720d5e9f909a48bf730e50b6f7ef8d85fa747187562b69560b5192ac4,Public Threat Feed,B – Usually Reliable,90,CRITICAL,91,UNDER_REVIEW,2026-07-25 07:51:12,2026-07-28 02:56:14,SG,Synthetic telemetry record analyzing malware activity linked to defensive indicator dffdaed720d5e9f909a48bf730e50b6f7ef8d85fa747187562b69560b5192ac4.,,,,,
THR-2026-0229,2026-08-20 00:22:13,Path Traversal Web Probe #29,WEB THREATS,EMAIL/SENDER DOMAIN,support-desk@corporate-demo.invalid,Internal SOC,A – Highly Reliable,49,MEDIUM,60,UNDER_REVIEW,2026-08-15 16:24:11,2026-08-20 00:22:13,AU,Synthetic telemetry record analyzing web threats activity linked to defensive indicator support-desk@corporate-demo.invalid.,Initial Access,Exploit Public-Facing Application,T1190,,
THR-2026-0230,2026-08-25 12:43:39,Fake Invoice Redirector #30,PHISHING,DOMAIN,service.telemetry-sync.example.net,Public Threat Feed,B – Usually Reliable,74,CRITICAL,95,MONITORING,2026-08-22 16:23:57,2026-08-25 12:43:39,SG,Synthetic telemetry record analyzing phishing activity linked to defensive indicator service.telemetry-sync.example.net.,Initial Access,Phishing: Spearphishing Voice,T1566.004,,CAMP-DEFENSE-011
THR-2026-0231,2026-07-24 21:14:57,Urgent Security Notification Lure #31,PHISHING,IP ADDRESS,198.51.100.71,Security Vendor,A – Highly Reliable,85,HIGH,76,UNDER_REVIEW,2026-07-24 01:01:00,2026-07-24 21:14:57,CA,Synthetic telemetry record analyzing phishing activity linked to defensive indicator 198.51.100.71.,Initial Access,Phishing: Spearphishing Link,T1566.002,,
THR-2026-0232,2026-07-27 15:07:47,Public Facing API Auth Bypass #32,VULNERABILITY EXPOSURE,IP ADDRESS,192.0.2.137,Security Vendor,A – Highly Reliable,66,HIGH,77,NEW,2026-07-22 21:07:18,2026-07-27 15:07:47,JP,Synthetic telemetry record analyzing vulnerability exposure activity linked to defensive indicator 192.0.2.137.,,,,CVE-2026-1042,
THR-2026-0233,2026-09-03 19:07:33,Extortion Double-Dip Campaign #33,RANSOMWARE,IP ADDRESS,198.51.100.129,Community Submission,C – Fairly Reliable,49,INFORMATIONAL,14,MONITORING,2026-09-03 11:17:29,2026-09-03 19:07:33,SG,Synthetic telemetry record analyzing ransomware activity linked to defensive indicator 198.51.100.129.,Impact,Inhibit System Recovery,T1490,,
THR-2026-0234,2026-09-10 18:45:52,Watering Hole Redirector Demo #34,SOCIAL ENGINEERING,URL,https://telemetry-sync.example.net/auth/login-redirect?session_id=7609,Internal SOC,A – Highly Reliable,67,LOW,21,NEW,2026-09-07 03:30:16,2026-09-10 18:45:52,Global,Synthetic telemetry record analyzing social engineering activity linked to defensive indicator https://telemetry-sync.example.net/auth/login-redirect?session_id=7609.,Initial Access,Replication Through Removable Media,T1091,,
THR-2026-0235,2026-09-21 14:20:03,Misconfigured Cloud Bucket Scraping #35,DATA EXPOSURE,EMAIL/SENDER DOMAIN,billing-verify@example.com,Unknown Source,D – Reliability Unknown,46,INFORMATIONAL,8,NEW,2026-09-17 10:00:00,2026-09-21 14:20:03,JP,Synthetic telemetry record analyzing data exposure activity linked to defensive indicator billing-verify@example.com.,Exfiltration,Exfiltration Over Web Service,T1567,,
THR-2026-0236,2026-08-15 12:58:50,Legacy WebDAV Exploit Sweep #36,VULNERABILITY EXPOSURE,CVE ID,CVE-2026-1188,Unknown Source,D – Reliability Unknown,86,HIGH,74,MONITORING,2026-08-12 10:14:42,2026-08-15 12:58:50,NL,Synthetic telemetry record analyzing vulnerability exposure activity linked to defensive indicator CVE-2026-1188.,Lateral Movement,Exploitation of Remote Services,T1210,CVE-2026-1188,CAMP-DEFENSE-004
THR-2026-0237,2026-07-30 01:51:53,Impossible Travel Anomaly #37,ACCOUNT SECURITY,DOMAIN,sub76.telemetry-sync.example.net,Public Threat Feed,B – Usually Reliable,33,INFORMATIONAL,20,NEW,2026-07-28 14:25:21,2026-07-30 01:51:53,IN,Synthetic telemetry record analyzing account security activity linked to defensive indicator sub76.telemetry-sync.example.net.,Defense Evasion,Valid Accounts: Cloud Accounts,T1078.004,,CAMP-DEFENSE-022
THR-2026-0238,2026-07-28 06:24:42,Watering Hole Redirector Demo #38,SOCIAL ENGINEERING,DOMAIN,sub75.auth-gateway.example.com,Unknown Source,D – Reliability Unknown,63,MEDIUM,55,CLOSED,2026-07-23 17:50:18,2026-07-28 06:24:42,Global,Synthetic telemetry record analyzing social engineering activity linked to defensive indicator sub75.auth-gateway.example.com.,Initial Access,Replication Through Removable Media,T1091,,CAMP-DEFENSE-002
THR-2026-0239,2026-07-16 18:57:06,DNS Tunneling Exfiltration Signature #39,NETWORK THREATS,FILE HASH,e60c0823cd47a167898dd31c86ca43ba1c4b76974d7d1e8ce020c37dc736919e,Internal SOC,A – Highly Reliable,62,INFORMATIONAL,9,MONITORING,2026-07-12 08:07:00,2026-07-16 18:57:06,SG,Synthetic telemetry record analyzing network threats activity linked to defensive indicator e60c0823cd47a167898dd31c86ca43ba1c4b76974d7d1e8ce020c37dc736919e.,Command and Control,Protocol Tunneling,T1572,,
THR-2026-0240,2026-09-06 21:05:34,Port 445 Scanning in Perimeter #40,NETWORK THREATS,DOMAIN,service.doc-share.example.org,Research Report,B – Usually Reliable,80,HIGH,74,NEW,2026-09-04 22:48:25,2026-09-06 21:05:34,DE,Synthetic telemetry record analyzing network threats activity linked to defensive indicator service.doc-share.example.org.,Discovery,Network Service Scanning,T1046,,
THR-2026-0241,2026-08-07 08:36:32,Public Facing API Auth Bypass #41,VULNERABILITY EXPOSURE,EMAIL/SENDER DOMAIN,security-admin@corporate-demo.invalid,Security Vendor,A – Highly Reliable,75,MEDIUM,45,NEW,2026-08-03 11:06:33,2026-08-07 08:36:32,US,Synthetic telemetry record analyzing vulnerability exposure activity linked to defensive indicator security-admin@corporate-demo.invalid.,Initial Access,Exploit Public-Facing Application,T1190,CVE-2026-7734,
THR-2026-0242,2026-08-11 12:31:46,Exfiltration via Public Cloud Storage #42,DATA EXPOSURE,CVE ID,CVE-2026-1188,Unknown Source,D – Reliability Unknown,78,MEDIUM,51,MONITORING,2026-08-06 15:10:55,2026-08-11 12:31:46,SG,Synthetic telemetry record analyzing data exposure activity linked to defensive indicator CVE-2026-1188.,Collection,Data from Cloud Storage,T1530,CVE-2026-1188,CAMP-DEFENSE-022
THR-2026-0243,2026-09-30 06:28:30,Edge Gateway Remote Buffer Trigger #43,VULNERABILITY EXPOSURE,DOMAIN,sub81.support-desk.invalid,Internal SOC,A – Highly Reliable,76,MEDIUM,56,FALSE_POSITIVE,2026-09-25 14:21:01,2026-09-30 06:28:30,FR,Synthetic telemetry record analyzing vulnerability exposure activity linked to defensive indicator sub81.support-desk.invalid.,Initial Access,Exploit Public-Facing Application,T1190,CVE-2026-8845,CAMP-DEFENSE-011
THR-2026-0244,2026-09-24 05:30:54,Compromised Service Account Pattern #44,CREDENTIAL THREATS,EMAIL/SENDER DOMAIN,security-admin@corporate-demo.invalid,Security Vendor,A – Highly Reliable,76,MEDIUM,43,NEW,2026-09-22 00:12:44,2026-09-24 05:30:54,AU,Synthetic telemetry record analyzing credential threats activity linked to defensive indicator security-admin@corporate-demo.invalid.,Credential Access,Brute Force: Password Spraying,T1110.003,,
THR-2026-0245,2026-07-22 03:14:54,Urgent Security Notification Lure #45,PHISHING,EMAIL/SENDER DOMAIN,payroll-alert@example.com,Internal SOC,A – Highly Reliable,80,MEDIUM,57,CLOSED,2026-07-17 07:40:04,2026-07-22 03:14:54,SG,Synthetic telemetry record analyzing phishing activity linked to defensive indicator payroll-alert@example.com.,Initial Access,Phishing: Spearphishing Voice,T1566.004,,CAMP-DEFENSE-002
THR-2026-0246,2026-08-03 05:41:45,Misconfigured Cloud Bucket Scraping #46,DATA EXPOSURE,EMAIL/SENDER DOMAIN,payroll-alert@corporate-demo.invalid,Unknown Source,D – Reliability Unknown,30,LOW,28,UNDER_REVIEW,2026-07-30 15:47:11,2026-08-03 05:41:45,US,Synthetic telemetry record analyzing data exposure activity linked to defensive indicator payroll-alert@corporate-demo.invalid.,Collection,Data from Cloud Storage,T1530,,CAMP-DEFENSE-017
THR-2026-0247,2026-07-26 13:33:30,ShadowLocker Ransomware Activity #47,RANSOMWARE,FILE HASH,80b7b053fbed384debad068429b9de4d2659346f600a279eaa68e11cf92ff46e,Unknown Source,D – Reliability Unknown,42,LOW,27,MONITORING,2026-07-24 12:27:11,2026-07-26 13:33:30,Global,Synthetic telemetry record analyzing ransomware activity linked to defensive indicator 80b7b053fbed384debad068429b9de4d2659346f600a279eaa68e11cf92ff46e.,,,,,CAMP-DEFENSE-007
THR-2026-0248,2026-08-09 09:10:52,Legacy WebDAV Exploit Sweep #48,VULNERABILITY EXPOSURE,IP ADDRESS,203.0.113.215,Unknown Source,D – Reliability Unknown,77,MEDIUM,59,NEW,2026-08-05 12:31:25,2026-08-09 09:10:52,IN,Synthetic telemetry record analyzing vulnerability exposure activity linked to defensive indicator 203.0.113.215.,,,,CVE-2026-8845,CAMP-DEFENSE-024
THR-2026-0249,2026-07-20 00:37:45,Fake IT Helpdesk Remote Access Lure #49,SOCIAL ENGINEERING,EMAIL/SENDER DOMAIN,hr-notices@example.org,Unknown Source,D – Reliability Unknown,65,MEDIUM,60,MONITORING,2026-07-19 12:12:09,2026-07-20 00:37:45,JP,Synthetic telemetry record analyzing social engineering activity linked to defensive indicator hr-notices@example.org.,Execution,User Execution: Malicious Link,T1204.001,,
THR-2026-0250,2026-08-25 05:03:37,Public Facing API Auth Bypass #50,VULNERABILITY EXPOSURE,URL,https://corp-portal-test.invalid/secure/portal/auth?session_id=3185,Security Vendor,A – Highly Reliable,86,HIGH,70,NEW,2026-08-21 17:03:31,2026-08-25 05:03:37,BR,Synthetic telemetry record analyzing vulnerability exposure activity linked to defensive indicator https://corp-portal-test.invalid/secure/portal/auth?session_id=3185.,Privilege Escalation,Exploitation for Privilege Escalation,T1068,CVE-2026-9956,
THR-2026-0251,2026-08-03 20:58:24,ICMP Covert Beaconing Pattern #51,NETWORK THREATS,CVE ID,CVE-2026-8845,Unknown Source,D – Reliability Unknown,52,MEDIUM,51,CLOSED,2026-07-30 01:58:27,2026-08-03 20:58:24,BR,Synthetic telemetry record analyzing network threats activity linked to defensive indicator CVE-2026-8845.,Discovery,Network Sniffing,T1040,CVE-2026-8845,
THR-2026-0252,2026-09-29 01:04:22,Misconfigured Cloud Bucket Scraping #52,DATA EXPOSURE,URL,https://doc-share.example.org/verify-account/prompt?session_id=9564,Internal SOC,A – Highly Reliable,62,MEDIUM,47,NEW,2026-09-28 07:38:01,2026-09-29 01:04:22,CH,Synthetic telemetry record analyzing data exposure activity linked to defensive indicator https://doc-share.example.org/verify-account/prompt?session_id=9564.,Exfiltration,Exfiltration Over Web Service,T1567,,
THR-2026-0253,2026-09-22 02:29:20,Path Traversal Web Probe #53,WEB THREATS,DOMAIN,sub14.cdn-cache.example.com,Research Report,B – Usually Reliable,83,HIGH,68,MONITORING,2026-09-17 18:19:29,2026-09-22 02:29:20,CH,Synthetic telemetry record analyzing web threats activity linked to defensive indicator sub14.cdn-cache.example.com.,Collection,Automated Collection: Web Scraping,T1119,,
THR-2026-0254,2026-09-03 05:01:03,Corporate SSO Impersonation Portal #54,PHISHING,FILE HASH,72115d5c28f92bda34bad4898986eadb357e1f041b2bb0feb5927d17cb366f7b,Unknown Source,D – Reliability Unknown,32,INFORMATIONAL,13,MONITORING,2026-08-31 10:45:46,2026-09-03 05:01:03,Global,Synthetic telemetry record analyzing phishing activity linked to defensive indicator 72115d5c28f92bda34bad4898986eadb357e1f041b2bb0feb5927d17cb366f7b.,Initial Access,Phishing: Spearphishing Attachment,T1566.001,,
THR-2026-0255,2026-07-06 15:02:53,Dormant Administrator Account Activation #55,ACCOUNT SECURITY,EMAIL/SENDER DOMAIN,payroll-alert@example.org,Unknown Source,D – Reliability Unknown,41,LOW,23,UNDER_REVIEW,2026-07-05 03:44:49,2026-07-06 15:02:53,GB,Synthetic telemetry record analyzing account security activity linked to defensive indicator payroll-alert@example.org.,Persistence,Create Account: Local Account,T1136.001,,
THR-2026-0256,2026-08-20 09:26:36,VSS Shadow Copy Invalidation Stub #56,RANSOMWARE,EMAIL/SENDER DOMAIN,support-desk@example.com,Public Threat Feed,B – Usually Reliable,58,INFORMATIONAL,15,MONITORING,2026-08-15 16:56:39,2026-08-20 09:26:36,Global,Synthetic telemetry record analyzing ransomware activity linked to defensive indicator support-desk@example.com.,,,,,
THR-2026-0257,2026-09-02 17:47:14,MFA Fatigue Authentication Surge #57,ACCOUNT SECURITY,EMAIL/SENDER DOMAIN,support-desk@example.com,Unknown Source,D – Reliability Unknown,80,LOW,23,UNDER_REVIEW,2026-09-01 15:23:31,2026-09-02 17:47:14,BR,Synthetic telemetry record analyzing account security activity linked to defensive indicator support-desk@example.com.,Defense Evasion,Valid Accounts: Cloud Accounts,T1078.004,,
THR-2026-0258,2026-08-14 14:59:44,Port 445 Scanning in Perimeter #58,NETWORK THREATS,URL,https://cdn-cache.example.com/session/token-exchange?session_id=4579,Community Submission,C – Fairly Reliable,63,HIGH,61,CLOSED,2026-08-09 15:23:59,2026-08-14 14:59:44,US,Synthetic telemetry record analyzing network threats activity linked to defensive indicator https://cdn-cache.example.com/session/token-exchange?session_id=4579.,Command and Control,Protocol Tunneling,T1572,,
THR-2026-0259,2026-08-27 15:02:02,DNS Tunneling Exfiltration Signature #59,NETWORK THREATS,FILE HASH,be80aa384bc0582ab58fd91d5c41ab4ef9f3221f4e596425dd72b116553aeecc,Internal SOC,A – Highly Reliable,79,LOW,37,NEW,2026-08-24 22:12:20,2026-08-27 15:02:02,DE,Synthetic telemetry record analyzing network threats activity linked to defensive indicator be80aa384bc0582ab58fd91d5c41ab4ef9f3221f4e596425dd72b116553aeecc.,Discovery,Network Sniffing,T1040,,CAMP-DEFENSE-021
THR-2026-0260,2026-09-25 10:20:16,VSS Shadow Copy Invalidation Stub #60,RANSOMWARE,EMAIL/SENDER DOMAIN,payroll-alert@example.com,Unknown Source,D – Reliability Unknown,86,HIGH,74,FALSE_POSITIVE,2026-09-22 01:53:52,2026-09-25 10:20:16,BR,Synthetic telemetry record analyzing ransomware activity linked to defensive indicator payroll-alert@example.com.,,,,,
THR-2026-0261,2026-08-21 00:46:32,Encrypted Payload Delivery Simulation #61,MALWARE,CVE ID,CVE-2026-2189,Internal SOC,A – Highly Reliable,31,INFORMATIONAL,6,NEW,2026-08-19 08:58:11,2026-08-21 00:46:32,AU,Synthetic telemetry record analyzing malware activity linked to defensive indicator CVE-2026-2189.,Command and Control,Application Layer Protocol,T1071,CVE-2026-2189,
THR-2026-0262,2026-09-02 20:55:34,Edge Gateway Remote Buffer Trigger #62,VULNERABILITY EXPOSURE,FILE HASH,405f1bcf0ddecd41c6479b36a92126e7598fe6bd8ae9b94d6012238b1c225827,Research Report,B – Usually Reliable,71,LOW,21,UNDER_REVIEW,2026-08-31 22:11:09,2026-09-02 20:55:34,JP,Synthetic telemetry record analyzing vulnerability exposure activity linked to defensive indicator 405f1bcf0ddecd41c6479b36a92126e7598fe6bd8ae9b94d6012238b1c225827.,Initial Access,Exploit Public-Facing Application,T1190,CVE-2026-1188,CAMP-DEFENSE-003
THR-2026-0263,2026-08-28 00:39:43,SQLi Pattern on Public Gateway #63,WEB THREATS,EMAIL/SENDER DOMAIN,billing-verify@example.net,Research Report,B – Usually Reliable,54,INFORMATIONAL,10,UNDER_REVIEW,2026-08-23 22:00:26,2026-08-28 00:39:43,JP,Synthetic telemetry record analyzing web threats activity linked to defensive indicator billing-verify@example.net.,Command and Control,Web Service: Dead Drop Resolver,T1102.001,,
THR-2026-0264,2026-09-18 14:34:18,Anomalous SSH Bastion Brute Force #64,NETWORK THREATS,IP ADDRESS,203.0.113.224,Community Submission,C – Fairly Reliable,79,MEDIUM,53,CLOSED,2026-09-18 09:33:32,2026-09-18 14:34:18,NL,Synthetic telemetry record analyzing network threats activity linked to defensive indicator 203.0.113.224.,Discovery,Network Service Scanning,T1046,,
THR-2026-0265,2026-09-16 20:19:29,Legacy WebDAV Exploit Sweep #65,VULNERABILITY EXPOSURE,CVE ID,CVE-2026-1042,Security Vendor,A – Highly Reliable,63,HIGH,67,CLOSED,2026-09-15 17:49:49,2026-09-16 20:19:29,BR,Synthetic telemetry record analyzing vulnerability exposure activity linked to defensive indicator CVE-2026-1042.,Lateral Movement,Exploitation of Remote Services,T1210,CVE-2026-1042,
THR-2026-0266,2026-09-08 18:42:59,Sensitive API Endpoint Exposure #66,DATA EXPOSURE,IP ADDRESS,198.51.100.172,Internal SOC,A – Highly Reliable,67,MEDIUM,51,NEW,2026-09-07 19:01:34,2026-09-08 18:42:59,SG,Synthetic telemetry record analyzing data exposure activity linked to defensive indicator 198.51.100.172.,,,,,CAMP-DEFENSE-020
THR-2026-0267,2026-09-03 20:04:28,QR Code Phishing (Quishing) Test #67,SOCIAL ENGINEERING,FILE HASH,ca9a6371f823e8c92fe7154b6495a62311a309b17ab71974929f706b8145ac05,Unknown Source,D – Reliability Unknown,65,MEDIUM,52,MONITORING,2026-08-31 21:58:27,2026-09-03 20:04:28,JP,Synthetic telemetry record analyzing social engineering activity linked to defensive indicator ca9a6371f823e8c92fe7154b6495a62311a309b17ab71974929f706b8145ac05.,Initial Access,Replication Through Removable Media,T1091,CVE-2026-4401,
THR-2026-0268,2026-08-22 06:41:44,Port 445 Scanning in Perimeter #68,NETWORK THREATS,DOMAIN,sub52.invoice-verify.invalid,Research Report,B – Usually Reliable,56,MEDIUM,44,NEW,2026-08-18 09:43:24,2026-08-22 06:41:44,JP,Synthetic telemetry record analyzing network threats activity linked to defensive indicator sub52.invoice-verify.invalid.,Discovery,Network Service Scanning,T1046,,
THR-2026-0269,2026-07-16 22:31:49,Memory Injection Testing Stub #69,MALWARE,CVE ID,CVE-2026-1042,Internal SOC,A – Highly Reliable,72,HIGH,79,UNDER_REVIEW,2026-07-13 18:44:07,2026-07-16 22:31:49,BR,Synthetic telemetry record analyzing malware activity linked to defensive indicator CVE-2026-1042.,Execution,User Execution: Malicious File,T1204.002,CVE-2026-1042,
THR-2026-0270,2026-08-20 12:57:38,Extortion Double-Dip Campaign #70,RANSOMWARE,URL,https://doc-share.example.org/invoice/preview-doc.pdf?session_id=5767,Security Vendor,A – Highly Reliable,45,MEDIUM,57,NEW,2026-08-17 23:42:40,2026-08-20 12:57:38,GB,Synthetic telemetry record analyzing ransomware activity linked to defensive indicator https://doc-share.example.org/invoice/preview-doc.pdf?session_id=5767.,Impact,Inhibit System Recovery,T1490,,
THR-2026-0271,2026-09-27 16:23:24,OAuth High-Privilege Consent Grant #71,ACCOUNT SECURITY,EMAIL/SENDER DOMAIN,hr-notices@corporate-demo.invalid,Public Threat Feed,B – Usually Reliable,53,LOW,29,UNDER_REVIEW,2026-09-23 21:00:48,2026-09-27 16:23:24,CA,Synthetic telemetry record analyzing account security activity linked to defensive indicator hr-notices@corporate-demo.invalid.,Persistence,Create Account: Local Account,T1136.001,,
THR-2026-0272,2026-07-30 01:13:07,Spear-Phishing Credential Harvester #72,PHISHING,IP ADDRESS,203.0.113.83,Internal SOC,A – Highly Reliable,78,HIGH,69,MONITORING,2026-07-27 10:39:14,2026-07-30 01:13:07,FR,Synthetic telemetry record analyzing phishing activity linked to defensive indicator 203.0.113.83.,Initial Access,Phishing: Spearphishing Link,T1566.002,,
THR-2026-0273,2026-08-15 21:28:34,Path Traversal Web Probe #73,WEB THREATS,FILE HASH,b49ba495392b0b4dbc684c51c4b5f4f75fa7f0cceea55aa06fa82e9f1badeb01,Security Vendor,A – Highly Reliable,85,HIGH,76,NEW,2026-08-14 03:07:42,2026-08-15 21:28:34,NL,Synthetic telemetry record analyzing web threats activity linked to defensive indicator b49ba495392b0b4dbc684c51c4b5f4f75fa7f0cceea55aa06fa82e9f1badeb01.,Command and Control,Web Service: Dead Drop Resolver,T1102.001,CVE-2026-3390,
THR-2026-0274,2026-07-19 20:56:15,VSS Shadow Copy Invalidation Stub #74,RANSOMWARE,DOMAIN,service.support-desk.invalid,Unknown Source,D – Reliability Unknown,52,MEDIUM,51,MONITORING,2026-07-16 13:36:16,2026-07-19 20:56:15,US,Synthetic telemetry record analyzing ransomware activity linked to defensive indicator service.support-desk.invalid.,Infiltration,Lateral Movement: SMB/Windows Admin Shares,T1021.002,,
THR-2026-0275,2026-09-16 19:56:51,Password Spraying against ADFS Demo #75,CREDENTIAL THREATS,IP ADDRESS,192.0.2.147,Community Submission,C – Fairly Reliable,23,INFORMATIONAL,9,FALSE_POSITIVE,2026-09-13 16:24:10,2026-09-16 19:56:51,CH,Synthetic telemetry record analyzing credential threats activity linked to defensive indicator 192.0.2.147.,Credential Access,Brute Force: Password Spraying,T1110.003,,
THR-2026-0276,2026-07-04 01:35:12,Path Traversal Web Probe #76,WEB THREATS,IP ADDRESS,192.0.2.115,Community Submission,C – Fairly Reliable,68,LOW,34,MONITORING,2026-06-29 17:30:38,2026-07-04 01:35:12,GB,Synthetic telemetry record analyzing web threats activity linked to defensive indicator 192.0.2.115.,,,,,
THR-2026-0277,2026-09-10 15:45:13,Port 445 Scanning in Perimeter #77,NETWORK THREATS,FILE HASH,b102cb5832920077c009841ae800ca28ca6d59b74cb8e1c2ea23c36851fbc85e,Internal SOC,A – Highly Reliable,63,LOW,27,MONITORING,2026-09-08 17:29:54,2026-09-10 15:45:13,CA,Synthetic telemetry record analyzing network threats activity linked to defensive indicator b102cb5832920077c009841ae800ca28ca6d59b74cb8e1c2ea23c36851fbc85e.,Discovery,Network Sniffing,T1040,,
THR-2026-0278,2026-08-18 23:07:01,OAuth High-Privilege Consent Grant #78,ACCOUNT SECURITY,EMAIL/SENDER DOMAIN,billing-verify@example.com,Internal SOC,A – Highly Reliable,72,MEDIUM,41,UNDER_REVIEW,2026-08-18 07:28:38,2026-08-18 23:07:01,Global,Synthetic telemetry record analyzing account security activity linked to defensive indicator billing-verify@example.com.,Defense Evasion,Valid Accounts: Cloud Accounts,T1078.004,,
THR-2026-0279,2026-09-08 10:27:06,Edge Gateway Remote Buffer Trigger #79,VULNERABILITY EXPOSURE,URL,https://support-desk.invalid/download/security-patch.bin?session_id=7971,Security Vendor,A – Highly Reliable,79,CRITICAL,83,MONITORING,2026-09-04 14:32:55,2026-09-08 10:27:06,IN,Synthetic telemetry record analyzing vulnerability exposure activity linked to defensive indicator https://support-desk.invalid/download/security-patch.bin?session_id=7971.,Lateral Movement,Exploitation of Remote Services,T1210,CVE-2026-7734,CAMP-DEFENSE-001
THR-2026-0280,2026-08-03 11:21:04,Unencrypted Diagnostic Log Leak #80,DATA EXPOSURE,IP ADDRESS,203.0.113.2,Research Report,B – Usually Reliable,36,LOW,32,UNDER_REVIEW,2026-07-31 00:49:09,2026-08-03 11:21:04,IN,Synthetic telemetry record analyzing data exposure activity linked to defensive indicator 203.0.113.2.,Collection,Data from Cloud Storage,T1530,,CAMP-DEFENSE-018
THR-2026-0281,2026-08-25 04:01:08,Server-Side Request Forgery Pattern #81,WEB THREATS,CVE ID,CVE-2026-5512,Security Vendor,A – Highly Reliable,80,MEDIUM,52,MONITORING,2026-08-21 05:57:51,2026-08-25 04:01:08,CH,Synthetic telemetry record analyzing web threats activity linked to defensive indicator CVE-2026-5512.,Collection,Automated Collection: Web Scraping,T1119,CVE-2026-5512,
THR-2026-0282,2026-09-10 15:50:43,ShadowLocker Ransomware Activity #82,RANSOMWARE,CVE ID,CVE-2026-9956,Unknown Source,D – Reliability Unknown,76,CRITICAL,84,MONITORING,2026-09-06 17:52:20,2026-09-10 15:50:43,GB,Synthetic telemetry record analyzing ransomware activity linked to defensive indicator CVE-2026-9956.,Infiltration,Lateral Movement: SMB/Windows Admin Shares,T1021.002,CVE-2026-9956,
THR-2026-0283,2026-07-19 07:20:38,Legacy WebDAV Exploit Sweep #83,VULNERABILITY EXPOSURE,CVE ID,CVE-2026-2189,Internal SOC,A – Highly Reliable,49,MEDIUM,43,MONITORING,2026-07-16 22:44:37,2026-07-19 07:20:38,IN,Synthetic telemetry record analyzing vulnerability exposure activity linked to defensive indicator CVE-2026-2189.,Privilege Escalation,Exploitation for Privilege Escalation,T1068,CVE-2026-2189,
THR-2026-0284,2026-08-17 20:57:02,Misconfigured Cloud Bucket Scraping #84,DATA EXPOSURE,URL,https://session-manager.invalid/verify-account/prompt?session_id=3871,Unknown Source,D – Reliability Unknown,69,HIGH,77,MONITORING,2026-08-17 19:39:55,2026-08-17 20:57:02,SG,Synthetic telemetry record analyzing data exposure activity linked to defensive indicator https://session-manager.invalid/verify-account/prompt?session_id=3871.,Collection,Data from Cloud Storage,T1530,,
THR-2026-0285,2026-09-23 12:13:40,Password Spraying against ADFS Demo #85,CREDENTIAL THREATS,CVE ID,CVE-2026-1042,Security Vendor,A – Highly Reliable,70,MEDIUM,53,NEW,2026-09-22 03:06:55,2026-09-23 12:13:40,FR,Synthetic telemetry record analyzing credential threats activity linked to defensive indicator CVE-2026-1042.,Credential Access,Credentials in Files,T1552.001,CVE-2026-1042,
THR-2026-0286,2026-08-31 00:32:58,Cross-Site Scripting Injection Probe #86,WEB THREATS,CVE ID,CVE-2026-1188,Community Submission,C – Fairly Reliable,42,LOW,40,UNDER_REVIEW,2026-08-26 04:57:18,2026-08-31 00:32:58,FR,Synthetic telemetry record analyzing web threats activity linked to defensive indicator CVE-2026-1188.,Collection,Automated Collection: Web Scraping,T1119,CVE-2026-1188,CAMP-DEFENSE-006
THR-2026-0287,2026-07-21 03:10:18,Memory Injection Testing Stub #87,MALWARE,EMAIL/SENDER DOMAIN,support-desk@example.net,Internal SOC,A – Highly Reliable,68,HIGH,79,MONITORING,2026-07-16 08:22:00,2026-07-21 03:10:18,BR,Synthetic telemetry record analyzing malware activity linked to defensive indicator support-desk@example.net.,Defense Evasion,Obfuscated Files or Information,T1027,,
THR-2026-0288,2026-09-08 03:19:41,Watering Hole Redirector Demo #88,SOCIAL ENGINEERING,EMAIL/SENDER DOMAIN,billing-verify@corporate-demo.invalid,Internal SOC,A – Highly Reliable,81,HIGH,68,UNDER_REVIEW,2026-09-06 05:24:26,2026-09-08 03:19:41,NL,Synthetic telemetry record analyzing social engineering activity linked to defensive indicator billing-verify@corporate-demo.invalid.,Execution,User Execution: Malicious Link,T1204.001,,
THR-2026-0289,2026-07-19 12:02:57,SQLi Pattern on Public Gateway #89,WEB THREATS,IP ADDRESS,198.51.100.173,Unknown Source,D – Reliability Unknown,80,CRITICAL,96,MONITORING,2026-07-19 02:55:32,2026-07-19 12:02:57,CA,Synthetic telemetry record analyzing web threats activity linked to defensive indicator 198.51.100.173.,Command and Control,Web Service: Dead Drop Resolver,T1102.001,,
THR-2026-0290,2026-09-13 02:06:39,Password Spraying against ADFS Demo #90,CREDENTIAL THREATS,DOMAIN,sub43.telemetry-sync.example.net,Security Vendor,A – Highly Reliable,51,MEDIUM,45,MONITORING,2026-09-11 20:08:50,2026-09-13 02:06:39,CA,Synthetic telemetry record analyzing credential threats activity linked to defensive indicator sub43.telemetry-sync.example.net.,,,,CVE-2026-8845,
THR-2026-0291,2026-07-15 05:08:39,DNS Tunneling Exfiltration Signature #91,NETWORK THREATS,EMAIL/SENDER DOMAIN,support-desk@corporate-demo.invalid,Community Submission,C – Fairly Reliable,78,CRITICAL,97,UNDER_REVIEW,2026-07-12 18:14:51,2026-07-15 05:08:39,FR,Synthetic telemetry record analyzing network threats activity linked to defensive indicator support-desk@corporate-demo.invalid.,Discovery,Network Sniffing,T1040,,
THR-2026-0292,2026-08-21 05:09:13,Anomalous SSH Bastion Brute Force #92,NETWORK THREATS,FILE HASH,d45b624905fdfd65f6669f9304677a69f08fd6fb437f91d6e0b4c68e35875e1b,Security Vendor,A – Highly Reliable,45,MEDIUM,51,UNDER_REVIEW,2026-08-20 14:42:34,2026-08-21 05:09:13,GB,Synthetic telemetry record analyzing network threats activity linked to defensive indicator d45b624905fdfd65f6669f9304677a69f08fd6fb437f91d6e0b4c68e35875e1b.,,,,,
THR-2026-0293,2026-08-31 11:20:06,Sensitive API Endpoint Exposure #93,DATA EXPOSURE,URL,https://telemetry-sync.example.net/session/token-exchange?session_id=8722,Community Submission,C – Fairly Reliable,68,MEDIUM,54,FALSE_POSITIVE,2026-08-30 13:15:55,2026-08-31 11:20:06,DE,Synthetic telemetry record analyzing data exposure activity linked to defensive indicator https://telemetry-sync.example.net/session/token-exchange?session_id=8722.,Exfiltration,Exfiltration Over Alternative Protocol,T1048,,CAMP-DEFENSE-005
THR-2026-0294,2026-07-21 09:26:21,Path Traversal Web Probe #94,WEB THREATS,DOMAIN,sub58.telemetry-sync.example.net,Security Vendor,A – Highly Reliable,56,MEDIUM,41,UNDER_REVIEW,2026-07-17 16:48:50,2026-07-21 09:26:21,Global,Synthetic telemetry record analyzing web threats activity linked to defensive indicator sub58.telemetry-sync.example.net.,Initial Access,Exploit Public-Facing Application,T1190,,
THR-2026-0295,2026-07-31 05:41:02,Watering Hole Redirector Demo #95,SOCIAL ENGINEERING,URL,https://corp-portal-test.invalid/verify-account/prompt?session_id=7527,Internal SOC,A – Highly Reliable,86,HIGH,76,MONITORING,2026-07-30 22:28:46,2026-07-31 05:41:02,SG,Synthetic telemetry record analyzing social engineering activity linked to defensive indicator https://corp-portal-test.invalid/verify-account/prompt?session_id=7527.,Execution,User Execution: Malicious Link,T1204.001,,CAMP-DEFENSE-012
THR-2026-0296,2026-07-06 17:34:46,Urgent Security Notification Lure #96,PHISHING,FILE HASH,cad8aab5b3fb78bc95d31c612192f4c2741c369bdfaa9c439074ea117ccec435,Unknown Source,D – Reliability Unknown,56,MEDIUM,58,UNDER_REVIEW,2026-07-05 17:42:17,2026-07-06 17:34:46,DE,Synthetic telemetry record analyzing phishing activity linked to defensive indicator cad8aab5b3fb78bc95d31c612192f4c2741c369bdfaa9c439074ea117ccec435.,Initial Access,Phishing: Spearphishing Attachment,T1566.001,,
THR-2026-0297,2026-07-07 07:39:06,Unauthenticated Deserialization Scan #97,VULNERABILITY EXPOSURE,EMAIL/SENDER DOMAIN,support-desk@corporate-demo.invalid,Unknown Source,D – Reliability Unknown,71,MEDIUM,51,NEW,2026-07-02 23:27:39,2026-07-07 07:39:06,SG,Synthetic telemetry record analyzing vulnerability exposure activity linked to defensive indicator support-desk@corporate-demo.invalid.,Lateral Movement,Exploitation of Remote Services,T1210,CVE-2026-7734,
THR-2026-0298,2026-08-04 08:42:55,Kerberoasting Probe Telemetry #98,CREDENTIAL THREATS,URL,https://cdn-cache.example.com/session/token-exchange?session_id=5382,Community Submission,C – Fairly Reliable,82,MEDIUM,52,NEW,2026-08-03 00:09:56,2026-08-04 08:42:55,BR,Synthetic telemetry record analyzing credential threats activity linked to defensive indicator https://cdn-cache.example.com/session/token-exchange?session_id=5382.,Credential Access,OS Credential Dumping,T1003,,CAMP-DEFENSE-001
THR-2026-0299,2026-09-16 07:28:26,Cross-Site Scripting Injection Probe #99,WEB THREATS,CVE ID,CVE-2026-7734,Security Vendor,A – Highly Reliable,55,INFORMATIONAL,20,FALSE_POSITIVE,2026-09-15 19:06:46,2026-09-16 07:28:26,JP,Synthetic telemetry record analyzing web threats activity linked to defensive indicator CVE-2026-7734.,,,,CVE-2026-7734,
THR-2026-0300,2026-09-10 16:44:29,OAuth High-Privilege Consent Grant #00,ACCOUNT SECURITY,DOMAIN,service.doc-share.example.org,Public Threat Feed,B – Usually Reliable,53,MEDIUM,45,UNDER_REVIEW,2026-09-07 00:13:49,2026-09-10 16:44:29,CA,Synthetic telemetry record analyzing account security activity linked to defensive indicator service.doc-share.example.org.,Persistence,Account Manipulation: Additional Credentials,T1098.001,CVE-2026-6623,
THR-2026-0301,2026-08-13 20:01:59,Sensitive API Endpoint Exposure #01,DATA EXPOSURE,URL,https://security-alert.example.net/secure/portal/auth?session_id=3213,Unknown Source,D – Reliability Unknown,72,MEDIUM,59,UNDER_REVIEW,2026-08-10 21:08:00,2026-08-13 20:01:59,Global,Synthetic telemetry record analyzing data exposure activity linked to defensive indicator https://security-alert.example.net/secure/portal/auth?session_id=3213.,Collection,Data from Cloud Storage,T1530,,
THR-2026-0302,2026-09-07 23:02:25,Generic Modular Loader Simulation #02,MALWARE,FILE HASH,3d70848ab954cfc496ccd185c35d0305a58873eda683c1d2e67109665b8e57d2,Research Report,B – Usually Reliable,42,INFORMATIONAL,9,UNDER_REVIEW,2026-09-06 10:36:41,2026-09-07 23:02:25,Global,Synthetic telemetry record analyzing malware activity linked to defensive indicator 3d70848ab954cfc496ccd185c35d0305a58873eda683c1d2e67109665b8e57d2.,Command and Control,Application Layer Protocol,T1071,CVE-2026-8845,
THR-2026-0303,2026-08-28 17:25:33,Edge Gateway Remote Buffer Trigger #03,VULNERABILITY EXPOSURE,URL,https://support-desk.invalid/invoice/preview-doc.pdf?session_id=1118,Community Submission,C – Fairly Reliable,60,MEDIUM,53,NEW,2026-08-26 16:01:03,2026-08-28 17:25:33,AU,Synthetic telemetry record analyzing vulnerability exposure activity linked to defensive indicator https://support-desk.invalid/invoice/preview-doc.pdf?session_id=1118.,Lateral Movement,Exploitation of Remote Services,T1210,CVE-2026-7734,
THR-2026-0304,2026-08-04 00:29:20,Compromised Service Account Pattern #04,CREDENTIAL THREATS,EMAIL/SENDER DOMAIN,payroll-alert@example.net,Public Threat Feed,B – Usually Reliable,34,LOW,27,UNDER_REVIEW,2026-08-01 08:39:20,2026-08-04 00:29:20,NL,Synthetic telemetry record analyzing credential threats activity linked to defensive indicator payroll-alert@example.net.,Credential Access,OS Credential Dumping,T1003,,
THR-2026-0305,2026-09-29 07:51:01,ICMP Covert Beaconing Pattern #05,NETWORK THREATS,IP ADDRESS,192.0.2.13,Community Submission,C – Fairly Reliable,75,LOW,25,NEW,2026-09-24 11:10:13,2026-09-29 07:51:01,JP,Synthetic telemetry record analyzing network threats activity linked to defensive indicator 192.0.2.13.,Discovery,Network Service Scanning,T1046,,CAMP-DEFENSE-016
THR-2026-0306,2026-07-17 11:33:52,Executive Pretexting Call Campaign #06,SOCIAL ENGINEERING,URL,https://invoice-verify.invalid/verify-account/prompt?session_id=6410,Internal SOC,A – Highly Reliable,24,INFORMATIONAL,17,CLOSED,2026-07-12 17:22:01,2026-07-17 11:33:52,DE,Synthetic telemetry record analyzing social engineering activity linked to defensive indicator https://invoice-verify.invalid/verify-account/prompt?session_id=6410.,Initial Access,Replication Through Removable Media,T1091,,
THR-2026-0307,2026-09-09 02:19:22,Synthetic Token Theft Activity #07,CREDENTIAL THREATS,FILE HASH,ebc5f74cb8a797c8422d84a699852e286381d159f4eb66213320e8a9f5ec7478,Research Report,B – Usually Reliable,63,LOW,24,UNDER_REVIEW,2026-09-04 02:58:42,2026-09-09 02:19:22,GB,Synthetic telemetry record analyzing credential threats activity linked to defensive indicator ebc5f74cb8a797c8422d84a699852e286381d159f4eb66213320e8a9f5ec7478.,Credential Access,Brute Force: Password Spraying,T1110.003,,
THR-2026-0308,2026-09-20 08:04:02,Fake Invoice Redirector #08,PHISHING,CVE ID,CVE-2026-2189,Community Submission,C – Fairly Reliable,33,LOW,32,UNDER_REVIEW,2026-09-17 22:19:11,2026-09-20 08:04:02,Global,Synthetic telemetry record analyzing phishing activity linked to defensive indicator CVE-2026-2189.,Initial Access,Phishing: Spearphishing Link,T1566.002,CVE-2026-2189,CAMP-DEFENSE-014
THR-2026-0309,2026-09-30 12:19:58,Path Traversal Web Probe #09,WEB THREATS,EMAIL/SENDER DOMAIN,billing-verify@corporate-demo.invalid,Security Vendor,A – Highly Reliable,82,HIGH,76,NEW,2026-09-30 07:17:37,2026-09-30 12:19:58,Global,Synthetic telemetry record analyzing web threats activity linked to defensive indicator billing-verify@corporate-demo.invalid.,Collection,Automated Collection: Web Scraping,T1119,,CAMP-DEFENSE-016
THR-2026-0310,2026-07-30 06:24:51,Fake Invoice Redirector #10,PHISHING,IP ADDRESS,198.51.100.166,Security Vendor,A – Highly Reliable,50,LOW,28,UNDER_REVIEW,2026-07-26 07:26:18,2026-07-30 06:24:51,US,Synthetic telemetry record analyzing phishing activity linked to defensive indicator 198.51.100.166.,Initial Access,Phishing: Spearphishing Voice,T1566.004,,
THR-2026-0311,2026-08-18 16:30:43,Unauthenticated Deserialization Scan #11,VULNERABILITY EXPOSURE,URL,https://session-manager.invalid/auth/login-redirect?session_id=5107,Internal SOC,A – Highly Reliable,42,LOW,36,UNDER_REVIEW,2026-08-16 12:00:43,2026-08-18 16:30:43,DE,Synthetic telemetry record analyzing vulnerability exposure activity linked to defensive indicator https://session-manager.invalid/auth/login-redirect?session_id=5107.,Lateral Movement,Exploitation of Remote Services,T1210,CVE-2026-6623,CAMP-DEFENSE-015
THR-2026-0312,2026-08-21 11:52:45,Exfiltration via Public Cloud Storage #12,DATA EXPOSURE,DOMAIN,sub43.security-alert.example.net,Public Threat Feed,B – Usually Reliable,46,MEDIUM,46,NEW,2026-08-17 14:46:08,2026-08-21 11:52:45,NL,Synthetic telemetry record analyzing data exposure activity linked to defensive indicator sub43.security-alert.example.net.,Exfiltration,Exfiltration Over Alternative Protocol,T1048,,CAMP-DEFENSE-024
THR-2026-0313,2026-09-17 11:02:45,Misconfigured Cloud Bucket Scraping #13,DATA EXPOSURE,CVE ID,CVE-2026-2189,Community Submission,C – Fairly Reliable,52,MEDIUM,51,NEW,2026-09-16 01:04:13,2026-09-17 11:02:45,NL,Synthetic telemetry record analyzing data exposure activity linked to defensive indicator CVE-2026-2189.,,,,CVE-2026-2189,CAMP-DEFENSE-005
THR-2026-0314,2026-08-10 23:35:02,InfoStealer Demo Artifact #14,MALWARE,FILE HASH,e771a258892adfe5ab1c362b8d0f34c49e9c0208ffea249cd0742fc517f67582,Internal SOC,A – Highly Reliable,84,MEDIUM,57,NEW,2026-08-06 19:13:41,2026-08-10 23:35:02,BR,Synthetic telemetry record analyzing malware activity linked to defensive indicator e771a258892adfe5ab1c362b8d0f34c49e9c0208ffea249cd0742fc517f67582.,Defense Evasion,Obfuscated Files or Information,T1027,CVE-2026-4401,
THR-2026-0315,2026-09-25 20:37:59,Watering Hole Redirector Demo #15,SOCIAL ENGINEERING,IP ADDRESS,198.51.100.206,Unknown Source,D – Reliability Unknown,81,CRITICAL,94,MONITORING,2026-09-23 01:40:15,2026-09-25 20:37:59,DE,Synthetic telemetry record analyzing social engineering activity linked to defensive indicator 198.51.100.206.,Initial Access,Replication Through Removable Media,T1091,,CAMP-DEFENSE-002
THR-2026-0316,2026-09-10 13:09:20,Synthetic Token Theft Activity #16,CREDENTIAL THREATS,EMAIL/SENDER DOMAIN,billing-verify@example.com,Unknown Source,D – Reliability Unknown,66,LOW,28,MONITORING,2026-09-08 14:54:56,2026-09-10 13:09:20,BR,Synthetic telemetry record analyzing credential threats activity linked to defensive indicator billing-verify@example.com.,Credential Access,Brute Force: Password Spraying,T1110.003,,
THR-2026-0317,2026-09-16 07:41:31,Watering Hole Redirector Demo #17,SOCIAL ENGINEERING,CVE ID,CVE-2026-8845,Internal SOC,A – Highly Reliable,55,MEDIUM,51,CLOSED,2026-09-15 10:02:40,2026-09-16 07:41:31,SG,Synthetic telemetry record analyzing social engineering activity linked to defensive indicator CVE-2026-8845.,Initial Access,Trusted Relationship,T1199,CVE-2026-8845,
THR-2026-0318,2026-09-02 05:43:20,Legacy WebDAV Exploit Sweep #18,VULNERABILITY EXPOSURE,CVE ID,CVE-2026-6623,Unknown Source,D – Reliability Unknown,80,MEDIUM,53,UNDER_REVIEW,2026-09-01 00:50:08,2026-09-02 05:43:20,US,Synthetic telemetry record analyzing vulnerability exposure activity linked to defensive indicator CVE-2026-6623.,Privilege Escalation,Exploitation for Privilege Escalation,T1068,CVE-2026-6623,
THR-2026-0319,2026-07-04 00:12:51,Fake Invoice Redirector #19,PHISHING,URL,https://support-desk.invalid/verify-account/prompt?session_id=9480,Security Vendor,A – Highly Reliable,43,LOW,28,CLOSED,2026-07-02 11:59:35,2026-07-04 00:12:51,DE,Synthetic telemetry record analyzing phishing activity linked to defensive indicator https://support-desk.invalid/verify-account/prompt?session_id=9480.,Initial Access,Phishing: Spearphishing Link,T1566.002,,
THR-2026-0320,2026-09-07 11:51:41,Corporate SSO Impersonation Portal #20,PHISHING,FILE HASH,72506da39c1bc040bffd10cd3145fcef966ce96cd34769c3efbab83cf2f20fba,Security Vendor,A – Highly Reliable,49,LOW,29,MONITORING,2026-09-03 01:06:23,2026-09-07 11:51:41,Global,Synthetic telemetry record analyzing phishing activity linked to defensive indicator 72506da39c1bc040bffd10cd3145fcef966ce96cd34769c3efbab83cf2f20fba.,,,,,
THR-2026-0321,2026-07-19 15:24:49,Executive Pretexting Call Campaign #21,SOCIAL ENGINEERING,DOMAIN,sub98.session-manager.invalid,Community Submission,C – Fairly Reliable,81,MEDIUM,42,UNDER_REVIEW,2026-07-19 03:58:12,2026-07-19 15:24:49,Global,Synthetic telemetry record analyzing social engineering activity linked to defensive indicator sub98.session-manager.invalid.,Initial Access,Replication Through Removable Media,T1091,,CAMP-DEFENSE-014
THR-2026-0322,2026-08-05 07:55:30,Password Spraying against ADFS Demo #22,CREDENTIAL THREATS,CVE ID,CVE-2026-6623,Internal SOC,A – Highly Reliable,40,INFORMATIONAL,6,NEW,2026-08-02 04:03:43,2026-08-05 07:55:30,BR,Synthetic telemetry record analyzing credential threats activity linked to defensive indicator CVE-2026-6623.,Credential Access,Brute Force: Password Spraying,T1110.003,CVE-2026-6623,
THR-2026-0323,2026-08-16 22:35:45,Legacy WebDAV Exploit Sweep #23,VULNERABILITY EXPOSURE,FILE HASH,541abdf9b86250c70924df46237573e949f35492e6fc7469303ea9b294cdf15f,Community Submission,C – Fairly Reliable,39,LOW,33,MONITORING,2026-08-15 19:56:44,2026-08-16 22:35:45,JP,Synthetic telemetry record analyzing vulnerability exposure activity linked to defensive indicator 541abdf9b86250c70924df46237573e949f35492e6fc7469303ea9b294cdf15f.,,,,CVE-2026-2189,
THR-2026-0324,2026-09-19 14:18:09,InfoStealer Demo Artifact #24,MALWARE,FILE HASH,ed13a81618ac36853f01207c97fd01e6980f27890fe3af3905f1c62bccfefb1f,Unknown Source,D – Reliability Unknown,70,MEDIUM,56,UNDER_REVIEW,2026-09-18 22:07:04,2026-09-19 14:18:09,DE,Synthetic telemetry record analyzing malware activity linked to defensive indicator ed13a81618ac36853f01207c97fd01e6980f27890fe3af3905f1c62bccfefb1f.,Execution,User Execution: Malicious File,T1204.002,,
THR-2026-0325,2026-09-23 06:17:26,Path Traversal Web Probe #25,WEB THREATS,FILE HASH,15c94819257f50e6a53d848d4cb70cb911a99c9bd4cc53cedac088ade3e31686,Community Submission,C – Fairly Reliable,57,MEDIUM,52,NEW,2026-09-19 21:40:51,2026-09-23 06:17:26,IN,Synthetic telemetry record analyzing web threats activity linked to defensive indicator 15c94819257f50e6a53d848d4cb70cb911a99c9bd4cc53cedac088ade3e31686.,Command and Control,Web Service: Dead Drop Resolver,T1102.001,,
THR-2026-0326,2026-07-10 05:31:03,Watering Hole Redirector Demo #26,SOCIAL ENGINEERING,EMAIL/SENDER DOMAIN,hr-notices@corporate-demo.invalid,Internal SOC,A – Highly Reliable,50,MEDIUM,45,CLOSED,2026-07-09 01:29:55,2026-07-10 05:31:03,US,Synthetic telemetry record analyzing social engineering activity linked to defensive indicator hr-notices@corporate-demo.invalid.,,,,CVE-2026-1188,
THR-2026-0327,2026-08-21 20:32:49,Port 445 Scanning in Perimeter #27,NETWORK THREATS,CVE ID,CVE-2026-5512,Public Threat Feed,B – Usually Reliable,43,LOW,38,MONITORING,2026-08-21 17:49:02,2026-08-21 20:32:49,CH,Synthetic telemetry record analyzing network threats activity linked to defensive indicator CVE-2026-5512.,Discovery,Network Sniffing,T1040,CVE-2026-5512,
THR-2026-0328,2026-08-14 22:58:41,Corporate SSO Impersonation Portal #28,PHISHING,FILE HASH,930eabef4ee5c939ea4b85775918b6913acb55aa05d0baa14459226ac0a93b1b,Unknown Source,D – Reliability Unknown,70,INFORMATIONAL,11,UNDER_REVIEW,2026-08-13 16:19:24,2026-08-14 22:58:41,DE,Synthetic telemetry record analyzing phishing activity linked to defensive indicator 930eabef4ee5c939ea4b85775918b6913acb55aa05d0baa14459226ac0a93b1b.,Initial Access,Phishing: Spearphishing Attachment,T1566.001,CVE-2026-1042,CAMP-DEFENSE-022
THR-2026-0329,2026-08-16 14:22:24,Spear-Phishing Credential Harvester #29,PHISHING,URL,https://client-token.example.org/update/agent-installer?session_id=4787,Research Report,B – Usually Reliable,89,CRITICAL,96,MONITORING,2026-08-13 01:12:38,2026-08-16 14:22:24,US,Synthetic telemetry record analyzing phishing activity linked to defensive indicator https://client-token.example.org/update/agent-installer?session_id=4787.,Initial Access,Phishing: Spearphishing Link,T1566.002,,
THR-2026-0330,2026-08-26 22:48:01,Password Spraying against ADFS Demo #30,CREDENTIAL THREATS,EMAIL/SENDER DOMAIN,support-desk@example.net,Research Report,B – Usually Reliable,52,LOW,32,UNDER_REVIEW,2026-08-26 03:57:35,2026-08-26 22:48:01,BR,Synthetic telemetry record analyzing credential threats activity linked to defensive indicator support-desk@example.net.,Credential Access,Brute Force: Password Spraying,T1110.003,,
THR-2026-0331,2026-07-08 10:31:50,SQLi Pattern on Public Gateway #31,WEB THREATS,FILE HASH,660acd4dbad395fb1dbea3095d8ab0f74b2ba2aba5b30e9e83a84461bd115357,Internal SOC,A – Highly Reliable,55,LOW,31,MONITORING,2026-07-03 16:38:12,2026-07-08 10:31:50,AU,Synthetic telemetry record analyzing web threats activity linked to defensive indicator 660acd4dbad395fb1dbea3095d8ab0f74b2ba2aba5b30e9e83a84461bd115357.,Initial Access,Exploit Public-Facing Application,T1190,,
THR-2026-0332,2026-07-11 12:45:17,Kerberoasting Probe Telemetry #32,CREDENTIAL THREATS,EMAIL/SENDER DOMAIN,hr-notices@corporate-demo.invalid,Public Threat Feed,B – Usually Reliable,53,MEDIUM,47,UNDER_REVIEW,2026-07-09 21:14:26,2026-07-11 12:45:17,AU,Synthetic telemetry record analyzing credential threats activity linked to defensive indicator hr-notices@corporate-demo.invalid.,Credential Access,Credentials in Files,T1552.001,,
THR-2026-0333,2026-09-02 18:34:12,VSS Shadow Copy Invalidation Stub #33,RANSOMWARE,CVE ID,CVE-2026-1042,Security Vendor,A – Highly Reliable,75,CRITICAL,84,CLOSED,2026-08-30 23:41:21,2026-09-02 18:34:12,AU,Synthetic telemetry record analyzing ransomware activity linked to defensive indicator CVE-2026-1042.,Impact,Data Encrypted for Impact,T1486,CVE-2026-1042,
THR-2026-0334,2026-07-09 10:01:11,SQLi Pattern on Public Gateway #34,WEB THREATS,FILE HASH,06be98054bf66602004413774e6fce0a0946686c4bdcd27f0dc31d8cbdec0cd6,Unknown Source,D – Reliability Unknown,64,HIGH,64,MONITORING,2026-07-08 01:09:51,2026-07-09 10:01:11,NL,Synthetic telemetry record analyzing web threats activity linked to defensive indicator 06be98054bf66602004413774e6fce0a0946686c4bdcd27f0dc31d8cbdec0cd6.,Command and Control,Web Service: Dead Drop Resolver,T1102.001,,
THR-2026-0335,2026-07-17 05:58:19,Spear-Phishing Credential Harvester #35,PHISHING,URL,https://auth-gateway.example.com/secure/portal/auth?session_id=3196,Community Submission,C – Fairly Reliable,69,MEDIUM,46,MONITORING,2026-07-14 21:43:13,2026-07-17 05:58:19,JP,Synthetic telemetry record analyzing phishing activity linked to defensive indicator https://auth-gateway.example.com/secure/portal/auth?session_id=3196.,Initial Access,Phishing: Spearphishing Link,T1566.002,,CAMP-DEFENSE-014
THR-2026-0336,2026-09-15 09:32:09,Legacy WebDAV Exploit Sweep #36,VULNERABILITY EXPOSURE,DOMAIN,sub35.telemetry-sync.example.net,Internal SOC,A – Highly Reliable,76,MEDIUM,60,MONITORING,2026-09-10 14:58:19,2026-09-15 09:32:09,CH,Synthetic telemetry record analyzing vulnerability exposure activity linked to defensive indicator sub35.telemetry-sync.example.net.,Privilege Escalation,Exploitation for Privilege Escalation,T1068,CVE-2026-4401,
THR-2026-0337,2026-08-10 21:35:39,Port 445 Scanning in Perimeter #37,NETWORK THREATS,FILE HASH,e2bc1f60297668511da897a7d01ce1ddd7775aea53ae79dc35f2243cce026d9f,Unknown Source,D – Reliability Unknown,78,MEDIUM,42,CLOSED,2026-08-08 05:15:18,2026-08-10 21:35:39,FR,Synthetic telemetry record analyzing network threats activity linked to defensive indicator e2bc1f60297668511da897a7d01ce1ddd7775aea53ae79dc35f2243cce026d9f.,,,,,
THR-2026-0338,2026-08-12 04:18:15,Sensitive API Endpoint Exposure #38,DATA EXPOSURE,FILE HASH,6c9453de1127a834c686dc46ce632701f9a17c4f5456466f7a34c93b0df8dc21,Internal SOC,A – Highly Reliable,57,MEDIUM,42,UNDER_REVIEW,2026-08-09 14:22:09,2026-08-12 04:18:15,AU,Synthetic telemetry record analyzing data exposure activity linked to defensive indicator 6c9453de1127a834c686dc46ce632701f9a17c4f5456466f7a34c93b0df8dc21.,Exfiltration,Exfiltration Over Alternative Protocol,T1048,,
THR-2026-0339,2026-07-18 17:01:18,Cross-Site Scripting Injection Probe #39,WEB THREATS,EMAIL/SENDER DOMAIN,billing-verify@example.org,Research Report,B – Usually Reliable,65,HIGH,64,UNDER_REVIEW,2026-07-16 10:49:04,2026-07-18 17:01:18,GB,Synthetic telemetry record analyzing web threats activity linked to defensive indicator billing-verify@example.org.,Command and Control,Web Service: Dead Drop Resolver,T1102.001,,
THR-2026-0340,2026-09-08 20:01:20,QR Code Phishing (Quishing) Test #40,SOCIAL ENGINEERING,EMAIL/SENDER DOMAIN,hr-notices@corporate-demo.invalid,Internal SOC,A – Highly Reliable,92,CRITICAL,86,UNDER_REVIEW,2026-09-05 09:00:58,2026-09-08 20:01:20,CH,Synthetic telemetry record analyzing social engineering activity linked to defensive indicator hr-notices@corporate-demo.invalid.,Initial Access,Replication Through Removable Media,T1091,,
THR-2026-0341,2026-08-28 02:24:08,Exfiltration via Public Cloud Storage #41,DATA EXPOSURE,EMAIL/SENDER DOMAIN,hr-notices@corporate-demo.invalid,Community Submission,C – Fairly Reliable,75,CRITICAL,85,UNDER_REVIEW,2026-08-24 06:12:39,2026-08-28 02:24:08,JP,Synthetic telemetry record analyzing data exposure activity linked to defensive indicator hr-notices@corporate-demo.invalid.,Exfiltration,Exfiltration Over Web Service,T1567,,CAMP-DEFENSE-010
THR-2026-0342,2026-09-30 23:58:38,VSS Shadow Copy Invalidation Stub #42,RANSOMWARE,IP ADDRESS,192.0.2.246,Security Vendor,A – Highly Reliable,51,INFORMATIONAL,20,NEW,2026-09-27 04:07:47,2026-09-30 23:58:38,CA,Synthetic telemetry record analyzing ransomware activity linked to defensive indicator 192.0.2.246.,Impact,Data Encrypted for Impact,T1486,,
THR-2026-0343,2026-09-30 17:25:04,Edge Gateway Remote Buffer Trigger #43,VULNERABILITY EXPOSURE,FILE HASH,293e9e72894ab519993f3c07cb4b45bbeed3e623ed61b991c9cafa945c97905f,Community Submission,C – Fairly Reliable,43,LOW,38,NEW,2026-09-26 07:33:28,2026-09-30 17:25:04,BR,Synthetic telemetry record analyzing vulnerability exposure activity linked to defensive indicator 293e9e72894ab519993f3c07cb4b45bbeed3e623ed61b991c9cafa945c97905f.,,,,CVE-2026-3390,CAMP-DEFENSE-012
THR-2026-0344,2026-09-26 21:48:35,OAuth High-Privilege Consent Grant #44,ACCOUNT SECURITY,EMAIL/SENDER DOMAIN,support-desk@example.net,Internal SOC,A – Highly Reliable,69,LOW,30,NEW,2026-09-24 19:46:30,2026-09-26 21:48:35,CH,Synthetic telemetry record analyzing account security activity linked to defensive indicator support-desk@example.net.,Persistence,Create Account: Local Account,T1136.001,,
THR-2026-0345,2026-08-29 04:22:28,OAuth High-Privilege Consent Grant #45,ACCOUNT SECURITY,URL,https://login-check.invalid/download/security-patch.bin?session_id=5903,Public Threat Feed,B – Usually Reliable,55,INFORMATIONAL,18,UNDER_REVIEW,2026-08-27 06:54:06,2026-08-29 04:22:28,FR,Synthetic telemetry record analyzing account security activity linked to defensive indicator https://login-check.invalid/download/security-patch.bin?session_id=5903.,,,,,CAMP-DEFENSE-009
THR-2026-0346,2026-09-26 02:03:39,Synthetic Token Theft Activity #46,CREDENTIAL THREATS,CVE ID,CVE-2026-1188,Community Submission,C – Fairly Reliable,72,CRITICAL,97,FALSE_POSITIVE,2026-09-23 05:29:48,2026-09-26 02:03:39,AU,Synthetic telemetry record analyzing credential threats activity linked to defensive indicator CVE-2026-1188.,Credential Access,Credentials in Files,T1552.001,CVE-2026-1188,
THR-2026-0347,2026-08-11 17:39:36,Impossible Travel Anomaly #47,ACCOUNT SECURITY,URL,https://corp-portal-test.invalid/api/v1/health-check?session_id=3125,Community Submission,C – Fairly Reliable,56,MEDIUM,56,NEW,2026-08-09 03:17:43,2026-08-11 17:39:36,CA,Synthetic telemetry record analyzing account security activity linked to defensive indicator https://corp-portal-test.invalid/api/v1/health-check?session_id=3125.,Persistence,Account Manipulation: Additional Credentials,T1098.001,,
THR-2026-0348,2026-07-03 12:11:08,Generic Modular Loader Simulation #48,MALWARE,CVE ID,CVE-2026-4401,Community Submission,C – Fairly Reliable,70,LOW,38,UNDER_REVIEW,2026-07-01 10:30:02,2026-07-03 12:11:08,JP,Synthetic telemetry record analyzing malware activity linked to defensive indicator CVE-2026-4401.,Command and Control,Application Layer Protocol,T1071,CVE-2026-4401,
THR-2026-0349,2026-09-21 01:59:08,Server-Side Request Forgery Pattern #49,WEB THREATS,EMAIL/SENDER DOMAIN,payroll-alert@example.net,Internal SOC,A – Highly Reliable,84,MEDIUM,59,CLOSED,2026-09-19 09:59:30,2026-09-21 01:59:08,CA,Synthetic telemetry record analyzing web threats activity linked to defensive indicator payroll-alert@example.net.,Initial Access,Exploit Public-Facing Application,T1190,,
THR-2026-0350,2026-09-17 08:20:18,Corporate SSO Impersonation Portal #50,PHISHING,CVE ID,CVE-2026-1042,Research Report,B – Usually Reliable,74,HIGH,71,UNDER_REVIEW,2026-09-15 01:03:51,2026-09-17 08:20:18,FR,Synthetic telemetry record analyzing phishing activity linked to defensive indicator CVE-2026-1042.,Initial Access,Phishing: Spearphishing Attachment,T1566.001,CVE-2026-1042,
THR-2026-0351,2026-09-01 11:52:56,Sensitive API Endpoint Exposure #51,DATA EXPOSURE,IP ADDRESS,192.0.2.148,Unknown Source,D – Reliability Unknown,64,HIGH,63,UNDER_REVIEW,2026-08-27 21:56:24,2026-09-01 11:52:56,IN,Synthetic telemetry record analyzing data exposure activity linked to defensive indicator 192.0.2.148.,Exfiltration,Exfiltration Over Web Service,T1567,,
THR-2026-0352,2026-07-15 14:09:09,OAuth High-Privilege Consent Grant #52,ACCOUNT SECURITY,FILE HASH,5a9f1ad2833f3de947ce455eef33da097e3da5b3385d222089215d3242747d2a,Internal SOC,A – Highly Reliable,82,HIGH,71,NEW,2026-07-11 19:58:04,2026-07-15 14:09:09,JP,Synthetic telemetry record analyzing account security activity linked to defensive indicator 5a9f1ad2833f3de947ce455eef33da097e3da5b3385d222089215d3242747d2a.,,,,,
THR-2026-0353,2026-08-28 16:11:32,Synthetic Token Theft Activity #53,CREDENTIAL THREATS,EMAIL/SENDER DOMAIN,support-desk@example.org,Internal SOC,A – Highly Reliable,58,LOW,23,CLOSED,2026-08-28 11:42:17,2026-08-28 16:11:32,Global,Synthetic telemetry record analyzing credential threats activity linked to defensive indicator support-desk@example.org.,Credential Access,OS Credential Dumping,T1003,,CAMP-DEFENSE-011
THR-2026-0354,2026-07-04 01:42:23,DNS Tunneling Exfiltration Signature #54,NETWORK THREATS,DOMAIN,sub22.security-alert.example.net,Unknown Source,D – Reliability Unknown,65,INFORMATIONAL,17,MONITORING,2026-07-03 01:05:02,2026-07-04 01:42:23,SG,Synthetic telemetry record analyzing network threats activity linked to defensive indicator sub22.security-alert.example.net.,Discovery,Network Service Scanning,T1046,CVE-2026-1042,
THR-2026-0355,2026-07-26 06:59:28,Watering Hole Redirector Demo #55,SOCIAL ENGINEERING,IP ADDRESS,192.0.2.134,Unknown Source,D – Reliability Unknown,70,HIGH,67,MONITORING,2026-07-26 04:17:36,2026-07-26 06:59:28,GB,Synthetic telemetry record analyzing social engineering activity linked to defensive indicator 192.0.2.134.,Execution,User Execution: Malicious Link,T1204.001,,CAMP-DEFENSE-015
THR-2026-0356,2026-09-12 17:53:19,VSS Shadow Copy Invalidation Stub #56,RANSOMWARE,URL,https://auth-gateway.example.com/verify-account/prompt?session_id=9422,Internal SOC,A – Highly Reliable,75,LOW,25,CLOSED,2026-09-10 23:51:01,2026-09-12 17:53:19,US,Synthetic telemetry record analyzing ransomware activity linked to defensive indicator https://auth-gateway.example.com/verify-account/prompt?session_id=9422.,Impact,Inhibit System Recovery,T1490,,CAMP-DEFENSE-020
THR-2026-0357,2026-09-26 18:44:10,Admin Share Lateral Probe #57,RANSOMWARE,IP ADDRESS,198.51.100.232,Unknown Source,D – Reliability Unknown,31,INFORMATIONAL,17,UNDER_REVIEW,2026-09-24 20:42:14,2026-09-26 18:44:10,JP,Synthetic telemetry record analyzing ransomware activity linked to defensive indicator 198.51.100.232.,Impact,Inhibit System Recovery,T1490,,
THR-2026-0358,2026-07-05 18:47:02,ICMP Covert Beaconing Pattern #58,NETWORK THREATS,DOMAIN,sub95.security-alert.example.net,Internal SOC,A – Highly Reliable,50,MEDIUM,45,MONITORING,2026-07-02 00:05:41,2026-07-05 18:47:02,CA,Synthetic telemetry record analyzing network threats activity linked to defensive indicator sub95.security-alert.example.net.,Discovery,Network Sniffing,T1040,,
THR-2026-0359,2026-07-11 06:00:35,Kerberoasting Probe Telemetry #59,CREDENTIAL THREATS,DOMAIN,service.support-desk.invalid,Public Threat Feed,B – Usually Reliable,65,MEDIUM,51,UNDER_REVIEW,2026-07-09 06:57:38,2026-07-11 06:00:35,JP,Synthetic telemetry record analyzing credential threats activity linked to defensive indicator service.support-desk.invalid.,Credential Access,Brute Force: Password Spraying,T1110.003,CVE-2026-2189,
THR-2026-0360,2026-09-22 01:30:48,Port 445 Scanning in Perimeter #60,NETWORK THREATS,EMAIL/SENDER DOMAIN,payroll-alert@example.org,Community Submission,C – Fairly Reliable,77,HIGH,71,UNDER_REVIEW,2026-09-17 23:24:25,2026-09-22 01:30:48,FR,Synthetic telemetry record analyzing network threats activity linked to defensive indicator payroll-alert@example.org.,Command and Control,Protocol Tunneling,T1572,,
THR-2026-0361,2026-09-12 14:18:19,VSS Shadow Copy Invalidation Stub #61,RANSOMWARE,FILE HASH,d1fdcc8cd522ef0eb6dd023c20d9f4820baeda8845b4c1f663a2600b2402aaee,Public Threat Feed,B – Usually Reliable,81,MEDIUM,54,NEW,2026-09-09 03:01:05,2026-09-12 14:18:19,DE,Synthetic telemetry record analyzing ransomware activity linked to defensive indicator d1fdcc8cd522ef0eb6dd023c20d9f4820baeda8845b4c1f663a2600b2402aaee.,Impact,Inhibit System Recovery,T1490,,CAMP-DEFENSE-022
THR-2026-0362,2026-09-22 12:54:06,OAuth High-Privilege Consent Grant #62,ACCOUNT SECURITY,EMAIL/SENDER DOMAIN,security-admin@example.net,Community Submission,C – Fairly Reliable,34,LOW,33,UNDER_REVIEW,2026-09-20 07:28:33,2026-09-22 12:54:06,BR,Synthetic telemetry record analyzing account security activity linked to defensive indicator security-admin@example.net.,Persistence,Create Account: Local Account,T1136.001,,
THR-2026-0363,2026-07-13 13:14:40,Fake Invoice Redirector #63,PHISHING,IP ADDRESS,192.0.2.210,Security Vendor,A – Highly Reliable,54,MEDIUM,41,MONITORING,2026-07-09 00:51:13,2026-07-13 13:14:40,NL,Synthetic telemetry record analyzing phishing activity linked to defensive indicator 192.0.2.210.,Initial Access,Phishing: Spearphishing Attachment,T1566.001,,
THR-2026-0364,2026-07-04 23:35:05,DNS Tunneling Exfiltration Signature #64,NETWORK THREATS,URL,https://support-desk.invalid/session/token-exchange?session_id=8122,Unknown Source,D – Reliability Unknown,59,INFORMATIONAL,5,NEW,2026-07-03 06:16:22,2026-07-04 23:35:05,US,Synthetic telemetry record analyzing network threats activity linked to defensive indicator https://support-desk.invalid/session/token-exchange?session_id=8122.,Command and Control,Protocol Tunneling,T1572,,
THR-2026-0365,2026-08-23 12:07:50,Exfiltration via Public Cloud Storage #65,DATA EXPOSURE,URL,https://auth-gateway.example.com/session/token-exchange?session_id=1510,Security Vendor,A – Highly Reliable,70,MEDIUM,53,NEW,2026-08-20 13:18:39,2026-08-23 12:07:50,SG,Synthetic telemetry record analyzing data exposure activity linked to defensive indicator https://auth-gateway.example.com/session/token-exchange?session_id=1510.,Collection,Data from Cloud Storage,T1530,,CAMP-DEFENSE-005
THR-2026-0366,2026-09-19 05:52:58,Legacy WebDAV Exploit Sweep #66,VULNERABILITY EXPOSURE,DOMAIN,service.client-token.example.org,Security Vendor,A – Highly Reliable,62,INFORMATIONAL,20,CLOSED,2026-09-18 21:16:24,2026-09-19 05:52:58,IN,Synthetic telemetry record analyzing vulnerability exposure activity linked to defensive indicator service.client-token.example.org.,Initial Access,Exploit Public-Facing Application,T1190,CVE-2026-2189,CAMP-DEFENSE-014
THR-2026-0367,2026-07-19 14:12:50,Admin Share Lateral Probe #67,RANSOMWARE,FILE HASH,29dc0b56bbb09e2f2d12430407a99af3ba43c488e4ad0d539b49495125d70210,Community Submission,C – Fairly Reliable,68,LOW,34,MONITORING,2026-07-17 16:02:53,2026-07-19 14:12:50,AU,Synthetic telemetry record analyzing ransomware activity linked to defensive indicator 29dc0b56bbb09e2f2d12430407a99af3ba43c488e4ad0d539b49495125d70210.,,,,,
THR-2026-0368,2026-08-11 05:45:37,Unencrypted Diagnostic Log Leak #68,DATA EXPOSURE,EMAIL/SENDER DOMAIN,support-desk@example.com,Internal SOC,A – Highly Reliable,74,LOW,36,CLOSED,2026-08-07 17:10:28,2026-08-11 05:45:37,CA,Synthetic telemetry record analyzing data exposure activity linked to defensive indicator support-desk@example.com.,,,,,
THR-2026-0369,2026-09-23 08:46:05,Misconfigured Cloud Bucket Scraping #69,DATA EXPOSURE,IP ADDRESS,203.0.113.228,Community Submission,C – Fairly Reliable,81,HIGH,63,UNDER_REVIEW,2026-09-21 00:04:26,2026-09-23 08:46:05,CA,Synthetic telemetry record analyzing data exposure activity linked to defensive indicator 203.0.113.228.,Collection,Data from Cloud Storage,T1530,,CAMP-DEFENSE-011
THR-2026-0370,2026-08-30 14:09:05,Executive Pretexting Call Campaign #70,SOCIAL ENGINEERING,EMAIL/SENDER DOMAIN,security-admin@example.net,Research Report,B – Usually Reliable,32,LOW,26,MONITORING,2026-08-25 16:49:13,2026-08-30 14:09:05,BR,Synthetic telemetry record analyzing social engineering activity linked to defensive indicator security-admin@example.net.,Initial Access,Trusted Relationship,T1199,,
THR-2026-0371,2026-07-04 06:47:19,Fake IT Helpdesk Remote Access Lure #71,SOCIAL ENGINEERING,EMAIL/SENDER DOMAIN,hr-notices@example.com,Unknown Source,D – Reliability Unknown,76,MEDIUM,50,UNDER_REVIEW,2026-06-30 05:43:16,2026-07-04 06:47:19,IN,Synthetic telemetry record analyzing social engineering activity linked to defensive indicator hr-notices@example.com.,,,,,
THR-2026-0372,2026-09-15 14:51:11,Cross-Site Scripting Injection Probe #72,WEB THREATS,URL,https://corp-portal-test.invalid/verify-account/prompt?session_id=2827,Community Submission,C – Fairly Reliable,53,LOW,35,MONITORING,2026-09-12 15:50:26,2026-09-15 14:51:11,SG,Synthetic telemetry record analyzing web threats activity linked to defensive indicator https://corp-portal-test.invalid/verify-account/prompt?session_id=2827.,Collection,Automated Collection: Web Scraping,T1119,,CAMP-DEFENSE-006
THR-2026-0373,2026-07-24 01:27:16,InfoStealer Demo Artifact #73,MALWARE,DOMAIN,sub29.invoice-verify.invalid,Research Report,B – Usually Reliable,58,MEDIUM,46,NEW,2026-07-22 20:54:02,2026-07-24 01:27:16,CA,Synthetic telemetry record analyzing malware activity linked to defensive indicator sub29.invoice-verify.invalid.,Defense Evasion,Obfuscated Files or Information,T1027,CVE-2026-5512,
THR-2026-0374,2026-07-08 01:39:07,Public Facing API Auth Bypass #74,VULNERABILITY EXPOSURE,FILE HASH,6b6a9e3c400b17cb81c621a17fe97c62b969f548da19c71ebc2b81c4f31042e9,Unknown Source,D – Reliability Unknown,60,LOW,33,UNDER_REVIEW,2026-07-03 10:57:24,2026-07-08 01:39:07,FR,Synthetic telemetry record analyzing vulnerability exposure activity linked to defensive indicator 6b6a9e3c400b17cb81c621a17fe97c62b969f548da19c71ebc2b81c4f31042e9.,Lateral Movement,Exploitation of Remote Services,T1210,CVE-2026-7734,CAMP-DEFENSE-015
THR-2026-0375,2026-07-07 08:32:17,Fake Invoice Redirector #75,PHISHING,IP ADDRESS,203.0.113.164,Public Threat Feed,B – Usually Reliable,80,CRITICAL,89,UNDER_REVIEW,2026-07-05 04:43:25,2026-07-07 08:32:17,CH,Synthetic telemetry record analyzing phishing activity linked to defensive indicator 203.0.113.164.,Initial Access,Phishing: Spearphishing Link,T1566.002,,
THR-2026-0376,2026-09-03 03:41:20,Dormant Administrator Account Activation #76,ACCOUNT SECURITY,DOMAIN,sub96.session-manager.invalid,Security Vendor,A – Highly Reliable,20,INFORMATIONAL,7,NEW,2026-09-03 02:25:10,2026-09-03 03:41:20,JP,Synthetic telemetry record analyzing account security activity linked to defensive indicator sub96.session-manager.invalid.,Persistence,Create Account: Local Account,T1136.001,,
THR-2026-0377,2026-09-26 04:52:17,Kerberoasting Probe Telemetry #77,CREDENTIAL THREATS,IP ADDRESS,192.0.2.159,Internal SOC,A – Highly Reliable,90,HIGH,67,NEW,2026-09-23 05:34:29,2026-09-26 04:52:17,DE,Synthetic telemetry record analyzing credential threats activity linked to defensive indicator 192.0.2.159.,Credential Access,Brute Force: Password Spraying,T1110.003,,CAMP-DEFENSE-020
THR-2026-0378,2026-08-21 13:14:59,ShadowLocker Ransomware Activity #78,RANSOMWARE,URL,https://corp-portal-test.invalid/secure/portal/auth?session_id=2240,Unknown Source,D – Reliability Unknown,68,HIGH,71,UNDER_REVIEW,2026-08-16 13:49:12,2026-08-21 13:14:59,JP,Synthetic telemetry record analyzing ransomware activity linked to defensive indicator https://corp-portal-test.invalid/secure/portal/auth?session_id=2240.,Impact,Data Encrypted for Impact,T1486,,CAMP-DEFENSE-013
THR-2026-0379,2026-08-27 00:27:06,Cross-Site Scripting Injection Probe #79,WEB THREATS,DOMAIN,sub72.telemetry-sync.example.net,Community Submission,C – Fairly Reliable,79,LOW,38,MONITORING,2026-08-23 18:59:38,2026-08-27 00:27:06,US,Synthetic telemetry record analyzing web threats activity linked to defensive indicator sub72.telemetry-sync.example.net.,Command and Control,Web Service: Dead Drop Resolver,T1102.001,,
THR-2026-0380,2026-07-23 10:37:59,Memory Injection Testing Stub #80,MALWARE,IP ADDRESS,203.0.113.187,Public Threat Feed,B – Usually Reliable,47,MEDIUM,41,MONITORING,2026-07-23 08:22:52,2026-07-23 10:37:59,CA,Synthetic telemetry record analyzing malware activity linked to defensive indicator 203.0.113.187.,Defense Evasion,Obfuscated Files or Information,T1027,,CAMP-DEFENSE-013
THR-2026-0381,2026-08-13 18:13:05,Edge Gateway Remote Buffer Trigger #81,VULNERABILITY EXPOSURE,FILE HASH,ee9f22f3a860856e402506882fcf3335c761d8faafd7e31cbe3fd3868ac63391,Internal SOC,A – Highly Reliable,73,CRITICAL,96,UNDER_REVIEW,2026-08-13 17:49:17,2026-08-13 18:13:05,SG,Synthetic telemetry record analyzing vulnerability exposure activity linked to defensive indicator ee9f22f3a860856e402506882fcf3335c761d8faafd7e31cbe3fd3868ac63391.,Privilege Escalation,Exploitation for Privilege Escalation,T1068,CVE-2026-6623,
THR-2026-0382,2026-09-13 01:20:50,Exfiltration via Public Cloud Storage #82,DATA EXPOSURE,URL,https://auth-gateway.example.com/secure/portal/auth?session_id=5750,Unknown Source,D – Reliability Unknown,79,CRITICAL,87,NEW,2026-09-10 06:48:36,2026-09-13 01:20:50,CH,Synthetic telemetry record analyzing data exposure activity linked to defensive indicator https://auth-gateway.example.com/secure/portal/auth?session_id=5750.,Exfiltration,Exfiltration Over Web Service,T1567,,
THR-2026-0383,2026-07-03 17:48:10,Password Spraying against ADFS Demo #83,CREDENTIAL THREATS,DOMAIN,service.login-check.invalid,Unknown Source,D – Reliability Unknown,64,MEDIUM,58,NEW,2026-07-02 13:11:04,2026-07-03 17:48:10,AU,Synthetic telemetry record analyzing credential threats activity linked to defensive indicator service.login-check.invalid.,Credential Access,OS Credential Dumping,T1003,,CAMP-DEFENSE-011
THR-2026-0384,2026-07-08 19:15:44,Generic Modular Loader Simulation #84,MALWARE,DOMAIN,sub95.security-alert.example.net,Research Report,B – Usually Reliable,59,MEDIUM,59,NEW,2026-07-04 10:50:17,2026-07-08 19:15:44,NL,Synthetic telemetry record analyzing malware activity linked to defensive indicator sub95.security-alert.example.net.,Execution,User Execution: Malicious File,T1204.002,,
THR-2026-0385,2026-07-11 23:42:01,Extortion Double-Dip Campaign #85,RANSOMWARE,IP ADDRESS,192.0.2.162,Internal SOC,A – Highly Reliable,57,INFORMATIONAL,10,MONITORING,2026-07-07 21:12:42,2026-07-11 23:42:01,DE,Synthetic telemetry record analyzing ransomware activity linked to defensive indicator 192.0.2.162.,,,,,CAMP-DEFENSE-020
THR-2026-0386,2026-08-01 07:53:19,Password Spraying against ADFS Demo #86,CREDENTIAL THREATS,FILE HASH,f802ee21238aa2a123b5773ac44dda120d67ef55fd98dc1a7f2c5b4b3fabe792,Unknown Source,D – Reliability Unknown,74,CRITICAL,98,UNDER_REVIEW,2026-07-30 16:58:50,2026-08-01 07:53:19,JP,Synthetic telemetry record analyzing credential threats activity linked to defensive indicator f802ee21238aa2a123b5773ac44dda120d67ef55fd98dc1a7f2c5b4b3fabe792.,Credential Access,Brute Force: Password Spraying,T1110.003,,
THR-2026-0387,2026-08-12 13:34:02,ShadowLocker Ransomware Activity #87,RANSOMWARE,FILE HASH,130a69f8691dc7f0840cfdef6b22aece75bf7e8343fcacdc75a6773be6d8ba8b,Public Threat Feed,B – Usually Reliable,74,CRITICAL,82,MONITORING,2026-08-10 08:55:41,2026-08-12 13:34:02,CA,Synthetic telemetry record analyzing ransomware activity linked to defensive indicator 130a69f8691dc7f0840cfdef6b22aece75bf7e8343fcacdc75a6773be6d8ba8b.,,,,,
THR-2026-0388,2026-07-29 18:44:06,InfoStealer Demo Artifact #88,MALWARE,IP ADDRESS,192.0.2.46,Internal SOC,A – Highly Reliable,74,LOW,36,UNDER_REVIEW,2026-07-26 19:29:14,2026-07-29 18:44:06,IN,Synthetic telemetry record analyzing malware activity linked to defensive indicator 192.0.2.46.,,,,,CAMP-DEFENSE-015
THR-2026-0389,2026-07-07 21:14:12,Corporate SSO Impersonation Portal #89,PHISHING,EMAIL/SENDER DOMAIN,hr-notices@corporate-demo.invalid,Community Submission,C – Fairly Reliable,73,HIGH,72,FALSE_POSITIVE,2026-07-04 17:58:26,2026-07-07 21:14:12,Global,Synthetic telemetry record analyzing phishing activity linked to defensive indicator hr-notices@corporate-demo.invalid.,,,,,CAMP-DEFENSE-017
THR-2026-0390,2026-08-03 01:02:08,Unencrypted Diagnostic Log Leak #90,DATA EXPOSURE,EMAIL/SENDER DOMAIN,hr-notices@corporate-demo.invalid,Unknown Source,D – Reliability Unknown,73,LOW,25,NEW,2026-08-01 15:51:52,2026-08-03 01:02:08,JP,Synthetic telemetry record analyzing data exposure activity linked to defensive indicator hr-notices@corporate-demo.invalid.,Exfiltration,Exfiltration Over Alternative Protocol,T1048,,CAMP-DEFENSE-002
THR-2026-0391,2026-07-20 22:24:01,Synthetic Token Theft Activity #91,CREDENTIAL THREATS,FILE HASH,91d59d3a52208c947f39fc484699e047a89a00dc44b07be2ca426c899ca6aac7,Community Submission,C – Fairly Reliable,54,INFORMATIONAL,6,MONITORING,2026-07-17 03:23:29,2026-07-20 22:24:01,AU,Synthetic telemetry record analyzing credential threats activity linked to defensive indicator 91d59d3a52208c947f39fc484699e047a89a00dc44b07be2ca426c899ca6aac7.,Credential Access,Brute Force: Password Spraying,T1110.003,,CAMP-DEFENSE-008
THR-2026-0392,2026-07-23 06:52:58,Compromised Service Account Pattern #92,CREDENTIAL THREATS,CVE ID,CVE-2026-2189,Security Vendor,A – Highly Reliable,32,INFORMATIONAL,18,UNDER_REVIEW,2026-07-21 15:44:49,2026-07-23 06:52:58,GB,Synthetic telemetry record analyzing credential threats activity linked to defensive indicator CVE-2026-2189.,Credential Access,Brute Force: Password Spraying,T1110.003,CVE-2026-2189,
THR-2026-0393,2026-08-28 17:46:06,Compromised Service Account Pattern #93,CREDENTIAL THREATS,EMAIL/SENDER DOMAIN,security-admin@example.org,Research Report,B – Usually Reliable,47,LOW,32,NEW,2026-08-26 10:50:23,2026-08-28 17:46:06,CA,Synthetic telemetry record analyzing credential threats activity linked to defensive indicator security-admin@example.org.,Credential Access,Brute Force: Password Spraying,T1110.003,CVE-2026-1188,CAMP-DEFENSE-005
THR-2026-0394,2026-09-17 05:18:50,Unauthenticated Deserialization Scan #94,VULNERABILITY EXPOSURE,DOMAIN,sub38.corp-portal-test.invalid,Community Submission,C – Fairly Reliable,88,CRITICAL,86,UNDER_REVIEW,2026-09-13 05:57:57,2026-09-17 05:18:50,IN,Synthetic telemetry record analyzing vulnerability exposure activity linked to defensive indicator sub38.corp-portal-test.invalid.,Initial Access,Exploit Public-Facing Application,T1190,CVE-2026-2189,
THR-2026-0395,2026-08-23 19:54:32,QR Code Phishing (Quishing) Test #95,SOCIAL ENGINEERING,FILE HASH,8dc08068237e7a942a0c1a1dbc8f49954cba8635b4ad3bed8dc7cd99000ab567,Unknown Source,D – Reliability Unknown,67,LOW,34,CLOSED,2026-08-19 11:11:50,2026-08-23 19:54:32,US,Synthetic telemetry record analyzing social engineering activity linked to defensive indicator 8dc08068237e7a942a0c1a1dbc8f49954cba8635b4ad3bed8dc7cd99000ab567.,Initial Access,Trusted Relationship,T1199,,
THR-2026-0396,2026-09-28 07:03:37,Fake Invoice Redirector #96,PHISHING,FILE HASH,208b5c3f260e5968533c4d24b509e8d65f84cb35c81eb74937e1e57c93d115ec,Community Submission,C – Fairly Reliable,73,MEDIUM,44,UNDER_REVIEW,2026-09-25 15:19:32,2026-09-28 07:03:37,GB,Synthetic telemetry record analyzing phishing activity linked to defensive indicator 208b5c3f260e5968533c4d24b509e8d65f84cb35c81eb74937e1e57c93d115ec.,Initial Access,Phishing: Spearphishing Link,T1566.002,,CAMP-DEFENSE-024
THR-2026-0397,2026-08-02 04:05:19,ICMP Covert Beaconing Pattern #97,NETWORK THREATS,URL,https://telemetry-sync.example.net/download/security-patch.bin?session_id=1260,Research Report,B – Usually Reliable,82,MEDIUM,59,CLOSED,2026-08-01 08:40:20,2026-08-02 04:05:19,GB,Synthetic telemetry record analyzing network threats activity linked to defensive indicator https://telemetry-sync.example.net/download/security-patch.bin?session_id=1260.,,,,,
THR-2026-0398,2026-08-05 08:58:16,Port 445 Scanning in Perimeter #98,NETWORK THREATS,CVE ID,CVE-2026-7734,Unknown Source,D – Reliability Unknown,53,INFORMATIONAL,15,MONITORING,2026-08-01 01:43:30,2026-08-05 08:58:16,Global,Synthetic telemetry record analyzing network threats activity linked to defensive indicator CVE-2026-7734.,,,,CVE-2026-7734,
THR-2026-0399,2026-07-08 07:58:21,InfoStealer Demo Artifact #99,MALWARE,EMAIL/SENDER DOMAIN,support-desk@example.com,Community Submission,C – Fairly Reliable,72,HIGH,64,MONITORING,2026-07-04 23:00:51,2026-07-08 07:58:21,GB,Synthetic telemetry record analyzing malware activity linked to defensive indicator support-desk@example.com.,Command and Control,Application Layer Protocol,T1071,CVE-2026-6623,CAMP-DEFENSE-018
THR-2026-0400,2026-07-08 21:17:39,ICMP Covert Beaconing Pattern #00,NETWORK THREATS,DOMAIN,sub93.invoice-verify.invalid,Unknown Source,D – Reliability Unknown,94,CRITICAL,87,UNDER_REVIEW,2026-07-05 23:40:48,2026-07-08 21:17:39,JP,Synthetic telemetry record analyzing network threats activity linked to defensive indicator sub93.invoice-verify.invalid.,Discovery,Network Service Scanning,T1046,,
THR-2026-0401,2026-08-18 14:31:00,Spear-Phishing Credential Harvester #01,PHISHING,IP ADDRESS,198.51.100.89,Research Report,B – Usually Reliable,73,LOW,38,MONITORING,2026-08-15 23:18:53,2026-08-18 14:31:00,NL,Synthetic telemetry record analyzing phishing activity linked to defensive indicator 198.51.100.89.,Initial Access,Phishing: Spearphishing Attachment,T1566.001,,
THR-2026-0402,2026-09-05 09:24:25,QR Code Phishing (Quishing) Test #02,SOCIAL ENGINEERING,IP ADDRESS,192.0.2.101,Security Vendor,A – Highly Reliable,37,LOW,29,NEW,2026-08-31 14:36:42,2026-09-05 09:24:25,BR,Synthetic telemetry record analyzing social engineering activity linked to defensive indicator 192.0.2.101.,Execution,User Execution: Malicious Link,T1204.001,,CAMP-DEFENSE-021
THR-2026-0403,2026-08-04 08:37:43,Exfiltration via Public Cloud Storage #03,DATA EXPOSURE,DOMAIN,sub63.invoice-verify.invalid,Unknown Source,D – Reliability Unknown,53,INFORMATIONAL,12,MONITORING,2026-08-02 21:38:48,2026-08-04 08:37:43,IN,Synthetic telemetry record analyzing data exposure activity linked to defensive indicator sub63.invoice-verify.invalid.,Exfiltration,Exfiltration Over Alternative Protocol,T1048,,
THR-2026-0404,2026-08-11 07:41:52,Sensitive API Endpoint Exposure #04,DATA EXPOSURE,EMAIL/SENDER DOMAIN,security-admin@corporate-demo.invalid,Public Threat Feed,B – Usually Reliable,44,LOW,29,UNDER_REVIEW,2026-08-06 19:54:14,2026-08-11 07:41:52,IN,Synthetic telemetry record analyzing data exposure activity linked to defensive indicator security-admin@corporate-demo.invalid.,Exfiltration,Exfiltration Over Alternative Protocol,T1048,,CAMP-DEFENSE-012
THR-2026-0405,2026-09-14 22:18:41,Admin Share Lateral Probe #05,RANSOMWARE,CVE ID,CVE-2026-6623,Public Threat Feed,B – Usually Reliable,65,HIGH,65,UNDER_REVIEW,2026-09-14 01:16:06,2026-09-14 22:18:41,GB,Synthetic telemetry record analyzing ransomware activity linked to defensive indicator CVE-2026-6623.,Impact,Data Encrypted for Impact,T1486,CVE-2026-6623,
THR-2026-0406,2026-09-18 00:23:44,Synthetic Token Theft Activity #06,CREDENTIAL THREATS,EMAIL/SENDER DOMAIN,billing-verify@example.net,Public Threat Feed,B – Usually Reliable,79,CRITICAL,98,CLOSED,2026-09-15 18:35:02,2026-09-18 00:23:44,GB,Synthetic telemetry record analyzing credential threats activity linked to defensive indicator billing-verify@example.net.,,,,CVE-2026-8845,
THR-2026-0407,2026-09-01 12:49:43,Spear-Phishing Credential Harvester #07,PHISHING,CVE ID,CVE-2026-8845,Community Submission,C – Fairly Reliable,81,MEDIUM,50,MONITORING,2026-08-29 00:10:28,2026-09-01 12:49:43,GB,Synthetic telemetry record analyzing phishing activity linked to defensive indicator CVE-2026-8845.,Initial Access,Phishing: Spearphishing Voice,T1566.004,CVE-2026-8845,CAMP-DEFENSE-004
THR-2026-0408,2026-08-06 19:14:04,Misconfigured Cloud Bucket Scraping #08,DATA EXPOSURE,IP ADDRESS,198.51.100.7,Research Report,B – Usually Reliable,48,MEDIUM,51,UNDER_REVIEW,2026-08-05 16:47:26,2026-08-06 19:14:04,DE,Synthetic telemetry record analyzing data exposure activity linked to defensive indicator 198.51.100.7.,Exfiltration,Exfiltration Over Web Service,T1567,,CAMP-DEFENSE-025
THR-2026-0409,2026-07-05 14:07:43,Exfiltration via Public Cloud Storage #09,DATA EXPOSURE,FILE HASH,57f16bf3b7319d6ec9c54fa838ab54ea4daa340677cd92a2b6307109acda9edb,Internal SOC,A – Highly Reliable,83,MEDIUM,60,NEW,2026-07-03 14:47:52,2026-07-05 14:07:43,SG,Synthetic telemetry record analyzing data exposure activity linked to defensive indicator 57f16bf3b7319d6ec9c54fa838ab54ea4daa340677cd92a2b6307109acda9edb.,Exfiltration,Exfiltration Over Web Service,T1567,,
THR-2026-0410,2026-09-03 14:52:30,Legacy WebDAV Exploit Sweep #10,VULNERABILITY EXPOSURE,URL,https://login-check.invalid/session/token-exchange?session_id=6651,Public Threat Feed,B – Usually Reliable,73,MEDIUM,47,FALSE_POSITIVE,2026-09-01 09:24:21,2026-09-03 14:52:30,CH,Synthetic telemetry record analyzing vulnerability exposure activity linked to defensive indicator https://login-check.invalid/session/token-exchange?session_id=6651.,Privilege Escalation,Exploitation for Privilege Escalation,T1068,CVE-2026-8845,CAMP-DEFENSE-024
THR-2026-0411,2026-09-12 15:17:08,Public Facing API Auth Bypass #11,VULNERABILITY EXPOSURE,DOMAIN,sub86.auth-gateway.example.com,Security Vendor,A – Highly Reliable,62,HIGH,71,MONITORING,2026-09-10 06:19:55,2026-09-12 15:17:08,AU,Synthetic telemetry record analyzing vulnerability exposure activity linked to defensive indicator sub86.auth-gateway.example.com.,Lateral Movement,Exploitation of Remote Services,T1210,CVE-2026-7734,CAMP-DEFENSE-014
THR-2026-0412,2026-09-14 14:16:21,ShadowLocker Ransomware Activity #12,RANSOMWARE,EMAIL/SENDER DOMAIN,security-admin@example.org,Security Vendor,A – Highly Reliable,64,MEDIUM,42,NEW,2026-09-12 16:27:36,2026-09-14 14:16:21,GB,Synthetic telemetry record analyzing ransomware activity linked to defensive indicator security-admin@example.org.,Infiltration,Lateral Movement: SMB/Windows Admin Shares,T1021.002,,
THR-2026-0413,2026-08-02 10:49:30,Path Traversal Web Probe #13,WEB THREATS,URL,https://client-token.example.org/secure/portal/auth?session_id=3034,Unknown Source,D – Reliability Unknown,31,LOW,28,NEW,2026-08-01 00:18:08,2026-08-02 10:49:30,IN,Synthetic telemetry record analyzing web threats activity linked to defensive indicator https://client-token.example.org/secure/portal/auth?session_id=3034.,,,,,
THR-2026-0414,2026-07-31 15:40:28,QR Code Phishing (Quishing) Test #14,SOCIAL ENGINEERING,EMAIL/SENDER DOMAIN,security-admin@example.net,Unknown Source,D – Reliability Unknown,76,HIGH,72,NEW,2026-07-26 18:45:48,2026-07-31 15:40:28,CH,Synthetic telemetry record analyzing social engineering activity linked to defensive indicator security-admin@example.net.,Initial Access,Replication Through Removable Media,T1091,,CAMP-DEFENSE-002
THR-2026-0415,2026-08-24 14:27:23,ShadowLocker Ransomware Activity #15,RANSOMWARE,URL,https://update-service.example.org/verify-account/prompt?session_id=5467,Public Threat Feed,B – Usually Reliable,63,MEDIUM,50,NEW,2026-08-20 01:00:14,2026-08-24 14:27:23,IN,Synthetic telemetry record analyzing ransomware activity linked to defensive indicator https://update-service.example.org/verify-account/prompt?session_id=5467.,Impact,Data Encrypted for Impact,T1486,,
THR-2026-0416,2026-07-21 09:47:05,VSS Shadow Copy Invalidation Stub #16,RANSOMWARE,EMAIL/SENDER DOMAIN,support-desk@example.net,Unknown Source,D – Reliability Unknown,51,MEDIUM,52,UNDER_REVIEW,2026-07-20 01:12:35,2026-07-21 09:47:05,AU,Synthetic telemetry record analyzing ransomware activity linked to defensive indicator support-desk@example.net.,Infiltration,Lateral Movement: SMB/Windows Admin Shares,T1021.002,,CAMP-DEFENSE-017
THR-2026-0417,2026-09-11 10:31:31,DNS Tunneling Exfiltration Signature #17,NETWORK THREATS,DOMAIN,service.update-service.example.org,Community Submission,C – Fairly Reliable,82,HIGH,80,MONITORING,2026-09-10 11:54:55,2026-09-11 10:31:31,AU,Synthetic telemetry record analyzing network threats activity linked to defensive indicator service.update-service.example.org.,Discovery,Network Sniffing,T1040,,
THR-2026-0418,2026-07-10 07:15:04,Watering Hole Redirector Demo #18,SOCIAL ENGINEERING,IP ADDRESS,192.0.2.210,Security Vendor,A – Highly Reliable,38,LOW,32,NEW,2026-07-07 21:42:32,2026-07-10 07:15:04,US,Synthetic telemetry record analyzing social engineering activity linked to defensive indicator 192.0.2.210.,Initial Access,Trusted Relationship,T1199,,
THR-2026-0419,2026-07-31 11:04:10,Generic Modular Loader Simulation #19,MALWARE,DOMAIN,service.session-manager.invalid,Security Vendor,A – Highly Reliable,57,LOW,23,NEW,2026-07-29 22:10:40,2026-07-31 11:04:10,US,Synthetic telemetry record analyzing malware activity linked to defensive indicator service.session-manager.invalid.,Execution,User Execution: Malicious File,T1204.002,CVE-2026-8845,
THR-2026-0420,2026-07-11 15:21:25,Sensitive API Endpoint Exposure #20,DATA EXPOSURE,EMAIL/SENDER DOMAIN,billing-verify@corporate-demo.invalid,Internal SOC,A – Highly Reliable,78,LOW,21,MONITORING,2026-07-11 10:09:48,2026-07-11 15:21:25,GB,Synthetic telemetry record analyzing data exposure activity linked to defensive indicator billing-verify@corporate-demo.invalid.,,,,,
THR-2026-0421,2026-07-08 15:28:30,DNS Tunneling Exfiltration Signature #21,NETWORK THREATS,IP ADDRESS,192.0.2.38,Unknown Source,D – Reliability Unknown,62,LOW,26,NEW,2026-07-03 21:37:13,2026-07-08 15:28:30,FR,Synthetic telemetry record analyzing network threats activity linked to defensive indicator 192.0.2.38.,Discovery,Network Sniffing,T1040,,
THR-2026-0422,2026-09-15 20:58:53,Compromised Service Account Pattern #22,CREDENTIAL THREATS,CVE ID,CVE-2026-8845,Public Threat Feed,B – Usually Reliable,33,INFORMATIONAL,8,MONITORING,2026-09-12 02:29:57,2026-09-15 20:58:53,BR,Synthetic telemetry record analyzing credential threats activity linked to defensive indicator CVE-2026-8845.,Credential Access,Credentials in Files,T1552.001,CVE-2026-8845,
THR-2026-0423,2026-08-16 02:03:07,Generic Modular Loader Simulation #23,MALWARE,DOMAIN,sub58.doc-share.example.org,Security Vendor,A – Highly Reliable,63,HIGH,71,MONITORING,2026-08-14 01:08:33,2026-08-16 02:03:07,DE,Synthetic telemetry record analyzing malware activity linked to defensive indicator sub58.doc-share.example.org.,Command and Control,Application Layer Protocol,T1071,,
THR-2026-0424,2026-08-21 05:41:37,ICMP Covert Beaconing Pattern #24,NETWORK THREATS,FILE HASH,0a401e9203e4321d8588e5dd11c03777104d07eb9c5da37283eeee20a28627ea,Public Threat Feed,B – Usually Reliable,59,MEDIUM,55,CLOSED,2026-08-17 13:21:10,2026-08-21 05:41:37,BR,Synthetic telemetry record analyzing network threats activity linked to defensive indicator 0a401e9203e4321d8588e5dd11c03777104d07eb9c5da37283eeee20a28627ea.,Command and Control,Protocol Tunneling,T1572,,
THR-2026-0425,2026-08-01 21:29:12,Port 445 Scanning in Perimeter #25,NETWORK THREATS,DOMAIN,service.client-token.example.org,Research Report,B – Usually Reliable,52,MEDIUM,43,NEW,2026-07-30 21:55:20,2026-08-01 21:29:12,DE,Synthetic telemetry record analyzing network threats activity linked to defensive indicator service.client-token.example.org.,,,,,
THR-2026-0426,2026-09-20 06:43:42,ICMP Covert Beaconing Pattern #26,NETWORK THREATS,DOMAIN,service.support-desk.invalid,Research Report,B – Usually Reliable,84,HIGH,69,CLOSED,2026-09-16 02:09:18,2026-09-20 06:43:42,SG,Synthetic telemetry record analyzing network threats activity linked to defensive indicator service.support-desk.invalid.,Discovery,Network Sniffing,T1040,,
THR-2026-0427,2026-07-04 12:55:11,Fake IT Helpdesk Remote Access Lure #27,SOCIAL ENGINEERING,CVE ID,CVE-2026-8845,Research Report,B – Usually Reliable,36,LOW,35,MONITORING,2026-07-01 23:33:00,2026-07-04 12:55:11,US,Synthetic telemetry record analyzing social engineering activity linked to defensive indicator CVE-2026-8845.,,,,CVE-2026-8845,
THR-2026-0428,2026-08-17 12:49:26,Memory Injection Testing Stub #28,MALWARE,CVE ID,CVE-2026-1188,Internal SOC,A – Highly Reliable,73,LOW,40,MONITORING,2026-08-17 09:36:51,2026-08-17 12:49:26,Global,Synthetic telemetry record analyzing malware activity linked to defensive indicator CVE-2026-1188.,Defense Evasion,Obfuscated Files or Information,T1027,CVE-2026-1188,
THR-2026-0429,2026-08-16 22:27:17,Executive Pretexting Call Campaign #29,SOCIAL ENGINEERING,DOMAIN,service.invoice-verify.invalid,Research Report,B – Usually Reliable,77,HIGH,78,CLOSED,2026-08-14 05:21:44,2026-08-16 22:27:17,AU,Synthetic telemetry record analyzing social engineering activity linked to defensive indicator service.invoice-verify.invalid.,,,,,
THR-2026-0430,2026-09-28 08:42:06,Executive Pretexting Call Campaign #30,SOCIAL ENGINEERING,URL,https://doc-share.example.org/secure/portal/auth?session_id=8531,Internal SOC,A – Highly Reliable,88,HIGH,70,UNDER_REVIEW,2026-09-25 13:54:06,2026-09-28 08:42:06,IN,Synthetic telemetry record analyzing social engineering activity linked to defensive indicator https://doc-share.example.org/secure/portal/auth?session_id=8531.,Execution,User Execution: Malicious Link,T1204.001,,CAMP-DEFENSE-013
THR-2026-0431,2026-08-13 19:48:25,Watering Hole Redirector Demo #31,SOCIAL ENGINEERING,CVE ID,CVE-2026-5512,Unknown Source,D – Reliability Unknown,77,MEDIUM,46,FALSE_POSITIVE,2026-08-11 11:25:43,2026-08-13 19:48:25,Global,Synthetic telemetry record analyzing social engineering activity linked to defensive indicator CVE-2026-5512.,,,,CVE-2026-5512,
THR-2026-0432,2026-07-18 01:49:51,Server-Side Request Forgery Pattern #32,WEB THREATS,URL,https://login-check.invalid/verify-account/prompt?session_id=1739,Security Vendor,A – Highly Reliable,84,HIGH,61,FALSE_POSITIVE,2026-07-16 07:57:56,2026-07-18 01:49:51,SG,Synthetic telemetry record analyzing web threats activity linked to defensive indicator https://login-check.invalid/verify-account/prompt?session_id=1739.,Collection,Automated Collection: Web Scraping,T1119,,
THR-2026-0433,2026-09-10 05:22:45,Urgent Security Notification Lure #33,PHISHING,CVE ID,CVE-2026-3390,Security Vendor,A – Highly Reliable,39,INFORMATIONAL,7,NEW,2026-09-08 15:55:38,2026-09-10 05:22:45,IN,Synthetic telemetry record analyzing phishing activity linked to defensive indicator CVE-2026-3390.,,,,CVE-2026-3390,CAMP-DEFENSE-011
THR-2026-0434,2026-08-20 02:10:31,Exfiltration via Public Cloud Storage #34,DATA EXPOSURE,FILE HASH,6dbd1c47a6dc8ce026bdbdd2b8345d03ae40af18cc1d9f4479cc12010aad8594,Unknown Source,D – Reliability Unknown,54,LOW,39,NEW,2026-08-19 23:30:25,2026-08-20 02:10:31,FR,Synthetic telemetry record analyzing data exposure activity linked to defensive indicator 6dbd1c47a6dc8ce026bdbdd2b8345d03ae40af18cc1d9f4479cc12010aad8594.,Exfiltration,Exfiltration Over Web Service,T1567,,CAMP-DEFENSE-022
THR-2026-0435,2026-08-17 15:22:37,DNS Tunneling Exfiltration Signature #35,NETWORK THREATS,DOMAIN,sub56.doc-share.example.org,Security Vendor,A – Highly Reliable,66,HIGH,78,CLOSED,2026-08-13 09:41:48,2026-08-17 15:22:37,CH,Synthetic telemetry record analyzing network threats activity linked to defensive indicator sub56.doc-share.example.org.,Discovery,Network Service Scanning,T1046,,
THR-2026-0436,2026-09-25 06:27:31,Dormant Administrator Account Activation #36,ACCOUNT SECURITY,IP ADDRESS,203.0.113.87,Public Threat Feed,B – Usually Reliable,67,MEDIUM,47,UNDER_REVIEW,2026-09-21 06:18:59,2026-09-25 06:27:31,NL,Synthetic telemetry record analyzing account security activity linked to defensive indicator 203.0.113.87.,Persistence,Create Account: Local Account,T1136.001,,
THR-2026-0437,2026-08-21 13:42:50,Legacy WebDAV Exploit Sweep #37,VULNERABILITY EXPOSURE,FILE HASH,33b8ab2a626fd716d07ed603a051804466873c8c0714b78f4ba3ba256ec3e722,Community Submission,C – Fairly Reliable,70,LOW,21,MONITORING,2026-08-17 18:06:03,2026-08-21 13:42:50,JP,Synthetic telemetry record analyzing vulnerability exposure activity linked to defensive indicator 33b8ab2a626fd716d07ed603a051804466873c8c0714b78f4ba3ba256ec3e722.,Initial Access,Exploit Public-Facing Application,T1190,CVE-2026-1188,
THR-2026-0438,2026-09-13 06:40:54,Unencrypted Diagnostic Log Leak #38,DATA EXPOSURE,EMAIL/SENDER DOMAIN,security-admin@example.com,Community Submission,C – Fairly Reliable,57,LOW,30,UNDER_REVIEW,2026-09-10 23:11:00,2026-09-13 06:40:54,BR,Synthetic telemetry record analyzing data exposure activity linked to defensive indicator security-admin@example.com.,Exfiltration,Exfiltration Over Web Service,T1567,,
THR-2026-0439,2026-09-21 02:35:09,Admin Share Lateral Probe #39,RANSOMWARE,URL,https://client-token.example.org/invoice/preview-doc.pdf?session_id=7649,Security Vendor,A – Highly Reliable,59,LOW,30,NEW,2026-09-20 03:33:21,2026-09-21 02:35:09,GB,Synthetic telemetry record analyzing ransomware activity linked to defensive indicator https://client-token.example.org/invoice/preview-doc.pdf?session_id=7649.,Infiltration,Lateral Movement: SMB/Windows Admin Shares,T1021.002,,
THR-2026-0440,2026-08-18 15:20:50,Spear-Phishing Credential Harvester #40,PHISHING,URL,https://corp-portal-test.invalid/auth/login-redirect?session_id=1691,Unknown Source,D – Reliability Unknown,70,HIGH,63,UNDER_REVIEW,2026-08-18 12:57:29,2026-08-18 15:20:50,AU,Synthetic telemetry record analyzing phishing activity linked to defensive indicator https://corp-portal-test.invalid/auth/login-redirect?session_id=1691.,Initial Access,Phishing: Spearphishing Link,T1566.002,,
THR-2026-0441,2026-07-09 10:41:54,VSS Shadow Copy Invalidation Stub #41,RANSOMWARE,DOMAIN,service.session-manager.invalid,Community Submission,C – Fairly Reliable,68,HIGH,77,UNDER_REVIEW,2026-07-06 20:03:48,2026-07-09 10:41:54,Global,Synthetic telemetry record analyzing ransomware activity linked to defensive indicator service.session-manager.invalid.,Impact,Data Encrypted for Impact,T1486,,CAMP-DEFENSE-011
THR-2026-0442,2026-09-15 13:41:13,Compromised Service Account Pattern #42,CREDENTIAL THREATS,FILE HASH,f9a4e594294e60f3a73b6464cc7ad51a2d811f5efd8ae0b167ff98b8dc2d37a3,Internal SOC,A – Highly Reliable,82,MEDIUM,49,NEW,2026-09-10 17:17:46,2026-09-15 13:41:13,CA,Synthetic telemetry record analyzing credential threats activity linked to defensive indicator f9a4e594294e60f3a73b6464cc7ad51a2d811f5efd8ae0b167ff98b8dc2d37a3.,,,,,
THR-2026-0443,2026-08-29 06:09:56,Compromised Service Account Pattern #43,CREDENTIAL THREATS,URL,https://update-service.example.org/api/v1/health-check?session_id=8786,Unknown Source,D – Reliability Unknown,47,MEDIUM,60,NEW,2026-08-27 17:11:06,2026-08-29 06:09:56,JP,Synthetic telemetry record analyzing credential threats activity linked to defensive indicator https://update-service.example.org/api/v1/health-check?session_id=8786.,Credential Access,Credentials in Files,T1552.001,,CAMP-DEFENSE-022
THR-2026-0444,2026-07-15 09:03:44,Anomalous SSH Bastion Brute Force #44,NETWORK THREATS,CVE ID,CVE-2026-5512,Community Submission,C – Fairly Reliable,61,MEDIUM,53,CLOSED,2026-07-11 02:08:40,2026-07-15 09:03:44,Global,Synthetic telemetry record analyzing network threats activity linked to defensive indicator CVE-2026-5512.,Discovery,Network Service Scanning,T1046,CVE-2026-5512,CAMP-DEFENSE-006
THR-2026-0445,2026-07-19 07:28:06,Public Facing API Auth Bypass #45,VULNERABILITY EXPOSURE,IP ADDRESS,198.51.100.222,Internal SOC,A – Highly Reliable,66,MEDIUM,54,UNDER_REVIEW,2026-07-14 14:36:32,2026-07-19 07:28:06,AU,Synthetic telemetry record analyzing vulnerability exposure activity linked to defensive indicator 198.51.100.222.,Initial Access,Exploit Public-Facing Application,T1190,CVE-2026-3390,
THR-2026-0446,2026-09-01 22:33:52,Dormant Administrator Account Activation #46,ACCOUNT SECURITY,CVE ID,CVE-2026-3390,Unknown Source,D – Reliability Unknown,80,HIGH,66,MONITORING,2026-08-29 11:08:21,2026-09-01 22:33:52,IN,Synthetic telemetry record analyzing account security activity linked to defensive indicator CVE-2026-3390.,Persistence,Create Account: Local Account,T1136.001,CVE-2026-3390,CAMP-DEFENSE-007
THR-2026-0447,2026-07-29 04:00:51,InfoStealer Demo Artifact #47,MALWARE,IP ADDRESS,192.0.2.64,Community Submission,C – Fairly Reliable,83,MEDIUM,45,NEW,2026-07-25 07:54:05,2026-07-29 04:00:51,BR,Synthetic telemetry record analyzing malware activity linked to defensive indicator 192.0.2.64.,Defense Evasion,Obfuscated Files or Information,T1027,,
THR-2026-0448,2026-08-29 06:28:01,Impossible Travel Anomaly #48,ACCOUNT SECURITY,URL,https://corp-portal-test.invalid/invoice/preview-doc.pdf?session_id=2382,Research Report,B – Usually Reliable,59,MEDIUM,59,MONITORING,2026-08-27 07:14:52,2026-08-29 06:28:01,CA,Synthetic telemetry record analyzing account security activity linked to defensive indicator https://corp-portal-test.invalid/invoice/preview-doc.pdf?session_id=2382.,,,,CVE-2026-9956,
THR-2026-0449,2026-08-06 18:11:40,Compromised Service Account Pattern #49,CREDENTIAL THREATS,URL,https://session-manager.invalid/auth/login-redirect?session_id=1815,Research Report,B – Usually Reliable,40,LOW,32,CLOSED,2026-08-03 18:08:50,2026-08-06 18:11:40,BR,Synthetic telemetry record analyzing credential threats activity linked to defensive indicator https://session-manager.invalid/auth/login-redirect?session_id=1815.,Credential Access,Brute Force: Password Spraying,T1110.003,CVE-2026-9956,
THR-2026-0450,2026-09-14 04:28:54,Watering Hole Redirector Demo #50,SOCIAL ENGINEERING,IP ADDRESS,192.0.2.183,Security Vendor,A – Highly Reliable,83,HIGH,70,FALSE_POSITIVE,2026-09-09 21:02:58,2026-09-14 04:28:54,CH,Synthetic telemetry record analyzing social engineering activity linked to defensive indicator 192.0.2.183.,Initial Access,Replication Through Removable Media,T1091,,CAMP-DEFENSE-007
THR-2026-0451,2026-09-28 17:31:08,Synthetic Token Theft Activity #51,CREDENTIAL THREATS,FILE HASH,5412c31dffd522a9d85b7424530844fb9ce01fe16e70d4fb9e0520ea70a23cfd,Security Vendor,A – Highly Reliable,45,LOW,35,NEW,2026-09-23 20:23:01,2026-09-28 17:31:08,CH,Synthetic telemetry record analyzing credential threats activity linked to defensive indicator 5412c31dffd522a9d85b7424530844fb9ce01fe16e70d4fb9e0520ea70a23cfd.,Credential Access,Credentials in Files,T1552.001,,CAMP-DEFENSE-016
THR-2026-0452,2026-08-27 20:10:12,Public Facing API Auth Bypass #52,VULNERABILITY EXPOSURE,CVE ID,CVE-2026-6623,Unknown Source,D – Reliability Unknown,51,MEDIUM,43,UNDER_REVIEW,2026-08-25 17:22:31,2026-08-27 20:10:12,IN,Synthetic telemetry record analyzing vulnerability exposure activity linked to defensive indicator CVE-2026-6623.,Initial Access,Exploit Public-Facing Application,T1190,CVE-2026-6623,
THR-2026-0453,2026-09-08 12:18:35,OAuth High-Privilege Consent Grant #53,ACCOUNT SECURITY,CVE ID,CVE-2026-1042,Internal SOC,A – Highly Reliable,72,LOW,33,UNDER_REVIEW,2026-09-05 09:57:03,2026-09-08 12:18:35,SG,Synthetic telemetry record analyzing account security activity linked to defensive indicator CVE-2026-1042.,Persistence,Create Account: Local Account,T1136.001,CVE-2026-1042,
THR-2026-0454,2026-08-23 09:30:39,Watering Hole Redirector Demo #54,SOCIAL ENGINEERING,DOMAIN,service.session-manager.invalid,Community Submission,C – Fairly Reliable,61,LOW,25,UNDER_REVIEW,2026-08-22 02:15:44,2026-08-23 09:30:39,IN,Synthetic telemetry record analyzing social engineering activity linked to defensive indicator service.session-manager.invalid.,Execution,User Execution: Malicious Link,T1204.001,,
THR-2026-0455,2026-09-02 22:47:04,Cross-Site Scripting Injection Probe #55,WEB THREATS,EMAIL/SENDER DOMAIN,support-desk@corporate-demo.invalid,Security Vendor,A – Highly Reliable,77,HIGH,65,NEW,2026-08-28 23:26:12,2026-09-02 22:47:04,NL,Synthetic telemetry record analyzing web threats activity linked to defensive indicator support-desk@corporate-demo.invalid.,Command and Control,Web Service: Dead Drop Resolver,T1102.001,,
THR-2026-0456,2026-07-29 20:24:52,Extortion Double-Dip Campaign #56,RANSOMWARE,IP ADDRESS,198.51.100.67,Security Vendor,A – Highly Reliable,71,CRITICAL,96,NEW,2026-07-27 16:02:34,2026-07-29 20:24:52,DE,Synthetic telemetry record analyzing ransomware activity linked to defensive indicator 198.51.100.67.,Impact,Inhibit System Recovery,T1490,,
THR-2026-0457,2026-09-15 01:49:07,Port 445 Scanning in Perimeter #57,NETWORK THREATS,IP ADDRESS,192.0.2.223,Public Threat Feed,B – Usually Reliable,81,MEDIUM,49,NEW,2026-09-14 05:37:24,2026-09-15 01:49:07,AU,Synthetic telemetry record analyzing network threats activity linked to defensive indicator 192.0.2.223.,Discovery,Network Sniffing,T1040,,
THR-2026-0458,2026-09-28 23:35:02,Memory Injection Testing Stub #58,MALWARE,DOMAIN,sub96.auth-gateway.example.com,Public Threat Feed,B – Usually Reliable,68,MEDIUM,53,UNDER_REVIEW,2026-09-25 13:49:35,2026-09-28 23:35:02,CA,Synthetic telemetry record analyzing malware activity linked to defensive indicator sub96.auth-gateway.example.com.,Execution,User Execution: Malicious File,T1204.002,,CAMP-DEFENSE-003
THR-2026-0459,2026-08-03 07:50:29,Server-Side Request Forgery Pattern #59,WEB THREATS,EMAIL/SENDER DOMAIN,billing-verify@example.net,Internal SOC,A – Highly Reliable,38,LOW,39,MONITORING,2026-07-29 13:44:02,2026-08-03 07:50:29,DE,Synthetic telemetry record analyzing web threats activity linked to defensive indicator billing-verify@example.net.,Initial Access,Exploit Public-Facing Application,T1190,,CAMP-DEFENSE-002
THR-2026-0460,2026-09-29 11:20:35,Public Facing API Auth Bypass #60,VULNERABILITY EXPOSURE,URL,https://update-service.example.org/invoice/preview-doc.pdf?session_id=7535,Internal SOC,A – Highly Reliable,63,MEDIUM,53,CLOSED,2026-09-28 10:21:23,2026-09-29 11:20:35,BR,Synthetic telemetry record analyzing vulnerability exposure activity linked to defensive indicator https://update-service.example.org/invoice/preview-doc.pdf?session_id=7535.,Lateral Movement,Exploitation of Remote Services,T1210,CVE-2026-3390,CAMP-DEFENSE-016
THR-2026-0461,2026-08-16 05:29:57,MFA Fatigue Authentication Surge #61,ACCOUNT SECURITY,DOMAIN,service.auth-gateway.example.com,Public Threat Feed,B – Usually Reliable,68,HIGH,76,UNDER_REVIEW,2026-08-13 18:44:40,2026-08-16 05:29:57,AU,Synthetic telemetry record analyzing account security activity linked to defensive indicator service.auth-gateway.example.com.,Defense Evasion,Valid Accounts: Cloud Accounts,T1078.004,,
THR-2026-0462,2026-07-05 19:40:07,Legacy WebDAV Exploit Sweep #62,VULNERABILITY EXPOSURE,IP ADDRESS,192.0.2.132,Public Threat Feed,B – Usually Reliable,76,MEDIUM,45,UNDER_REVIEW,2026-07-02 10:29:45,2026-07-05 19:40:07,JP,Synthetic telemetry record analyzing vulnerability exposure activity linked to defensive indicator 192.0.2.132.,Lateral Movement,Exploitation of Remote Services,T1210,CVE-2026-9956,CAMP-DEFENSE-015
THR-2026-0463,2026-08-23 20:43:33,Admin Share Lateral Probe #63,RANSOMWARE,DOMAIN,sub48.telemetry-sync.example.net,Community Submission,C – Fairly Reliable,77,MEDIUM,42,MONITORING,2026-08-21 00:30:05,2026-08-23 20:43:33,SG,Synthetic telemetry record analyzing ransomware activity linked to defensive indicator sub48.telemetry-sync.example.net.,,,,,CAMP-DEFENSE-022
THR-2026-0464,2026-07-26 17:51:44,Server-Side Request Forgery Pattern #64,WEB THREATS,EMAIL/SENDER DOMAIN,billing-verify@example.com,Internal SOC,A – Highly Reliable,61,HIGH,73,MONITORING,2026-07-24 10:19:00,2026-07-26 17:51:44,IN,Synthetic telemetry record analyzing web threats activity linked to defensive indicator billing-verify@example.com.,,,,,CAMP-DEFENSE-019
THR-2026-0465,2026-07-26 03:48:34,Server-Side Request Forgery Pattern #65,WEB THREATS,URL,https://update-service.example.org/invoice/preview-doc.pdf?session_id=4032,Internal SOC,A – Highly Reliable,73,HIGH,64,UNDER_REVIEW,2026-07-23 03:19:23,2026-07-26 03:48:34,BR,Synthetic telemetry record analyzing web threats activity linked to defensive indicator https://update-service.example.org/invoice/preview-doc.pdf?session_id=4032.,Initial Access,Exploit Public-Facing Application,T1190,,CAMP-DEFENSE-021
THR-2026-0466,2026-08-06 17:07:32,MFA Fatigue Authentication Surge #66,ACCOUNT SECURITY,CVE ID,CVE-2026-3390,Public Threat Feed,B – Usually Reliable,64,MEDIUM,53,CLOSED,2026-08-01 20:15:18,2026-08-06 17:07:32,US,Synthetic telemetry record analyzing account security activity linked to defensive indicator CVE-2026-3390.,,,,CVE-2026-3390,CAMP-DEFENSE-004
THR-2026-0467,2026-09-09 13:56:06,Kerberoasting Probe Telemetry #67,CREDENTIAL THREATS,FILE HASH,006793bbaf4d08cdf21ebad7d714b44da509c00c998227356aa3e0ab2b5561c2,Unknown Source,D – Reliability Unknown,66,HIGH,78,NEW,2026-09-05 08:53:03,2026-09-09 13:56:06,GB,Synthetic telemetry record analyzing credential threats activity linked to defensive indicator 006793bbaf4d08cdf21ebad7d714b44da509c00c998227356aa3e0ab2b5561c2.,,,,,CAMP-DEFENSE-014
THR-2026-0468,2026-08-09 16:54:56,QR Code Phishing (Quishing) Test #68,SOCIAL ENGINEERING,FILE HASH,601388179a6d4e6ea2c20fd08520b6f0a73bab44790af3ef786315b74914b5d9,Research Report,B – Usually Reliable,48,MEDIUM,53,FALSE_POSITIVE,2026-08-08 16:45:18,2026-08-09 16:54:56,CH,Synthetic telemetry record analyzing social engineering activity linked to defensive indicator 601388179a6d4e6ea2c20fd08520b6f0a73bab44790af3ef786315b74914b5d9.,Initial Access,Replication Through Removable Media,T1091,,
THR-2026-0469,2026-08-18 11:46:39,Impossible Travel Anomaly #69,ACCOUNT SECURITY,EMAIL/SENDER DOMAIN,payroll-alert@example.net,Internal SOC,A – Highly Reliable,76,MEDIUM,60,UNDER_REVIEW,2026-08-16 01:26:43,2026-08-18 11:46:39,JP,Synthetic telemetry record analyzing account security activity linked to defensive indicator payroll-alert@example.net.,Persistence,Account Manipulation: Additional Credentials,T1098.001,,
THR-2026-0470,2026-07-08 21:41:24,Public Facing API Auth Bypass #70,VULNERABILITY EXPOSURE,FILE HASH,d3619670a2da2a8ae2ca8cb710d52af3b45b9339021be1fc3f936ae65faf4b73,Community Submission,C – Fairly Reliable,55,MEDIUM,41,UNDER_REVIEW,2026-07-07 04:04:42,2026-07-08 21:41:24,IN,Synthetic telemetry record analyzing vulnerability exposure activity linked to defensive indicator d3619670a2da2a8ae2ca8cb710d52af3b45b9339021be1fc3f936ae65faf4b73.,Initial Access,Exploit Public-Facing Application,T1190,CVE-2026-8845,CAMP-DEFENSE-008
THR-2026-0471,2026-08-03 15:45:56,Fake IT Helpdesk Remote Access Lure #71,SOCIAL ENGINEERING,DOMAIN,sub59.doc-share.example.org,Unknown Source,D – Reliability Unknown,84,MEDIUM,46,NEW,2026-08-01 20:32:05,2026-08-03 15:45:56,GB,Synthetic telemetry record analyzing social engineering activity linked to defensive indicator sub59.doc-share.example.org.,Initial Access,Trusted Relationship,T1199,,
THR-2026-0472,2026-07-08 12:51:54,Impossible Travel Anomaly #72,ACCOUNT SECURITY,FILE HASH,be1642d2458f4148082ca3105e73251782fcfefaf5beeb99b17ed1aa9e828777,Research Report,B – Usually Reliable,33,LOW,38,NEW,2026-07-06 01:37:05,2026-07-08 12:51:54,Global,Synthetic telemetry record analyzing account security activity linked to defensive indicator be1642d2458f4148082ca3105e73251782fcfefaf5beeb99b17ed1aa9e828777.,Defense Evasion,Valid Accounts: Cloud Accounts,T1078.004,,
THR-2026-0473,2026-08-11 19:04:07,Generic Modular Loader Simulation #73,MALWARE,URL,https://doc-share.example.org/download/security-patch.bin?session_id=4714,Internal SOC,A – Highly Reliable,94,CRITICAL,92,CLOSED,2026-08-09 08:42:17,2026-08-11 19:04:07,CH,Synthetic telemetry record analyzing malware activity linked to defensive indicator https://doc-share.example.org/download/security-patch.bin?session_id=4714.,,,,,CAMP-DEFENSE-005
THR-2026-0474,2026-07-05 16:40:26,Corporate SSO Impersonation Portal #74,PHISHING,FILE HASH,ec4552c35aff3fbecaa72d319213b20673095cc86dc8344fd416fc00c5ae4305,Internal SOC,A – Highly Reliable,80,MEDIUM,44,CLOSED,2026-07-01 18:52:32,2026-07-05 16:40:26,GB,Synthetic telemetry record analyzing phishing activity linked to defensive indicator ec4552c35aff3fbecaa72d319213b20673095cc86dc8344fd416fc00c5ae4305.,,,,,
THR-2026-0475,2026-08-17 12:16:17,Cross-Site Scripting Injection Probe #75,WEB THREATS,CVE ID,CVE-2026-4401,Community Submission,C – Fairly Reliable,51,LOW,32,UNDER_REVIEW,2026-08-13 03:48:44,2026-08-17 12:16:17,NL,Synthetic telemetry record analyzing web threats activity linked to defensive indicator CVE-2026-4401.,Initial Access,Exploit Public-Facing Application,T1190,CVE-2026-4401,
THR-2026-0476,2026-08-28 20:01:52,QR Code Phishing (Quishing) Test #76,SOCIAL ENGINEERING,URL,https://corp-portal-test.invalid/auth/login-redirect?session_id=2396,Public Threat Feed,B – Usually Reliable,54,MEDIUM,48,UNDER_REVIEW,2026-08-25 01:26:59,2026-08-28 20:01:52,CA,Synthetic telemetry record analyzing social engineering activity linked to defensive indicator https://corp-portal-test.invalid/auth/login-redirect?session_id=2396.,Initial Access,Trusted Relationship,T1199,,CAMP-DEFENSE-014
THR-2026-0477,2026-08-22 12:41:31,Misconfigured Cloud Bucket Scraping #77,DATA EXPOSURE,CVE ID,CVE-2026-6623,Internal SOC,A – Highly Reliable,90,HIGH,77,NEW,2026-08-18 16:16:26,2026-08-22 12:41:31,AU,Synthetic telemetry record analyzing data exposure activity linked to defensive indicator CVE-2026-6623.,,,,CVE-2026-6623,CAMP-DEFENSE-025
THR-2026-0478,2026-09-26 02:52:10,Corporate SSO Impersonation Portal #78,PHISHING,CVE ID,CVE-2026-9956,Community Submission,C – Fairly Reliable,69,HIGH,77,MONITORING,2026-09-22 23:04:35,2026-09-26 02:52:10,SG,Synthetic telemetry record analyzing phishing activity linked to defensive indicator CVE-2026-9956.,Initial Access,Phishing: Spearphishing Voice,T1566.004,CVE-2026-9956,
THR-2026-0479,2026-08-04 10:21:57,Corporate SSO Impersonation Portal #79,PHISHING,URL,https://security-alert.example.net/auth/login-redirect?session_id=7618,Research Report,B – Usually Reliable,73,MEDIUM,60,NEW,2026-07-30 23:51:22,2026-08-04 10:21:57,AU,Synthetic telemetry record analyzing phishing activity linked to defensive indicator https://security-alert.example.net/auth/login-redirect?session_id=7618.,Initial Access,Phishing: Spearphishing Voice,T1566.004,,CAMP-DEFENSE-010
THR-2026-0480,2026-09-22 23:19:57,Admin Share Lateral Probe #80,RANSOMWARE,EMAIL/SENDER DOMAIN,payroll-alert@example.net,Security Vendor,A – Highly Reliable,46,MEDIUM,46,NEW,2026-09-20 05:07:05,2026-09-22 23:19:57,CH,Synthetic telemetry record analyzing ransomware activity linked to defensive indicator payroll-alert@example.net.,,,,,
THR-2026-0481,2026-09-07 23:08:58,Unauthenticated Deserialization Scan #81,VULNERABILITY EXPOSURE,EMAIL/SENDER DOMAIN,billing-verify@example.com,Public Threat Feed,B – Usually Reliable,58,LOW,24,FALSE_POSITIVE,2026-09-05 10:14:58,2026-09-07 23:08:58,SG,Synthetic telemetry record analyzing vulnerability exposure activity linked to defensive indicator billing-verify@example.com.,Lateral Movement,Exploitation of Remote Services,T1210,CVE-2026-1042,
THR-2026-0482,2026-07-27 00:20:36,Cross-Site Scripting Injection Probe #82,WEB THREATS,URL,https://client-token.example.org/auth/login-redirect?session_id=7187,Community Submission,C – Fairly Reliable,68,MEDIUM,47,NEW,2026-07-26 11:42:58,2026-07-27 00:20:36,AU,Synthetic telemetry record analyzing web threats activity linked to defensive indicator https://client-token.example.org/auth/login-redirect?session_id=7187.,Initial Access,Exploit Public-Facing Application,T1190,,
THR-2026-0483,2026-08-29 02:48:38,VSS Shadow Copy Invalidation Stub #83,RANSOMWARE,FILE HASH,807a2af6bd6e4fa69a888ab4198bedb1ee35e33d3add57d478483ef5fb6c8e5d,Internal SOC,A – Highly Reliable,70,MEDIUM,57,UNDER_REVIEW,2026-08-26 11:39:36,2026-08-29 02:48:38,CH,Synthetic telemetry record analyzing ransomware activity linked to defensive indicator 807a2af6bd6e4fa69a888ab4198bedb1ee35e33d3add57d478483ef5fb6c8e5d.,Impact,Inhibit System Recovery,T1490,,
THR-2026-0484,2026-07-29 09:13:17,Public Facing API Auth Bypass #84,VULNERABILITY EXPOSURE,DOMAIN,service.update-service.example.org,Research Report,B – Usually Reliable,63,HIGH,77,CLOSED,2026-07-28 17:41:43,2026-07-29 09:13:17,DE,Synthetic telemetry record analyzing vulnerability exposure activity linked to defensive indicator service.update-service.example.org.,Privilege Escalation,Exploitation for Privilege Escalation,T1068,CVE-2026-8845,CAMP-DEFENSE-006
THR-2026-0485,2026-08-10 21:57:37,OAuth High-Privilege Consent Grant #85,ACCOUNT SECURITY,FILE HASH,d46aeed2a78f4e1dfc33380488c2f38ec03f651749334e16249c8b52f4592c35,Public Threat Feed,B – Usually Reliable,49,LOW,32,NEW,2026-08-10 17:07:35,2026-08-10 21:57:37,US,Synthetic telemetry record analyzing account security activity linked to defensive indicator d46aeed2a78f4e1dfc33380488c2f38ec03f651749334e16249c8b52f4592c35.,Defense Evasion,Valid Accounts: Cloud Accounts,T1078.004,,CAMP-DEFENSE-005
THR-2026-0486,2026-09-20 07:39:55,SQLi Pattern on Public Gateway #86,WEB THREATS,URL,https://telemetry-sync.example.net/auth/login-redirect?session_id=9008,Internal SOC,A – Highly Reliable,75,HIGH,74,UNDER_REVIEW,2026-09-18 13:49:38,2026-09-20 07:39:55,Global,Synthetic telemetry record analyzing web threats activity linked to defensive indicator https://telemetry-sync.example.net/auth/login-redirect?session_id=9008.,Command and Control,Web Service: Dead Drop Resolver,T1102.001,,CAMP-DEFENSE-013
THR-2026-0487,2026-08-21 22:40:34,VSS Shadow Copy Invalidation Stub #87,RANSOMWARE,EMAIL/SENDER DOMAIN,security-admin@corporate-demo.invalid,Unknown Source,D – Reliability Unknown,72,LOW,40,UNDER_REVIEW,2026-08-17 14:42:53,2026-08-21 22:40:34,CH,Synthetic telemetry record analyzing ransomware activity linked to defensive indicator security-admin@corporate-demo.invalid.,Infiltration,Lateral Movement: SMB/Windows Admin Shares,T1021.002,,
THR-2026-0488,2026-07-29 17:43:36,Cross-Site Scripting Injection Probe #88,WEB THREATS,CVE ID,CVE-2026-9956,Security Vendor,A – Highly Reliable,77,HIGH,70,UNDER_REVIEW,2026-07-26 21:05:14,2026-07-29 17:43:36,IN,Synthetic telemetry record analyzing web threats activity linked to defensive indicator CVE-2026-9956.,Command and Control,Web Service: Dead Drop Resolver,T1102.001,CVE-2026-9956,CAMP-DEFENSE-020
THR-2026-0489,2026-08-03 03:21:00,Unencrypted Diagnostic Log Leak #89,DATA EXPOSURE,DOMAIN,sub74.login-check.invalid,Internal SOC,A – Highly Reliable,95,CRITICAL,89,NEW,2026-07-31 11:31:37,2026-08-03 03:21:00,AU,Synthetic telemetry record analyzing data exposure activity linked to defensive indicator sub74.login-check.invalid.,Collection,Data from Cloud Storage,T1530,,
THR-2026-0490,2026-08-31 18:06:35,MFA Fatigue Authentication Surge #90,ACCOUNT SECURITY,IP ADDRESS,198.51.100.221,Internal SOC,A – Highly Reliable,44,INFORMATIONAL,15,UNDER_REVIEW,2026-08-30 20:26:55,2026-08-31 18:06:35,JP,Synthetic telemetry record analyzing account security activity linked to defensive indicator 198.51.100.221.,Persistence,Account Manipulation: Additional Credentials,T1098.001,,
THR-2026-0491,2026-09-16 02:33:12,Encrypted Payload Delivery Simulation #91,MALWARE,DOMAIN,service.doc-share.example.org,Unknown Source,D – Reliability Unknown,75,LOW,21,CLOSED,2026-09-13 00:48:58,2026-09-16 02:33:12,AU,Synthetic telemetry record analyzing malware activity linked to defensive indicator service.doc-share.example.org.,,,,,CAMP-DEFENSE-014
THR-2026-0492,2026-08-09 15:11:01,Generic Modular Loader Simulation #92,MALWARE,IP ADDRESS,192.0.2.62,Community Submission,C – Fairly Reliable,90,HIGH,73,NEW,2026-08-07 04:01:34,2026-08-09 15:11:01,AU,Synthetic telemetry record analyzing malware activity linked to defensive indicator 192.0.2.62.,,,,CVE-2026-8845,
THR-2026-0493,2026-08-01 15:00:35,Kerberoasting Probe Telemetry #93,CREDENTIAL THREATS,IP ADDRESS,198.51.100.142,Community Submission,C – Fairly Reliable,64,MEDIUM,45,NEW,2026-07-31 09:27:06,2026-08-01 15:00:35,SG,Synthetic telemetry record analyzing credential threats activity linked to defensive indicator 198.51.100.142.,Credential Access,OS Credential Dumping,T1003,,
THR-2026-0494,2026-08-21 16:55:17,Exfiltration via Public Cloud Storage #94,DATA EXPOSURE,DOMAIN,sub78.doc-share.example.org,Community Submission,C – Fairly Reliable,63,MEDIUM,60,CLOSED,2026-08-21 16:48:04,2026-08-21 16:55:17,SG,Synthetic telemetry record analyzing data exposure activity linked to defensive indicator sub78.doc-share.example.org.,Exfiltration,Exfiltration Over Web Service,T1567,CVE-2026-8845,CAMP-DEFENSE-009
THR-2026-0495,2026-09-16 19:19:41,Kerberoasting Probe Telemetry #95,CREDENTIAL THREATS,EMAIL/SENDER DOMAIN,payroll-alert@example.net,Internal SOC,A – Highly Reliable,45,INFORMATIONAL,7,CLOSED,2026-09-14 03:14:14,2026-09-16 19:19:41,IN,Synthetic telemetry record analyzing credential threats activity linked to defensive indicator payroll-alert@example.net.,Credential Access,Brute Force: Password Spraying,T1110.003,,
THR-2026-0496,2026-08-21 14:48:55,Misconfigured Cloud Bucket Scraping #96,DATA EXPOSURE,URL,https://client-token.example.org/api/v1/health-check?session_id=5282,Unknown Source,D – Reliability Unknown,76,CRITICAL,91,NEW,2026-08-20 09:18:14,2026-08-21 14:48:55,IN,Synthetic telemetry record analyzing data exposure activity linked to defensive indicator https://client-token.example.org/api/v1/health-check?session_id=5282.,Collection,Data from Cloud Storage,T1530,,
THR-2026-0497,2026-08-25 04:09:33,QR Code Phishing (Quishing) Test #97,SOCIAL ENGINEERING,IP ADDRESS,192.0.2.173,Security Vendor,A – Highly Reliable,77,HIGH,73,UNDER_REVIEW,2026-08-20 16:43:38,2026-08-25 04:09:33,BR,Synthetic telemetry record analyzing social engineering activity linked to defensive indicator 192.0.2.173.,,,,,
THR-2026-0498,2026-07-17 21:03:32,Encrypted Payload Delivery Simulation #98,MALWARE,URL,https://doc-share.example.org/api/v1/health-check?session_id=7336,Security Vendor,A – Highly Reliable,84,CRITICAL,84,MONITORING,2026-07-13 19:38:04,2026-07-17 21:03:32,NL,Synthetic telemetry record analyzing malware activity linked to defensive indicator https://doc-share.example.org/api/v1/health-check?session_id=7336.,Execution,User Execution: Malicious File,T1204.002,,CAMP-DEFENSE-001
THR-2026-0499,2026-07-05 04:53:41,Memory Injection Testing Stub #99,MALWARE,EMAIL/SENDER DOMAIN,support-desk@example.org,Security Vendor,A – Highly Reliable,65,INFORMATIONAL,20,MONITORING,2026-06-30 08:49:09,2026-07-05 04:53:41,GB,Synthetic telemetry record analyzing malware activity linked to defensive indicator support-desk@example.org.,Execution,User Execution: Malicious File,T1204.002,CVE-2026-7734,CAMP-DEFENSE-009
THR-2026-0500,2026-08-08 02:37:35,Unencrypted Diagnostic Log Leak #00,DATA EXPOSURE,DOMAIN,sub82.client-token.example.org,Unknown Source,D – Reliability Unknown,53,MEDIUM,43,MONITORING,2026-08-07 05:33:46,2026-08-08 02:37:35,NL,Synthetic telemetry record analyzing data exposure activity linked to defensive indicator sub82.client-token.example.org.,Collection,Data from Cloud Storage,T1530,,
THR-2026-0501,2026-09-08 13:53:50,Spear-Phishing Credential Harvester #01,PHISHING,CVE ID,CVE-2026-7734,Community Submission,C – Fairly Reliable,48,MEDIUM,54,UNDER_REVIEW,2026-09-05 18:41:00,2026-09-08 13:53:50,BR,Synthetic telemetry record analyzing phishing activity linked to defensive indicator CVE-2026-7734.,Initial Access,Phishing: Spearphishing Attachment,T1566.001,CVE-2026-7734,
THR-2026-0502,2026-07-25 01:56:05,Sensitive API Endpoint Exposure #02,DATA EXPOSURE,FILE HASH,b13ac2b3a0c0549014f78aab1d9d138237d0f55368814439c8e1056324178176,Community Submission,C – Fairly Reliable,56,LOW,29,CLOSED,2026-07-20 15:52:42,2026-07-25 01:56:05,CH,Synthetic telemetry record analyzing data exposure activity linked to defensive indicator b13ac2b3a0c0549014f78aab1d9d138237d0f55368814439c8e1056324178176.,Exfiltration,Exfiltration Over Alternative Protocol,T1048,CVE-2026-4401,CAMP-DEFENSE-019
THR-2026-0503,2026-09-01 17:15:53,Public Facing API Auth Bypass #03,VULNERABILITY EXPOSURE,IP ADDRESS,192.0.2.51,Security Vendor,A – Highly Reliable,75,MEDIUM,41,CLOSED,2026-09-01 09:43:25,2026-09-01 17:15:53,NL,Synthetic telemetry record analyzing vulnerability exposure activity linked to defensive indicator 192.0.2.51.,Initial Access,Exploit Public-Facing Application,T1190,CVE-2026-1188,
THR-2026-0504,2026-07-18 11:21:36,Generic Modular Loader Simulation #04,MALWARE,FILE HASH,3c34cf72f5e88faa6071c981250e34840463ae8eb08e961bc1263e2ce921e299,Public Threat Feed,B – Usually Reliable,49,MEDIUM,48,MONITORING,2026-07-14 08:45:50,2026-07-18 11:21:36,US,Synthetic telemetry record analyzing malware activity linked to defensive indicator 3c34cf72f5e88faa6071c981250e34840463ae8eb08e961bc1263e2ce921e299.,Command and Control,Application Layer Protocol,T1071,,CAMP-DEFENSE-015
THR-2026-0505,2026-09-25 11:17:42,Corporate SSO Impersonation Portal #05,PHISHING,FILE HASH,95dd3dd8f50def75566c1806f0765d508ea4da1ce80291e3dbaa17a68b14d984,Unknown Source,D – Reliability Unknown,71,CRITICAL,95,MONITORING,2026-09-24 19:59:26,2026-09-25 11:17:42,AU,Synthetic telemetry record analyzing phishing activity linked to defensive indicator 95dd3dd8f50def75566c1806f0765d508ea4da1ce80291e3dbaa17a68b14d984.,Initial Access,Phishing: Spearphishing Voice,T1566.004,,CAMP-DEFENSE-002
THR-2026-0506,2026-09-10 08:38:15,Edge Gateway Remote Buffer Trigger #06,VULNERABILITY EXPOSURE,IP ADDRESS,203.0.113.193,Research Report,B – Usually Reliable,74,MEDIUM,41,UNDER_REVIEW,2026-09-07 08:41:18,2026-09-10 08:38:15,CA,Synthetic telemetry record analyzing vulnerability exposure activity linked to defensive indicator 203.0.113.193.,Privilege Escalation,Exploitation for Privilege Escalation,T1068,CVE-2026-1188,
THR-2026-0507,2026-09-30 05:05:10,Exfiltration via Public Cloud Storage #07,DATA EXPOSURE,URL,https://support-desk.invalid/invoice/preview-doc.pdf?session_id=2769,Internal SOC,A – Highly Reliable,81,MEDIUM,47,UNDER_REVIEW,2026-09-26 15:29:24,2026-09-30 05:05:10,GB,Synthetic telemetry record analyzing data exposure activity linked to defensive indicator https://support-desk.invalid/invoice/preview-doc.pdf?session_id=2769.,,,,,
THR-2026-0508,2026-08-09 18:26:04,Synthetic Token Theft Activity #08,CREDENTIAL THREATS,DOMAIN,sub17.update-service.example.org,Public Threat Feed,B – Usually Reliable,64,MEDIUM,52,MONITORING,2026-08-07 04:51:34,2026-08-09 18:26:04,SG,Synthetic telemetry record analyzing credential threats activity linked to defensive indicator sub17.update-service.example.org.,Credential Access,Credentials in Files,T1552.001,,CAMP-DEFENSE-010
THR-2026-0509,2026-09-09 23:24:46,Urgent Security Notification Lure #09,PHISHING,EMAIL/SENDER DOMAIN,payroll-alert@example.org,Internal SOC,A – Highly Reliable,72,MEDIUM,42,UNDER_REVIEW,2026-09-05 21:06:39,2026-09-09 23:24:46,CH,Synthetic telemetry record analyzing phishing activity linked to defensive indicator payroll-alert@example.org.,Initial Access,Phishing: Spearphishing Link,T1566.002,,CAMP-DEFENSE-003
THR-2026-0510,2026-09-04 09:06:53,Fake IT Helpdesk Remote Access Lure #10,SOCIAL ENGINEERING,EMAIL/SENDER DOMAIN,support-desk@example.net,Community Submission,C – Fairly Reliable,61,LOW,22,UNDER_REVIEW,2026-09-02 17:40:50,2026-09-04 09:06:53,NL,Synthetic telemetry record analyzing social engineering activity linked to defensive indicator support-desk@example.net.,Initial Access,Replication Through Removable Media,T1091,,
THR-2026-0511,2026-08-28 12:31:57,QR Code Phishing (Quishing) Test #11,SOCIAL ENGINEERING,CVE ID,CVE-2026-6623,Unknown Source,D – Reliability Unknown,71,HIGH,61,NEW,2026-08-26 12:29:42,2026-08-28 12:31:57,NL,Synthetic telemetry record analyzing social engineering activity linked to defensive indicator CVE-2026-6623.,,,,CVE-2026-6623,CAMP-DEFENSE-004
THR-2026-0512,2026-09-05 18:37:26,Impossible Travel Anomaly #12,ACCOUNT SECURITY,URL,https://login-check.invalid/verify-account/prompt?session_id=4262,Security Vendor,A – Highly Reliable,51,LOW,26,CLOSED,2026-09-04 16:21:01,2026-09-05 18:37:26,BR,Synthetic telemetry record analyzing account security activity linked to defensive indicator https://login-check.invalid/verify-account/prompt?session_id=4262.,Persistence,Account Manipulation: Additional Credentials,T1098.001,,CAMP-DEFENSE-009
THR-2026-0513,2026-08-31 21:30:15,ShadowLocker Ransomware Activity #13,RANSOMWARE,FILE HASH,81a67647a08feb4751d3b3a5ade668235476083c0768a59ea923196ee776dec0,Internal SOC,A – Highly Reliable,68,MEDIUM,52,CLOSED,2026-08-30 20:16:32,2026-08-31 21:30:15,DE,Synthetic telemetry record analyzing ransomware activity linked to defensive indicator 81a67647a08feb4751d3b3a5ade668235476083c0768a59ea923196ee776dec0.,Impact,Inhibit System Recovery,T1490,,
THR-2026-0514,2026-07-30 21:27:43,Admin Share Lateral Probe #14,RANSOMWARE,DOMAIN,sub34.security-alert.example.net,Research Report,B – Usually Reliable,47,MEDIUM,48,MONITORING,2026-07-29 07:18:28,2026-07-30 21:27:43,NL,Synthetic telemetry record analyzing ransomware activity linked to defensive indicator sub34.security-alert.example.net.,Impact,Inhibit System Recovery,T1490,,
THR-2026-0515,2026-07-16 18:23:52,Fake Invoice Redirector #15,PHISHING,CVE ID,CVE-2026-8845,Security Vendor,A – Highly Reliable,83,HIGH,67,MONITORING,2026-07-11 22:11:30,2026-07-16 18:23:52,FR,Synthetic telemetry record analyzing phishing activity linked to defensive indicator CVE-2026-8845.,,,,CVE-2026-8845,
THR-2026-0516,2026-08-17 11:50:49,Edge Gateway Remote Buffer Trigger #16,VULNERABILITY EXPOSURE,CVE ID,CVE-2026-8845,Public Threat Feed,B – Usually Reliable,63,LOW,32,MONITORING,2026-08-15 04:08:05,2026-08-17 11:50:49,NL,Synthetic telemetry record analyzing vulnerability exposure activity linked to defensive indicator CVE-2026-8845.,Lateral Movement,Exploitation of Remote Services,T1210,CVE-2026-8845,
THR-2026-0517,2026-09-03 19:22:35,Password Spraying against ADFS Demo #17,CREDENTIAL THREATS,DOMAIN,sub40.doc-share.example.org,Security Vendor,A – Highly Reliable,61,MEDIUM,52,UNDER_REVIEW,2026-08-30 08:43:53,2026-09-03 19:22:35,CA,Synthetic telemetry record analyzing credential threats activity linked to defensive indicator sub40.doc-share.example.org.,Credential Access,Brute Force: Password Spraying,T1110.003,,CAMP-DEFENSE-017
THR-2026-0518,2026-08-20 06:48:43,Misconfigured Cloud Bucket Scraping #18,DATA EXPOSURE,EMAIL/SENDER DOMAIN,support-desk@corporate-demo.invalid,Research Report,B – Usually Reliable,68,HIGH,71,UNDER_REVIEW,2026-08-18 05:44:15,2026-08-20 06:48:43,JP,Synthetic telemetry record analyzing data exposure activity linked to defensive indicator support-desk@corporate-demo.invalid.,Exfiltration,Exfiltration Over Web Service,T1567,,CAMP-DEFENSE-003
THR-2026-0519,2026-07-10 00:21:18,Unencrypted Diagnostic Log Leak #19,DATA EXPOSURE,EMAIL/SENDER DOMAIN,payroll-alert@example.com,Public Threat Feed,B – Usually Reliable,54,INFORMATIONAL,6,CLOSED,2026-07-09 12:32:45,2026-07-10 00:21:18,NL,Synthetic telemetry record analyzing data exposure activity linked to defensive indicator payroll-alert@example.com.,Exfiltration,Exfiltration Over Web Service,T1567,,CAMP-DEFENSE-024
THR-2026-0520,2026-07-24 02:05:01,OAuth High-Privilege Consent Grant #20,ACCOUNT SECURITY,DOMAIN,sub79.corp-portal-test.invalid,Internal SOC,A – Highly Reliable,55,LOW,33,FALSE_POSITIVE,2026-07-22 16:15:44,2026-07-24 02:05:01,NL,Synthetic telemetry record analyzing account security activity linked to defensive indicator sub79.corp-portal-test.invalid.,Persistence,Create Account: Local Account,T1136.001,CVE-2026-9956,
THR-2026-0521,2026-09-10 07:19:07,Compromised Service Account Pattern #21,CREDENTIAL THREATS,CVE ID,CVE-2026-6623,Research Report,B – Usually Reliable,74,MEDIUM,55,UNDER_REVIEW,2026-09-07 08:52:42,2026-09-10 07:19:07,NL,Synthetic telemetry record analyzing credential threats activity linked to defensive indicator CVE-2026-6623.,Credential Access,Brute Force: Password Spraying,T1110.003,CVE-2026-6623,
THR-2026-0522,2026-08-28 15:08:48,QR Code Phishing (Quishing) Test #22,SOCIAL ENGINEERING,FILE HASH,a99cc5a6bdf4732bc0ea808557da1def6d3419aa93d592e25ca31cd1f66eb9c1,Internal SOC,A – Highly Reliable,61,LOW,21,MONITORING,2026-08-25 17:50:45,2026-08-28 15:08:48,Global,Synthetic telemetry record analyzing social engineering activity linked to defensive indicator a99cc5a6bdf4732bc0ea808557da1def6d3419aa93d592e25ca31cd1f66eb9c1.,Execution,User Execution: Malicious Link,T1204.001,,
THR-2026-0523,2026-09-17 11:59:44,Exfiltration via Public Cloud Storage #23,DATA EXPOSURE,URL,https://cdn-cache.example.com/verify-account/prompt?session_id=1527,Security Vendor,A – Highly Reliable,68,LOW,40,NEW,2026-09-12 17:40:45,2026-09-17 11:59:44,NL,Synthetic telemetry record analyzing data exposure activity linked to defensive indicator https://cdn-cache.example.com/verify-account/prompt?session_id=1527.,Exfiltration,Exfiltration Over Alternative Protocol,T1048,,CAMP-DEFENSE-013
THR-2026-0524,2026-08-04 20:53:11,Executive Pretexting Call Campaign #24,SOCIAL ENGINEERING,IP ADDRESS,198.51.100.146,Research Report,B – Usually Reliable,41,LOW,38,NEW,2026-08-03 08:19:44,2026-08-04 20:53:11,AU,Synthetic telemetry record analyzing social engineering activity linked to defensive indicator 198.51.100.146.,,,,,
THR-2026-0525,2026-09-25 00:36:44,Server-Side Request Forgery Pattern #25,WEB THREATS,DOMAIN,service.client-token.example.org,Community Submission,C – Fairly Reliable,65,MEDIUM,46,NEW,2026-09-24 17:43:04,2026-09-25 00:36:44,CA,Synthetic telemetry record analyzing web threats activity linked to defensive indicator service.client-token.example.org.,Collection,Automated Collection: Web Scraping,T1119,,
THR-2026-0526,2026-09-19 15:15:29,Encrypted Payload Delivery Simulation #26,MALWARE,FILE HASH,fdf3f3ae605b56e378dad38e95711a856af5862811d607b1780fe657a98df1da,Security Vendor,A – Highly Reliable,55,MEDIUM,56,MONITORING,2026-09-18 14:34:36,2026-09-19 15:15:29,NL,Synthetic telemetry record analyzing malware activity linked to defensive indicator fdf3f3ae605b56e378dad38e95711a856af5862811d607b1780fe657a98df1da.,Defense Evasion,Obfuscated Files or Information,T1027,,
THR-2026-0527,2026-08-15 01:00:43,Corporate SSO Impersonation Portal #27,PHISHING,DOMAIN,sub61.support-desk.invalid,Security Vendor,A – Highly Reliable,74,HIGH,75,CLOSED,2026-08-10 11:46:32,2026-08-15 01:00:43,CH,Synthetic telemetry record analyzing phishing activity linked to defensive indicator sub61.support-desk.invalid.,Initial Access,Phishing: Spearphishing Voice,T1566.004,,
THR-2026-0528,2026-08-25 00:04:55,Cross-Site Scripting Injection Probe #28,WEB THREATS,FILE HASH,39b03e33b9013c6f34e147d4c84a11cba43439d08420967ce0d878b8006a9e7c,Security Vendor,A – Highly Reliable,74,MEDIUM,54,UNDER_REVIEW,2026-08-24 02:31:58,2026-08-25 00:04:55,NL,Synthetic telemetry record analyzing web threats activity linked to defensive indicator 39b03e33b9013c6f34e147d4c84a11cba43439d08420967ce0d878b8006a9e7c.,Command and Control,Web Service: Dead Drop Resolver,T1102.001,,
THR-2026-0529,2026-07-28 00:01:19,VSS Shadow Copy Invalidation Stub #29,RANSOMWARE,URL,https://client-token.example.org/session/token-exchange?session_id=2093,Unknown Source,D – Reliability Unknown,94,CRITICAL,94,MONITORING,2026-07-23 11:45:14,2026-07-28 00:01:19,CA,Synthetic telemetry record analyzing ransomware activity linked to defensive indicator https://client-token.example.org/session/token-exchange?session_id=2093.,Infiltration,Lateral Movement: SMB/Windows Admin Shares,T1021.002,CVE-2026-2189,
THR-2026-0530,2026-09-24 17:40:24,Extortion Double-Dip Campaign #30,RANSOMWARE,URL,https://telemetry-sync.example.net/verify-account/prompt?session_id=8572,Internal SOC,A – Highly Reliable,70,HIGH,73,MONITORING,2026-09-21 06:20:06,2026-09-24 17:40:24,SG,Synthetic telemetry record analyzing ransomware activity linked to defensive indicator https://telemetry-sync.example.net/verify-account/prompt?session_id=8572.,Impact,Data Encrypted for Impact,T1486,,CAMP-DEFENSE-004
THR-2026-0531,2026-08-13 00:18:38,Executive Pretexting Call Campaign #31,SOCIAL ENGINEERING,FILE HASH,da4b7111377d1a65c2bf5622fc311fd3be0f2a449b4585ebcf67dc8cffecd744,Internal SOC,A – Highly Reliable,85,CRITICAL,85,NEW,2026-08-11 19:14:07,2026-08-13 00:18:38,FR,Synthetic telemetry record analyzing social engineering activity linked to defensive indicator da4b7111377d1a65c2bf5622fc311fd3be0f2a449b4585ebcf67dc8cffecd744.,Initial Access,Replication Through Removable Media,T1091,,CAMP-DEFENSE-004
THR-2026-0532,2026-09-06 18:01:51,Edge Gateway Remote Buffer Trigger #32,VULNERABILITY EXPOSURE,DOMAIN,service.login-check.invalid,Unknown Source,D – Reliability Unknown,73,LOW,22,CLOSED,2026-09-04 13:09:07,2026-09-06 18:01:51,AU,Synthetic telemetry record analyzing vulnerability exposure activity linked to defensive indicator service.login-check.invalid.,Privilege Escalation,Exploitation for Privilege Escalation,T1068,CVE-2026-1042,
THR-2026-0533,2026-09-26 22:36:03,Path Traversal Web Probe #33,WEB THREATS,FILE HASH,a62c8ef8be214a052c2a1a226b5e9562e6caeb64cbc045c83ad39edd9c2a8810,Internal SOC,A – Highly Reliable,53,LOW,28,FALSE_POSITIVE,2026-09-25 01:18:48,2026-09-26 22:36:03,NL,Synthetic telemetry record analyzing web threats activity linked to defensive indicator a62c8ef8be214a052c2a1a226b5e9562e6caeb64cbc045c83ad39edd9c2a8810.,Initial Access,Exploit Public-Facing Application,T1190,,
THR-2026-0534,2026-07-28 05:28:22,Memory Injection Testing Stub #34,MALWARE,DOMAIN,sub22.client-token.example.org,Security Vendor,A – Highly Reliable,65,MEDIUM,51,UNDER_REVIEW,2026-07-28 00:11:28,2026-07-28 05:28:22,DE,Synthetic telemetry record analyzing malware activity linked to defensive indicator sub22.client-token.example.org.,Execution,User Execution: Malicious File,T1204.002,,
THR-2026-0535,2026-09-29 23:14:51,Password Spraying against ADFS Demo #35,CREDENTIAL THREATS,DOMAIN,service.cdn-cache.example.com,Security Vendor,A – Highly Reliable,49,INFORMATIONAL,11,UNDER_REVIEW,2026-09-26 16:46:06,2026-09-29 23:14:51,NL,Synthetic telemetry record analyzing credential threats activity linked to defensive indicator service.cdn-cache.example.com.,Credential Access,Credentials in Files,T1552.001,,
THR-2026-0536,2026-08-14 02:44:05,Unauthenticated Deserialization Scan #36,VULNERABILITY EXPOSURE,URL,https://support-desk.invalid/secure/portal/auth?session_id=2668,Unknown Source,D – Reliability Unknown,68,HIGH,66,MONITORING,2026-08-09 03:52:15,2026-08-14 02:44:05,SG,Synthetic telemetry record analyzing vulnerability exposure activity linked to defensive indicator https://support-desk.invalid/secure/portal/auth?session_id=2668.,Lateral Movement,Exploitation of Remote Services,T1210,CVE-2026-6623,
THR-2026-0537,2026-08-18 23:21:19,ShadowLocker Ransomware Activity #37,RANSOMWARE,CVE ID,CVE-2026-4401,Unknown Source,D – Reliability Unknown,73,MEDIUM,59,MONITORING,2026-08-17 07:08:34,2026-08-18 23:21:19,NL,Synthetic telemetry record analyzing ransomware activity linked to defensive indicator CVE-2026-4401.,Impact,Inhibit System Recovery,T1490,CVE-2026-4401,
THR-2026-0538,2026-07-26 23:28:41,Fake Invoice Redirector #38,PHISHING,EMAIL/SENDER DOMAIN,billing-verify@example.net,Security Vendor,A – Highly Reliable,53,MEDIUM,42,MONITORING,2026-07-23 04:36:31,2026-07-26 23:28:41,CH,Synthetic telemetry record analyzing phishing activity linked to defensive indicator billing-verify@example.net.,Initial Access,Phishing: Spearphishing Attachment,T1566.001,,
THR-2026-0539,2026-09-19 05:54:19,Dormant Administrator Account Activation #39,ACCOUNT SECURITY,FILE HASH,97e58b091d02cb20469bd0bfc7dc0abccea2df9274c6b4440b783881ec9996ec,Public Threat Feed,B – Usually Reliable,76,HIGH,62,NEW,2026-09-17 15:48:03,2026-09-19 05:54:19,SG,Synthetic telemetry record analyzing account security activity linked to defensive indicator 97e58b091d02cb20469bd0bfc7dc0abccea2df9274c6b4440b783881ec9996ec.,Defense Evasion,Valid Accounts: Cloud Accounts,T1078.004,,CAMP-DEFENSE-001
THR-2026-0540,2026-07-30 17:18:37,Kerberoasting Probe Telemetry #40,CREDENTIAL THREATS,DOMAIN,sub95.telemetry-sync.example.net,Unknown Source,D – Reliability Unknown,70,HIGH,77,NEW,2026-07-29 14:37:01,2026-07-30 17:18:37,NL,Synthetic telemetry record analyzing credential threats activity linked to defensive indicator sub95.telemetry-sync.example.net.,Credential Access,Credentials in Files,T1552.001,CVE-2026-8845,CAMP-DEFENSE-007
THR-2026-0541,2026-07-18 14:09:28,Extortion Double-Dip Campaign #41,RANSOMWARE,IP ADDRESS,192.0.2.152,Community Submission,C – Fairly Reliable,57,LOW,23,NEW,2026-07-13 22:20:25,2026-07-18 14:09:28,JP,Synthetic telemetry record analyzing ransomware activity linked to defensive indicator 192.0.2.152.,Infiltration,Lateral Movement: SMB/Windows Admin Shares,T1021.002,,CAMP-DEFENSE-014
THR-2026-0542,2026-07-15 18:49:50,SQLi Pattern on Public Gateway #42,WEB THREATS,EMAIL/SENDER DOMAIN,security-admin@example.org,Public Threat Feed,B – Usually Reliable,82,CRITICAL,92,MONITORING,2026-07-13 09:05:24,2026-07-15 18:49:50,Global,Synthetic telemetry record analyzing web threats activity linked to defensive indicator security-admin@example.org.,Collection,Automated Collection: Web Scraping,T1119,,
THR-2026-0543,2026-07-25 02:17:14,QR Code Phishing (Quishing) Test #43,SOCIAL ENGINEERING,IP ADDRESS,198.51.100.110,Internal SOC,A – Highly Reliable,80,MEDIUM,45,UNDER_REVIEW,2026-07-20 11:42:12,2026-07-25 02:17:14,DE,Synthetic telemetry record analyzing social engineering activity linked to defensive indicator 198.51.100.110.,Execution,User Execution: Malicious Link,T1204.001,,CAMP-DEFENSE-010
THR-2026-0544,2026-09-30 22:34:48,ICMP Covert Beaconing Pattern #44,NETWORK THREATS,DOMAIN,sub35.update-service.example.org,Security Vendor,A – Highly Reliable,75,HIGH,72,UNDER_REVIEW,2026-09-26 15:10:53,2026-09-30 22:34:48,JP,Synthetic telemetry record analyzing network threats activity linked to defensive indicator sub35.update-service.example.org.,Command and Control,Protocol Tunneling,T1572,,
THR-2026-0545,2026-07-04 02:14:29,OAuth High-Privilege Consent Grant #45,ACCOUNT SECURITY,IP ADDRESS,198.51.100.227,Internal SOC,A – Highly Reliable,76,CRITICAL,86,UNDER_REVIEW,2026-07-03 11:18:14,2026-07-04 02:14:29,BR,Synthetic telemetry record analyzing account security activity linked to defensive indicator 198.51.100.227.,Defense Evasion,Valid Accounts: Cloud Accounts,T1078.004,,
THR-2026-0546,2026-08-27 16:12:18,Anomalous SSH Bastion Brute Force #46,NETWORK THREATS,CVE ID,CVE-2026-1042,Unknown Source,D – Reliability Unknown,32,LOW,36,MONITORING,2026-08-25 13:19:13,2026-08-27 16:12:18,IN,Synthetic telemetry record analyzing network threats activity linked to defensive indicator CVE-2026-1042.,Command and Control,Protocol Tunneling,T1572,CVE-2026-1042,
THR-2026-0547,2026-09-09 01:46:40,QR Code Phishing (Quishing) Test #47,SOCIAL ENGINEERING,CVE ID,CVE-2026-2189,Public Threat Feed,B – Usually Reliable,45,MEDIUM,46,CLOSED,2026-09-06 04:22:36,2026-09-09 01:46:40,CH,Synthetic telemetry record analyzing social engineering activity linked to defensive indicator CVE-2026-2189.,,,,CVE-2026-2189,
THR-2026-0548,2026-07-14 13:31:44,Impossible Travel Anomaly #48,ACCOUNT SECURITY,IP ADDRESS,203.0.113.233,Security Vendor,A – Highly Reliable,77,MEDIUM,50,MONITORING,2026-07-13 17:37:48,2026-07-14 13:31:44,DE,Synthetic telemetry record analyzing account security activity linked to defensive indicator 203.0.113.233.,Persistence,Create Account: Local Account,T1136.001,,
THR-2026-0549,2026-08-26 12:56:22,Dormant Administrator Account Activation #49,ACCOUNT SECURITY,URL,https://update-service.example.org/session/token-exchange?session_id=4432,Unknown Source,D – Reliability Unknown,70,CRITICAL,96,UNDER_REVIEW,2026-08-24 23:58:02,2026-08-26 12:56:22,CH,Synthetic telemetry record analyzing account security activity linked to defensive indicator https://update-service.example.org/session/token-exchange?session_id=4432.,,,,,
THR-2026-0550,2026-09-19 05:45:54,Unauthenticated Deserialization Scan #50,VULNERABILITY EXPOSURE,DOMAIN,service.update-service.example.org,Unknown Source,D – Reliability Unknown,73,MEDIUM,44,NEW,2026-09-16 19:23:18,2026-09-19 05:45:54,JP,Synthetic telemetry record analyzing vulnerability exposure activity linked to defensive indicator service.update-service.example.org.,Initial Access,Exploit Public-Facing Application,T1190,CVE-2026-3390,CAMP-DEFENSE-024
THR-2026-0551,2026-09-21 11:59:59,Legacy WebDAV Exploit Sweep #51,VULNERABILITY EXPOSURE,FILE HASH,8da2c18e3b84b9d64c52e6377d4f37f42acaf3d461e17414c32ff755cdb42e28,Community Submission,C – Fairly Reliable,44,INFORMATIONAL,7,NEW,2026-09-18 07:37:40,2026-09-21 11:59:59,BR,Synthetic telemetry record analyzing vulnerability exposure activity linked to defensive indicator 8da2c18e3b84b9d64c52e6377d4f37f42acaf3d461e17414c32ff755cdb42e28.,,,,CVE-2026-2189,CAMP-DEFENSE-019
THR-2026-0552,2026-08-02 12:06:02,Memory Injection Testing Stub #52,MALWARE,IP ADDRESS,192.0.2.69,Internal SOC,A – Highly Reliable,53,INFORMATIONAL,11,MONITORING,2026-07-29 13:23:44,2026-08-02 12:06:02,CA,Synthetic telemetry record analyzing malware activity linked to defensive indicator 192.0.2.69.,Defense Evasion,Obfuscated Files or Information,T1027,,
THR-2026-0553,2026-08-01 00:25:07,DNS Tunneling Exfiltration Signature #53,NETWORK THREATS,EMAIL/SENDER DOMAIN,security-admin@example.net,Public Threat Feed,B – Usually Reliable,53,LOW,28,CLOSED,2026-07-30 07:14:58,2026-08-01 00:25:07,US,Synthetic telemetry record analyzing network threats activity linked to defensive indicator security-admin@example.net.,Command and Control,Protocol Tunneling,T1572,,
THR-2026-0554,2026-07-18 05:05:43,QR Code Phishing (Quishing) Test #54,SOCIAL ENGINEERING,CVE ID,CVE-2026-4401,Unknown Source,D – Reliability Unknown,53,INFORMATIONAL,8,MONITORING,2026-07-13 14:05:27,2026-07-18 05:05:43,FR,Synthetic telemetry record analyzing social engineering activity linked to defensive indicator CVE-2026-4401.,Initial Access,Trusted Relationship,T1199,CVE-2026-4401,
THR-2026-0555,2026-07-04 15:48:53,Legacy WebDAV Exploit Sweep #55,VULNERABILITY EXPOSURE,CVE ID,CVE-2026-6623,Internal SOC,A – Highly Reliable,80,HIGH,61,NEW,2026-06-29 20:54:33,2026-07-04 15:48:53,AU,Synthetic telemetry record analyzing vulnerability exposure activity linked to defensive indicator CVE-2026-6623.,Initial Access,Exploit Public-Facing Application,T1190,CVE-2026-6623,
THR-2026-0556,2026-07-04 14:19:34,Impossible Travel Anomaly #56,ACCOUNT SECURITY,IP ADDRESS,198.51.100.110,Research Report,B – Usually Reliable,79,CRITICAL,93,MONITORING,2026-06-30 07:28:26,2026-07-04 14:19:34,GB,Synthetic telemetry record analyzing account security activity linked to defensive indicator 198.51.100.110.,Persistence,Create Account: Local Account,T1136.001,,
THR-2026-0557,2026-07-03 17:58:22,Executive Pretexting Call Campaign #57,SOCIAL ENGINEERING,IP ADDRESS,198.51.100.214,Unknown Source,D – Reliability Unknown,52,MEDIUM,55,CLOSED,2026-06-28 19:30:23,2026-07-03 17:58:22,DE,Synthetic telemetry record analyzing social engineering activity linked to defensive indicator 198.51.100.214.,Initial Access,Trusted Relationship,T1199,,CAMP-DEFENSE-025
THR-2026-0558,2026-07-09 19:10:55,Unauthenticated Deserialization Scan #58,VULNERABILITY EXPOSURE,CVE ID,CVE-2026-8845,Security Vendor,A – Highly Reliable,59,MEDIUM,49,MONITORING,2026-07-08 04:00:07,2026-07-09 19:10:55,FR,Synthetic telemetry record analyzing vulnerability exposure activity linked to defensive indicator CVE-2026-8845.,Lateral Movement,Exploitation of Remote Services,T1210,CVE-2026-8845,
THR-2026-0559,2026-07-09 13:11:29,QR Code Phishing (Quishing) Test #59,SOCIAL ENGINEERING,IP ADDRESS,203.0.113.86,Security Vendor,A – Highly Reliable,69,MEDIUM,51,MONITORING,2026-07-05 17:13:51,2026-07-09 13:11:29,Global,Synthetic telemetry record analyzing social engineering activity linked to defensive indicator 203.0.113.86.,Initial Access,Trusted Relationship,T1199,,
THR-2026-0560,2026-09-21 07:16:51,Password Spraying against ADFS Demo #60,CREDENTIAL THREATS,DOMAIN,service.corp-portal-test.invalid,Internal SOC,A – Highly Reliable,52,MEDIUM,47,MONITORING,2026-09-19 14:27:09,2026-09-21 07:16:51,JP,Synthetic telemetry record analyzing credential threats activity linked to defensive indicator service.corp-portal-test.invalid.,Credential Access,Brute Force: Password Spraying,T1110.003,,
THR-2026-0561,2026-07-05 05:28:36,Urgent Security Notification Lure #61,PHISHING,EMAIL/SENDER DOMAIN,payroll-alert@example.org,Research Report,B – Usually Reliable,78,MEDIUM,45,UNDER_REVIEW,2026-07-03 15:07:10,2026-07-05 05:28:36,SG,Synthetic telemetry record analyzing phishing activity linked to defensive indicator payroll-alert@example.org.,Initial Access,Phishing: Spearphishing Voice,T1566.004,,
THR-2026-0562,2026-08-08 05:52:41,Extortion Double-Dip Campaign #62,RANSOMWARE,URL,https://telemetry-sync.example.net/secure/portal/auth?session_id=8467,Security Vendor,A – Highly Reliable,83,MEDIUM,42,MONITORING,2026-08-07 12:22:25,2026-08-08 05:52:41,CA,Synthetic telemetry record analyzing ransomware activity linked to defensive indicator https://telemetry-sync.example.net/secure/portal/auth?session_id=8467.,Impact,Inhibit System Recovery,T1490,,CAMP-DEFENSE-023
THR-2026-0563,2026-07-05 02:41:10,Server-Side Request Forgery Pattern #63,WEB THREATS,CVE ID,CVE-2026-1042,Internal SOC,A – Highly Reliable,87,HIGH,67,MONITORING,2026-07-03 10:42:32,2026-07-05 02:41:10,CH,Synthetic telemetry record analyzing web threats activity linked to defensive indicator CVE-2026-1042.,Initial Access,Exploit Public-Facing Application,T1190,CVE-2026-1042,
THR-2026-0564,2026-08-27 01:12:16,Legacy WebDAV Exploit Sweep #64,VULNERABILITY EXPOSURE,URL,https://client-token.example.org/auth/login-redirect?session_id=1353,Community Submission,C – Fairly Reliable,70,MEDIUM,52,MONITORING,2026-08-24 22:30:43,2026-08-27 01:12:16,DE,Synthetic telemetry record analyzing vulnerability exposure activity linked to defensive indicator https://client-token.example.org/auth/login-redirect?session_id=1353.,Lateral Movement,Exploitation of Remote Services,T1210,CVE-2026-5512,CAMP-DEFENSE-007
THR-2026-0565,2026-08-03 11:09:42,ShadowLocker Ransomware Activity #65,RANSOMWARE,URL,https://support-desk.invalid/verify-account/prompt?session_id=5981,Research Report,B – Usually Reliable,63,MEDIUM,56,MONITORING,2026-07-31 13:54:10,2026-08-03 11:09:42,SG,Synthetic telemetry record analyzing ransomware activity linked to defensive indicator https://support-desk.invalid/verify-account/prompt?session_id=5981.,Impact,Data Encrypted for Impact,T1486,,
THR-2026-0566,2026-08-28 11:08:35,Dormant Administrator Account Activation #66,ACCOUNT SECURITY,IP ADDRESS,203.0.113.202,Security Vendor,A – Highly Reliable,48,MEDIUM,46,NEW,2026-08-23 13:13:08,2026-08-28 11:08:35,IN,Synthetic telemetry record analyzing account security activity linked to defensive indicator 203.0.113.202.,,,,,CAMP-DEFENSE-002
THR-2026-0567,2026-09-20 15:16:17,Legacy WebDAV Exploit Sweep #67,VULNERABILITY EXPOSURE,DOMAIN,sub61.telemetry-sync.example.net,Internal SOC,A – Highly Reliable,41,LOW,40,CLOSED,2026-09-18 15:40:27,2026-09-20 15:16:17,JP,Synthetic telemetry record analyzing vulnerability exposure activity linked to defensive indicator sub61.telemetry-sync.example.net.,Privilege Escalation,Exploitation for Privilege Escalation,T1068,CVE-2026-2189,
THR-2026-0568,2026-09-20 08:15:41,Fake IT Helpdesk Remote Access Lure #68,SOCIAL ENGINEERING,URL,https://login-check.invalid/download/security-patch.bin?session_id=2910,Internal SOC,A – Highly Reliable,70,CRITICAL,88,NEW,2026-09-17 03:17:32,2026-09-20 08:15:41,AU,Synthetic telemetry record analyzing social engineering activity linked to defensive indicator https://login-check.invalid/download/security-patch.bin?session_id=2910.,Initial Access,Trusted Relationship,T1199,,
THR-2026-0569,2026-08-10 22:41:51,QR Code Phishing (Quishing) Test #69,SOCIAL ENGINEERING,CVE ID,CVE-2026-7734,Public Threat Feed,B – Usually Reliable,45,INFORMATIONAL,10,UNDER_REVIEW,2026-08-10 10:45:52,2026-08-10 22:41:51,DE,Synthetic telemetry record analyzing social engineering activity linked to defensive indicator CVE-2026-7734.,Initial Access,Replication Through Removable Media,T1091,CVE-2026-7734,
THR-2026-0570,2026-07-06 12:02:47,Sensitive API Endpoint Exposure #70,DATA EXPOSURE,EMAIL/SENDER DOMAIN,payroll-alert@example.com,Security Vendor,A – Highly Reliable,74,LOW,40,NEW,2026-07-02 00:20:03,2026-07-06 12:02:47,BR,Synthetic telemetry record analyzing data exposure activity linked to defensive indicator payroll-alert@example.com.,Collection,Data from Cloud Storage,T1530,,CAMP-DEFENSE-002
THR-2026-0571,2026-09-23 17:02:41,Admin Share Lateral Probe #71,RANSOMWARE,IP ADDRESS,203.0.113.66,Internal SOC,A – Highly Reliable,40,LOW,38,CLOSED,2026-09-23 02:04:43,2026-09-23 17:02:41,BR,Synthetic telemetry record analyzing ransomware activity linked to defensive indicator 203.0.113.66.,Impact,Inhibit System Recovery,T1490,CVE-2026-5512,CAMP-DEFENSE-017
THR-2026-0572,2026-07-30 19:50:56,Misconfigured Cloud Bucket Scraping #72,DATA EXPOSURE,FILE HASH,1e82eed20e32d980ef65044f0c54618f91ea97bd5ccc2402e79da6063a65027e,Research Report,B – Usually Reliable,89,CRITICAL,92,NEW,2026-07-28 05:07:44,2026-07-30 19:50:56,NL,Synthetic telemetry record analyzing data exposure activity linked to defensive indicator 1e82eed20e32d980ef65044f0c54618f91ea97bd5ccc2402e79da6063a65027e.,Exfiltration,Exfiltration Over Web Service,T1567,,
THR-2026-0573,2026-08-30 00:52:51,Admin Share Lateral Probe #73,RANSOMWARE,URL,https://telemetry-sync.example.net/auth/login-redirect?session_id=4539,Community Submission,C – Fairly Reliable,80,MEDIUM,43,NEW,2026-08-29 09:27:43,2026-08-30 00:52:51,BR,Synthetic telemetry record analyzing ransomware activity linked to defensive indicator https://telemetry-sync.example.net/auth/login-redirect?session_id=4539.,Infiltration,Lateral Movement: SMB/Windows Admin Shares,T1021.002,,CAMP-DEFENSE-015
THR-2026-0574,2026-09-12 23:57:40,Unauthenticated Deserialization Scan #74,VULNERABILITY EXPOSURE,CVE ID,CVE-2026-9956,Community Submission,C – Fairly Reliable,75,LOW,27,UNDER_REVIEW,2026-09-09 20:24:46,2026-09-12 23:57:40,SG,Synthetic telemetry record analyzing vulnerability exposure activity linked to defensive indicator CVE-2026-9956.,Lateral Movement,Exploitation of Remote Services,T1210,CVE-2026-9956,
THR-2026-0575,2026-09-09 01:35:56,Public Facing API Auth Bypass #75,VULNERABILITY EXPOSURE,FILE HASH,f846b9818ae47306135bcb3b9ad74a9de137260caa8970096f33103774555840,Community Submission,C – Fairly Reliable,71,MEDIUM,58,UNDER_REVIEW,2026-09-07 17:11:02,2026-09-09 01:35:56,GB,Synthetic telemetry record analyzing vulnerability exposure activity linked to defensive indicator f846b9818ae47306135bcb3b9ad74a9de137260caa8970096f33103774555840.,,,,CVE-2026-2189,
THR-2026-0576,2026-08-28 06:39:46,Synthetic Token Theft Activity #76,CREDENTIAL THREATS,URL,https://login-check.invalid/download/security-patch.bin?session_id=7179,Security Vendor,A – Highly Reliable,86,CRITICAL,86,NEW,2026-08-27 18:03:45,2026-08-28 06:39:46,CH,Synthetic telemetry record analyzing credential threats activity linked to defensive indicator https://login-check.invalid/download/security-patch.bin?session_id=7179.,Credential Access,OS Credential Dumping,T1003,,
THR-2026-0577,2026-09-15 23:11:43,MFA Fatigue Authentication Surge #77,ACCOUNT SECURITY,URL,https://security-alert.example.net/session/token-exchange?session_id=2623,Internal SOC,A – Highly Reliable,79,MEDIUM,52,MONITORING,2026-09-11 05:36:50,2026-09-15 23:11:43,BR,Synthetic telemetry record analyzing account security activity linked to defensive indicator https://security-alert.example.net/session/token-exchange?session_id=2623.,Defense Evasion,Valid Accounts: Cloud Accounts,T1078.004,,CAMP-DEFENSE-001
THR-2026-0578,2026-09-26 13:32:21,VSS Shadow Copy Invalidation Stub #78,RANSOMWARE,DOMAIN,service.session-manager.invalid,Public Threat Feed,B – Usually Reliable,91,CRITICAL,88,UNDER_REVIEW,2026-09-22 22:29:20,2026-09-26 13:32:21,FR,Synthetic telemetry record analyzing ransomware activity linked to defensive indicator service.session-manager.invalid.,Impact,Inhibit System Recovery,T1490,,
THR-2026-0579,2026-07-16 04:32:55,Cross-Site Scripting Injection Probe #79,WEB THREATS,URL,https://doc-share.example.org/invoice/preview-doc.pdf?session_id=6000,Unknown Source,D – Reliability Unknown,50,MEDIUM,51,NEW,2026-07-11 10:51:14,2026-07-16 04:32:55,DE,Synthetic telemetry record analyzing web threats activity linked to defensive indicator https://doc-share.example.org/invoice/preview-doc.pdf?session_id=6000.,Initial Access,Exploit Public-Facing Application,T1190,,
THR-2026-0580,2026-08-01 10:50:00,SQLi Pattern on Public Gateway #80,WEB THREATS,EMAIL/SENDER DOMAIN,security-admin@example.com,Research Report,B – Usually Reliable,62,LOW,36,UNDER_REVIEW,2026-07-27 18:56:25,2026-08-01 10:50:00,CH,Synthetic telemetry record analyzing web threats activity linked to defensive indicator security-admin@example.com.,Command and Control,Web Service: Dead Drop Resolver,T1102.001,,
THR-2026-0581,2026-08-14 06:44:26,Fake Invoice Redirector #81,PHISHING,CVE ID,CVE-2026-8845,Unknown Source,D – Reliability Unknown,91,CRITICAL,97,MONITORING,2026-08-12 13:20:00,2026-08-14 06:44:26,GB,Synthetic telemetry record analyzing phishing activity linked to defensive indicator CVE-2026-8845.,Initial Access,Phishing: Spearphishing Voice,T1566.004,CVE-2026-8845,
THR-2026-0582,2026-08-17 18:29:32,Memory Injection Testing Stub #82,MALWARE,URL,https://update-service.example.org/api/v1/health-check?session_id=1834,Research Report,B – Usually Reliable,91,CRITICAL,91,UNDER_REVIEW,2026-08-16 22:02:02,2026-08-17 18:29:32,JP,Synthetic telemetry record analyzing malware activity linked to defensive indicator https://update-service.example.org/api/v1/health-check?session_id=1834.,Command and Control,Application Layer Protocol,T1071,,
THR-2026-0583,2026-08-26 22:19:20,Path Traversal Web Probe #83,WEB THREATS,DOMAIN,service.client-token.example.org,Community Submission,C – Fairly Reliable,71,CRITICAL,97,MONITORING,2026-08-22 07:33:19,2026-08-26 22:19:20,JP,Synthetic telemetry record analyzing web threats activity linked to defensive indicator service.client-token.example.org.,Command and Control,Web Service: Dead Drop Resolver,T1102.001,,CAMP-DEFENSE-001
THR-2026-0584,2026-09-14 13:56:46,DNS Tunneling Exfiltration Signature #84,NETWORK THREATS,IP ADDRESS,192.0.2.90,Unknown Source,D – Reliability Unknown,42,LOW,36,CLOSED,2026-09-12 19:24:08,2026-09-14 13:56:46,GB,Synthetic telemetry record analyzing network threats activity linked to defensive indicator 192.0.2.90.,,,,,CAMP-DEFENSE-004
THR-2026-0585,2026-08-23 19:24:37,Path Traversal Web Probe #85,WEB THREATS,DOMAIN,sub57.corp-portal-test.invalid,Public Threat Feed,B – Usually Reliable,74,HIGH,64,UNDER_REVIEW,2026-08-22 21:32:54,2026-08-23 19:24:37,CH,Synthetic telemetry record analyzing web threats activity linked to defensive indicator sub57.corp-portal-test.invalid.,Collection,Automated Collection: Web Scraping,T1119,,
THR-2026-0586,2026-09-19 07:10:16,Compromised Service Account Pattern #86,CREDENTIAL THREATS,IP ADDRESS,192.0.2.73,Internal SOC,A – Highly Reliable,40,LOW,22,NEW,2026-09-17 04:38:40,2026-09-19 07:10:16,FR,Synthetic telemetry record analyzing credential threats activity linked to defensive indicator 192.0.2.73.,Credential Access,OS Credential Dumping,T1003,,
THR-2026-0587,2026-07-25 19:02:54,Watering Hole Redirector Demo #87,SOCIAL ENGINEERING,CVE ID,CVE-2026-2189,Public Threat Feed,B – Usually Reliable,53,MEDIUM,53,NEW,2026-07-21 21:24:28,2026-07-25 19:02:54,FR,Synthetic telemetry record analyzing social engineering activity linked to defensive indicator CVE-2026-2189.,,,,CVE-2026-2189,
THR-2026-0588,2026-08-01 08:04:39,Fake Invoice Redirector #88,PHISHING,CVE ID,CVE-2026-8845,Internal SOC,A – Highly Reliable,83,CRITICAL,81,NEW,2026-07-30 15:01:14,2026-08-01 08:04:39,CH,Synthetic telemetry record analyzing phishing activity linked to defensive indicator CVE-2026-8845.,Initial Access,Phishing: Spearphishing Attachment,T1566.001,CVE-2026-8845,CAMP-DEFENSE-014
THR-2026-0589,2026-07-03 22:23:27,Sensitive API Endpoint Exposure #89,DATA EXPOSURE,DOMAIN,service.auth-gateway.example.com,Public Threat Feed,B – Usually Reliable,75,HIGH,67,NEW,2026-07-02 16:42:30,2026-07-03 22:23:27,NL,Synthetic telemetry record analyzing data exposure activity linked to defensive indicator service.auth-gateway.example.com.,Exfiltration,Exfiltration Over Web Service,T1567,,
THR-2026-0590,2026-08-23 23:48:31,Memory Injection Testing Stub #90,MALWARE,DOMAIN,sub45.telemetry-sync.example.net,Security Vendor,A – Highly Reliable,44,INFORMATIONAL,6,NEW,2026-08-20 21:49:57,2026-08-23 23:48:31,CA,Synthetic telemetry record analyzing malware activity linked to defensive indicator sub45.telemetry-sync.example.net.,Defense Evasion,Obfuscated Files or Information,T1027,,
THR-2026-0591,2026-09-21 10:08:43,Fake Invoice Redirector #91,PHISHING,EMAIL/SENDER DOMAIN,security-admin@example.com,Public Threat Feed,B – Usually Reliable,77,CRITICAL,94,MONITORING,2026-09-19 14:30:58,2026-09-21 10:08:43,JP,Synthetic telemetry record analyzing phishing activity linked to defensive indicator security-admin@example.com.,Initial Access,Phishing: Spearphishing Link,T1566.002,,CAMP-DEFENSE-022
THR-2026-0592,2026-09-08 15:19:02,Watering Hole Redirector Demo #92,SOCIAL ENGINEERING,URL,https://support-desk.invalid/download/security-patch.bin?session_id=8059,Security Vendor,A – Highly Reliable,36,LOW,24,UNDER_REVIEW,2026-09-06 04:21:46,2026-09-08 15:19:02,CH,Synthetic telemetry record analyzing social engineering activity linked to defensive indicator https://support-desk.invalid/download/security-patch.bin?session_id=8059.,Initial Access,Trusted Relationship,T1199,,
THR-2026-0593,2026-08-03 20:37:27,MFA Fatigue Authentication Surge #93,ACCOUNT SECURITY,EMAIL/SENDER DOMAIN,payroll-alert@example.net,Security Vendor,A – Highly Reliable,53,MEDIUM,44,CLOSED,2026-08-02 19:25:12,2026-08-03 20:37:27,NL,Synthetic telemetry record analyzing account security activity linked to defensive indicator payroll-alert@example.net.,Persistence,Create Account: Local Account,T1136.001,,
THR-2026-0594,2026-08-06 16:01:23,Watering Hole Redirector Demo #94,SOCIAL ENGINEERING,IP ADDRESS,192.0.2.242,Community Submission,C – Fairly Reliable,79,MEDIUM,47,MONITORING,2026-08-05 03:50:45,2026-08-06 16:01:23,SG,Synthetic telemetry record analyzing social engineering activity linked to defensive indicator 192.0.2.242.,Initial Access,Replication Through Removable Media,T1091,,
THR-2026-0595,2026-09-25 05:30:43,Executive Pretexting Call Campaign #95,SOCIAL ENGINEERING,CVE ID,CVE-2026-1188,Research Report,B – Usually Reliable,95,CRITICAL,97,UNDER_REVIEW,2026-09-23 03:13:53,2026-09-25 05:30:43,Global,Synthetic telemetry record analyzing social engineering activity linked to defensive indicator CVE-2026-1188.,,,,CVE-2026-1188,CAMP-DEFENSE-005
THR-2026-0596,2026-07-31 18:18:13,Synthetic Token Theft Activity #96,CREDENTIAL THREATS,CVE ID,CVE-2026-9956,Research Report,B – Usually Reliable,84,CRITICAL,86,UNDER_REVIEW,2026-07-27 09:52:22,2026-07-31 18:18:13,NL,Synthetic telemetry record analyzing credential threats activity linked to defensive indicator CVE-2026-9956.,Credential Access,OS Credential Dumping,T1003,CVE-2026-9956,
THR-2026-0597,2026-08-09 02:03:27,Admin Share Lateral Probe #97,RANSOMWARE,IP ADDRESS,192.0.2.147,Security Vendor,A – Highly Reliable,84,CRITICAL,97,UNDER_REVIEW,2026-08-09 00:59:38,2026-08-09 02:03:27,FR,Synthetic telemetry record analyzing ransomware activity linked to defensive indicator 192.0.2.147.,Impact,Inhibit System Recovery,T1490,,CAMP-DEFENSE-008
THR-2026-0598,2026-09-05 01:55:08,Generic Modular Loader Simulation #98,MALWARE,DOMAIN,service.security-alert.example.net,Security Vendor,A – Highly Reliable,74,CRITICAL,89,UNDER_REVIEW,2026-09-01 21:09:54,2026-09-05 01:55:08,BR,Synthetic telemetry record analyzing malware activity linked to defensive indicator service.security-alert.example.net.,Execution,User Execution: Malicious File,T1204.002,,CAMP-DEFENSE-007
THR-2026-0599,2026-09-02 03:19:31,DNS Tunneling Exfiltration Signature #99,NETWORK THREATS,CVE ID,CVE-2026-1188,Public Threat Feed,B – Usually Reliable,83,HIGH,69,MONITORING,2026-08-28 09:45:14,2026-09-02 03:19:31,SG,Synthetic telemetry record analyzing network threats activity linked to defensive indicator CVE-2026-1188.,,,,CVE-2026-1188,CAMP-DEFENSE-002
THR-2026-0600,2026-09-08 07:16:55,Kerberoasting Probe Telemetry #00,CREDENTIAL THREATS,CVE ID,CVE-2026-7734,Security Vendor,A – Highly Reliable,51,MEDIUM,59,UNDER_REVIEW,2026-09-08 05:24:19,2026-09-08 07:16:55,CA,Synthetic telemetry record analyzing credential threats activity linked to defensive indicator CVE-2026-7734.,Credential Access,Credentials in Files,T1552.001,CVE-2026-7734,
THR-2026-0601,2026-08-22 05:11:23,Compromised Service Account Pattern #01,CREDENTIAL THREATS,URL,https://corp-portal-test.invalid/invoice/preview-doc.pdf?session_id=7479,Security Vendor,A – Highly Reliable,75,MEDIUM,45,NEW,2026-08-18 13:36:44,2026-08-22 05:11:23,CH,Synthetic telemetry record analyzing credential threats activity linked to defensive indicator https://corp-portal-test.invalid/invoice/preview-doc.pdf?session_id=7479.,,,,,CAMP-DEFENSE-006
THR-2026-0602,2026-09-03 10:23:53,VSS Shadow Copy Invalidation Stub #02,RANSOMWARE,CVE ID,CVE-2026-2189,Internal SOC,A – Highly Reliable,66,HIGH,80,UNDER_REVIEW,2026-08-30 00:10:04,2026-09-03 10:23:53,DE,Synthetic telemetry record analyzing ransomware activity linked to defensive indicator CVE-2026-2189.,,,,CVE-2026-2189,
THR-2026-0603,2026-08-28 08:17:47,Misconfigured Cloud Bucket Scraping #03,DATA EXPOSURE,DOMAIN,sub11.support-desk.invalid,Internal SOC,A – Highly Reliable,64,HIGH,62,MONITORING,2026-08-28 05:48:38,2026-08-28 08:17:47,Global,Synthetic telemetry record analyzing data exposure activity linked to defensive indicator sub11.support-desk.invalid.,Exfiltration,Exfiltration Over Web Service,T1567,,
THR-2026-0604,2026-09-18 19:11:49,Generic Modular Loader Simulation #04,MALWARE,EMAIL/SENDER DOMAIN,support-desk@example.com,Security Vendor,A – Highly Reliable,69,HIGH,66,UNDER_REVIEW,2026-09-15 00:02:11,2026-09-18 19:11:49,US,Synthetic telemetry record analyzing malware activity linked to defensive indicator support-desk@example.com.,Execution,User Execution: Malicious File,T1204.002,,
THR-2026-0605,2026-08-16 07:53:45,Urgent Security Notification Lure #05,PHISHING,IP ADDRESS,203.0.113.76,Internal SOC,A – Highly Reliable,31,LOW,28,NEW,2026-08-12 03:31:05,2026-08-16 07:53:45,BR,Synthetic telemetry record analyzing phishing activity linked to defensive indicator 203.0.113.76.,Initial Access,Phishing: Spearphishing Attachment,T1566.001,,
THR-2026-0606,2026-09-11 03:10:13,InfoStealer Demo Artifact #06,MALWARE,FILE HASH,ef6e01b5d039fa5e58ce60bb85c7a6f2a44fa77ace90b960efb696d007a6f88c,Internal SOC,A – Highly Reliable,69,LOW,23,CLOSED,2026-09-06 08:23:39,2026-09-11 03:10:13,GB,Synthetic telemetry record analyzing malware activity linked to defensive indicator ef6e01b5d039fa5e58ce60bb85c7a6f2a44fa77ace90b960efb696d007a6f88c.,Defense Evasion,Obfuscated Files or Information,T1027,,
THR-2026-0607,2026-08-24 02:05:32,Public Facing API Auth Bypass #07,VULNERABILITY EXPOSURE,EMAIL/SENDER DOMAIN,support-desk@example.org,Unknown Source,D – Reliability Unknown,63,MEDIUM,60,MONITORING,2026-08-19 14:55:05,2026-08-24 02:05:32,Global,Synthetic telemetry record analyzing vulnerability exposure activity linked to defensive indicator support-desk@example.org.,Initial Access,Exploit Public-Facing Application,T1190,CVE-2026-5512,
THR-2026-0608,2026-09-18 03:19:09,Encrypted Payload Delivery Simulation #08,MALWARE,IP ADDRESS,192.0.2.200,Unknown Source,D – Reliability Unknown,49,MEDIUM,56,NEW,2026-09-17 09:35:08,2026-09-18 03:19:09,GB,Synthetic telemetry record analyzing malware activity linked to defensive indicator 192.0.2.200.,,,,,
THR-2026-0609,2026-08-24 05:08:23,VSS Shadow Copy Invalidation Stub #09,RANSOMWARE,FILE HASH,126e253827ff3f3ff12849d220f1f2d0d28469f0408f356f842621c0df85c53f,Research Report,B – Usually Reliable,53,MEDIUM,51,UNDER_REVIEW,2026-08-20 17:55:45,2026-08-24 05:08:23,FR,Synthetic telemetry record analyzing ransomware activity linked to defensive indicator 126e253827ff3f3ff12849d220f1f2d0d28469f0408f356f842621c0df85c53f.,Impact,Inhibit System Recovery,T1490,,
THR-2026-0610,2026-08-24 09:26:10,Exfiltration via Public Cloud Storage #10,DATA EXPOSURE,DOMAIN,service.support-desk.invalid,Unknown Source,D – Reliability Unknown,50,MEDIUM,48,UNDER_REVIEW,2026-08-21 12:05:28,2026-08-24 09:26:10,GB,Synthetic telemetry record analyzing data exposure activity linked to defensive indicator service.support-desk.invalid.,Exfiltration,Exfiltration Over Web Service,T1567,,
THR-2026-0611,2026-09-04 19:45:40,Memory Injection Testing Stub #11,MALWARE,IP ADDRESS,198.51.100.93,Security Vendor,A – Highly Reliable,67,HIGH,74,MONITORING,2026-09-04 02:27:51,2026-09-04 19:45:40,CH,Synthetic telemetry record analyzing malware activity linked to defensive indicator 198.51.100.93.,Execution,User Execution: Malicious File,T1204.002,CVE-2026-3390,CAMP-DEFENSE-023
THR-2026-0612,2026-09-26 10:54:35,Spear-Phishing Credential Harvester #12,PHISHING,CVE ID,CVE-2026-3390,Public Threat Feed,B – Usually Reliable,83,MEDIUM,56,NEW,2026-09-25 22:11:18,2026-09-26 10:54:35,US,Synthetic telemetry record analyzing phishing activity linked to defensive indicator CVE-2026-3390.,Initial Access,Phishing: Spearphishing Link,T1566.002,CVE-2026-3390,
THR-2026-0613,2026-08-20 02:02:08,Impossible Travel Anomaly #13,ACCOUNT SECURITY,FILE HASH,734f0df9810eff48b91c656869cdc5b120acc16fa65315baea2d7014d0bddefd,Security Vendor,A – Highly Reliable,75,MEDIUM,50,NEW,2026-08-19 09:13:19,2026-08-20 02:02:08,GB,Synthetic telemetry record analyzing account security activity linked to defensive indicator 734f0df9810eff48b91c656869cdc5b120acc16fa65315baea2d7014d0bddefd.,Defense Evasion,Valid Accounts: Cloud Accounts,T1078.004,,
THR-2026-0614,2026-07-25 18:57:20,Corporate SSO Impersonation Portal #14,PHISHING,CVE ID,CVE-2026-9956,Community Submission,C – Fairly Reliable,63,INFORMATIONAL,18,UNDER_REVIEW,2026-07-23 06:33:36,2026-07-25 18:57:20,CH,Synthetic telemetry record analyzing phishing activity linked to defensive indicator CVE-2026-9956.,Initial Access,Phishing: Spearphishing Attachment,T1566.001,CVE-2026-9956,
THR-2026-0615,2026-07-05 19:59:28,Password Spraying against ADFS Demo #15,CREDENTIAL THREATS,FILE HASH,ac373a1309965aaeff43db9ceaaffdf482161bd74281b9827c8d21f16973db8c,Public Threat Feed,B – Usually Reliable,93,CRITICAL,85,FALSE_POSITIVE,2026-07-03 05:24:40,2026-07-05 19:59:28,CH,Synthetic telemetry record analyzing credential threats activity linked to defensive indicator ac373a1309965aaeff43db9ceaaffdf482161bd74281b9827c8d21f16973db8c.,Credential Access,Credentials in Files,T1552.001,CVE-2026-7734,CAMP-DEFENSE-024
THR-2026-0616,2026-08-25 21:33:23,Watering Hole Redirector Demo #16,SOCIAL ENGINEERING,FILE HASH,5a5c75c7498f724266524041e0fb323f07d47dc1799521bf6d61c29d86028e80,Unknown Source,D – Reliability Unknown,61,INFORMATIONAL,16,MONITORING,2026-08-23 23:54:00,2026-08-25 21:33:23,US,Synthetic telemetry record analyzing social engineering activity linked to defensive indicator 5a5c75c7498f724266524041e0fb323f07d47dc1799521bf6d61c29d86028e80.,Execution,User Execution: Malicious Link,T1204.001,,CAMP-DEFENSE-020
THR-2026-0617,2026-08-08 15:16:25,Compromised Service Account Pattern #17,CREDENTIAL THREATS,URL,https://update-service.example.org/download/security-patch.bin?session_id=2070,Security Vendor,A – Highly Reliable,42,LOW,38,MONITORING,2026-08-04 20:29:28,2026-08-08 15:16:25,US,Synthetic telemetry record analyzing credential threats activity linked to defensive indicator https://update-service.example.org/download/security-patch.bin?session_id=2070.,Credential Access,Brute Force: Password Spraying,T1110.003,,CAMP-DEFENSE-019
THR-2026-0618,2026-07-25 17:46:35,Spear-Phishing Credential Harvester #18,PHISHING,URL,https://auth-gateway.example.com/session/token-exchange?session_id=1138,Public Threat Feed,B – Usually Reliable,70,MEDIUM,51,CLOSED,2026-07-20 22:43:40,2026-07-25 17:46:35,FR,Synthetic telemetry record analyzing phishing activity linked to defensive indicator https://auth-gateway.example.com/session/token-exchange?session_id=1138.,Initial Access,Phishing: Spearphishing Link,T1566.002,,CAMP-DEFENSE-014
THR-2026-0619,2026-08-19 10:31:34,Extortion Double-Dip Campaign #19,RANSOMWARE,IP ADDRESS,203.0.113.204,Research Report,B – Usually Reliable,29,INFORMATIONAL,10,NEW,2026-08-15 02:16:07,2026-08-19 10:31:34,Global,Synthetic telemetry record analyzing ransomware activity linked to defensive indicator 203.0.113.204.,Impact,Data Encrypted for Impact,T1486,,CAMP-DEFENSE-023
THR-2026-0620,2026-08-15 21:37:45,VSS Shadow Copy Invalidation Stub #20,RANSOMWARE,CVE ID,CVE-2026-5512,Community Submission,C – Fairly Reliable,73,MEDIUM,51,CLOSED,2026-08-12 06:10:58,2026-08-15 21:37:45,US,Synthetic telemetry record analyzing ransomware activity linked to defensive indicator CVE-2026-5512.,Infiltration,Lateral Movement: SMB/Windows Admin Shares,T1021.002,CVE-2026-5512,
THR-2026-0621,2026-09-24 13:47:01,Edge Gateway Remote Buffer Trigger #21,VULNERABILITY EXPOSURE,DOMAIN,service.support-desk.invalid,Community Submission,C – Fairly Reliable,51,MEDIUM,56,FALSE_POSITIVE,2026-09-23 19:29:43,2026-09-24 13:47:01,CA,Synthetic telemetry record analyzing vulnerability exposure activity linked to defensive indicator service.support-desk.invalid.,Initial Access,Exploit Public-Facing Application,T1190,CVE-2026-5512,
THR-2026-0622,2026-09-16 19:12:25,Memory Injection Testing Stub #22,MALWARE,FILE HASH,5b52c9e9dda9932b9e407725807dc78428749eb40be0d1eeeaae78d67e903c41,Public Threat Feed,B – Usually Reliable,49,MEDIUM,43,UNDER_REVIEW,2026-09-15 09:35:34,2026-09-16 19:12:25,BR,Synthetic telemetry record analyzing malware activity linked to defensive indicator 5b52c9e9dda9932b9e407725807dc78428749eb40be0d1eeeaae78d67e903c41.,Defense Evasion,Obfuscated Files or Information,T1027,,
THR-2026-0623,2026-08-29 15:22:21,VSS Shadow Copy Invalidation Stub #23,RANSOMWARE,IP ADDRESS,203.0.113.125,Internal SOC,A – Highly Reliable,53,MEDIUM,60,UNDER_REVIEW,2026-08-28 04:58:39,2026-08-29 15:22:21,FR,Synthetic telemetry record analyzing ransomware activity linked to defensive indicator 203.0.113.125.,Impact,Inhibit System Recovery,T1490,,
THR-2026-0624,2026-07-22 05:49:17,QR Code Phishing (Quishing) Test #24,SOCIAL ENGINEERING,URL,https://client-token.example.org/verify-account/prompt?session_id=1934,Unknown Source,D – Reliability Unknown,51,MEDIUM,45,NEW,2026-07-18 17:51:07,2026-07-22 05:49:17,BR,Synthetic telemetry record analyzing social engineering activity linked to defensive indicator https://client-token.example.org/verify-account/prompt?session_id=1934.,Initial Access,Replication Through Removable Media,T1091,,
THR-2026-0625,2026-09-21 12:09:53,Memory Injection Testing Stub #25,MALWARE,URL,https://invoice-verify.invalid/secure/portal/auth?session_id=9767,Research Report,B – Usually Reliable,79,LOW,33,UNDER_REVIEW,2026-09-20 14:31:54,2026-09-21 12:09:53,DE,Synthetic telemetry record analyzing malware activity linked to defensive indicator https://invoice-verify.invalid/secure/portal/auth?session_id=9767.,Defense Evasion,Obfuscated Files or Information,T1027,,CAMP-DEFENSE-020
THR-2026-0626,2026-07-08 01:02:37,SQLi Pattern on Public Gateway #26,WEB THREATS,FILE HASH,e60b1a3efb481396875672e321596f07af9f6127af1cbbada817e87d7d7b2b39,Security Vendor,A – Highly Reliable,32,LOW,39,FALSE_POSITIVE,2026-07-07 07:34:55,2026-07-08 01:02:37,US,Synthetic telemetry record analyzing web threats activity linked to defensive indicator e60b1a3efb481396875672e321596f07af9f6127af1cbbada817e87d7d7b2b39.,Collection,Automated Collection: Web Scraping,T1119,CVE-2026-6623,
THR-2026-0627,2026-09-08 15:43:51,Kerberoasting Probe Telemetry #27,CREDENTIAL THREATS,IP ADDRESS,203.0.113.109,Public Threat Feed,B – Usually Reliable,55,LOW,29,UNDER_REVIEW,2026-09-07 18:35:53,2026-09-08 15:43:51,BR,Synthetic telemetry record analyzing credential threats activity linked to defensive indicator 203.0.113.109.,,,,,
THR-2026-0628,2026-07-06 17:02:31,Server-Side Request Forgery Pattern #28,WEB THREATS,DOMAIN,sub21.doc-share.example.org,Public Threat Feed,B – Usually Reliable,60,LOW,34,UNDER_REVIEW,2026-07-05 05:24:48,2026-07-06 17:02:31,US,Synthetic telemetry record analyzing web threats activity linked to defensive indicator sub21.doc-share.example.org.,Command and Control,Web Service: Dead Drop Resolver,T1102.001,,
THR-2026-0629,2026-08-02 06:24:14,Exfiltration via Public Cloud Storage #29,DATA EXPOSURE,EMAIL/SENDER DOMAIN,hr-notices@example.com,Unknown Source,D – Reliability Unknown,30,LOW,31,UNDER_REVIEW,2026-07-30 04:25:21,2026-08-02 06:24:14,JP,Synthetic telemetry record analyzing data exposure activity linked to defensive indicator hr-notices@example.com.,Exfiltration,Exfiltration Over Alternative Protocol,T1048,,
THR-2026-0630,2026-07-08 12:17:04,Sensitive API Endpoint Exposure #30,DATA EXPOSURE,CVE ID,CVE-2026-4401,Research Report,B – Usually Reliable,51,MEDIUM,59,UNDER_REVIEW,2026-07-04 05:24:45,2026-07-08 12:17:04,IN,Synthetic telemetry record analyzing data exposure activity linked to defensive indicator CVE-2026-4401.,,,,CVE-2026-4401,
THR-2026-0631,2026-08-10 11:01:03,Legacy WebDAV Exploit Sweep #31,VULNERABILITY EXPOSURE,DOMAIN,service.telemetry-sync.example.net,Unknown Source,D – Reliability Unknown,69,HIGH,61,MONITORING,2026-08-10 09:17:35,2026-08-10 11:01:03,AU,Synthetic telemetry record analyzing vulnerability exposure activity linked to defensive indicator service.telemetry-sync.example.net.,Lateral Movement,Exploitation of Remote Services,T1210,CVE-2026-2189,
THR-2026-0632,2026-09-21 02:58:16,Legacy WebDAV Exploit Sweep #32,VULNERABILITY EXPOSURE,URL,https://cdn-cache.example.com/update/agent-installer?session_id=9571,Public Threat Feed,B – Usually Reliable,80,MEDIUM,46,CLOSED,2026-09-20 05:52:25,2026-09-21 02:58:16,BR,Synthetic telemetry record analyzing vulnerability exposure activity linked to defensive indicator https://cdn-cache.example.com/update/agent-installer?session_id=9571.,Lateral Movement,Exploitation of Remote Services,T1210,CVE-2026-7734,
THR-2026-0633,2026-07-03 20:00:15,Cross-Site Scripting Injection Probe #33,WEB THREATS,CVE ID,CVE-2026-8845,Internal SOC,A – Highly Reliable,69,LOW,21,MONITORING,2026-06-29 19:17:29,2026-07-03 20:00:15,BR,Synthetic telemetry record analyzing web threats activity linked to defensive indicator CVE-2026-8845.,Initial Access,Exploit Public-Facing Application,T1190,CVE-2026-8845,
THR-2026-0634,2026-09-05 06:06:07,QR Code Phishing (Quishing) Test #34,SOCIAL ENGINEERING,EMAIL/SENDER DOMAIN,payroll-alert@example.com,Unknown Source,D – Reliability Unknown,65,LOW,35,UNDER_REVIEW,2026-09-03 03:37:30,2026-09-05 06:06:07,AU,Synthetic telemetry record analyzing social engineering activity linked to defensive indicator payroll-alert@example.com.,Initial Access,Replication Through Removable Media,T1091,,
THR-2026-0635,2026-08-16 16:29:12,Public Facing API Auth Bypass #35,VULNERABILITY EXPOSURE,IP ADDRESS,198.51.100.201,Security Vendor,A – Highly Reliable,71,MEDIUM,50,NEW,2026-08-15 08:22:25,2026-08-16 16:29:12,FR,Synthetic telemetry record analyzing vulnerability exposure activity linked to defensive indicator 198.51.100.201.,Initial Access,Exploit Public-Facing Application,T1190,CVE-2026-7734,CAMP-DEFENSE-001
THR-2026-0636,2026-08-12 08:32:10,MFA Fatigue Authentication Surge #36,ACCOUNT SECURITY,URL,https://cdn-cache.example.com/auth/login-redirect?session_id=8045,Security Vendor,A – Highly Reliable,48,MEDIUM,53,UNDER_REVIEW,2026-08-10 09:34:22,2026-08-12 08:32:10,AU,Synthetic telemetry record analyzing account security activity linked to defensive indicator https://cdn-cache.example.com/auth/login-redirect?session_id=8045.,Persistence,Create Account: Local Account,T1136.001,,
THR-2026-0637,2026-09-22 08:45:02,Anomalous SSH Bastion Brute Force #37,NETWORK THREATS,EMAIL/SENDER DOMAIN,hr-notices@corporate-demo.invalid,Security Vendor,A – Highly Reliable,70,MEDIUM,59,NEW,2026-09-18 08:36:36,2026-09-22 08:45:02,NL,Synthetic telemetry record analyzing network threats activity linked to defensive indicator hr-notices@corporate-demo.invalid.,Discovery,Network Sniffing,T1040,,
THR-2026-0638,2026-08-05 18:41:52,Encrypted Payload Delivery Simulation #38,MALWARE,IP ADDRESS,192.0.2.112,Internal SOC,A – Highly Reliable,56,INFORMATIONAL,7,MONITORING,2026-08-02 19:30:12,2026-08-05 18:41:52,GB,Synthetic telemetry record analyzing malware activity linked to defensive indicator 192.0.2.112.,Command and Control,Application Layer Protocol,T1071,,
THR-2026-0639,2026-09-13 21:23:41,Password Spraying against ADFS Demo #39,CREDENTIAL THREATS,CVE ID,CVE-2026-5512,Public Threat Feed,B – Usually Reliable,84,HIGH,73,MONITORING,2026-09-09 16:32:23,2026-09-13 21:23:41,DE,Synthetic telemetry record analyzing credential threats activity linked to defensive indicator CVE-2026-5512.,Credential Access,Brute Force: Password Spraying,T1110.003,CVE-2026-5512,CAMP-DEFENSE-005
THR-2026-0640,2026-09-05 22:09:27,Executive Pretexting Call Campaign #40,SOCIAL ENGINEERING,EMAIL/SENDER DOMAIN,billing-verify@example.com,Security Vendor,A – Highly Reliable,43,INFORMATIONAL,20,NEW,2026-09-01 10:48:18,2026-09-05 22:09:27,CA,Synthetic telemetry record analyzing social engineering activity linked to defensive indicator billing-verify@example.com.,Initial Access,Replication Through Removable Media,T1091,,
THR-2026-0641,2026-07-11 15:50:48,Memory Injection Testing Stub #41,MALWARE,DOMAIN,sub58.cdn-cache.example.com,Unknown Source,D – Reliability Unknown,41,LOW,21,FALSE_POSITIVE,2026-07-07 14:49:15,2026-07-11 15:50:48,IN,Synthetic telemetry record analyzing malware activity linked to defensive indicator sub58.cdn-cache.example.com.,Command and Control,Application Layer Protocol,T1071,,CAMP-DEFENSE-011
THR-2026-0642,2026-07-26 15:18:53,MFA Fatigue Authentication Surge #42,ACCOUNT SECURITY,EMAIL/SENDER DOMAIN,billing-verify@example.org,Community Submission,C – Fairly Reliable,64,LOW,21,NEW,2026-07-22 00:07:29,2026-07-26 15:18:53,US,Synthetic telemetry record analyzing account security activity linked to defensive indicator billing-verify@example.org.,,,,,CAMP-DEFENSE-012
THR-2026-0643,2026-07-08 19:47:01,ICMP Covert Beaconing Pattern #43,NETWORK THREATS,DOMAIN,service.session-manager.invalid,Unknown Source,D – Reliability Unknown,67,MEDIUM,43,UNDER_REVIEW,2026-07-07 11:40:22,2026-07-08 19:47:01,NL,Synthetic telemetry record analyzing network threats activity linked to defensive indicator service.session-manager.invalid.,Discovery,Network Sniffing,T1040,,
THR-2026-0644,2026-07-06 20:15:59,Server-Side Request Forgery Pattern #44,WEB THREATS,DOMAIN,service.session-manager.invalid,Public Threat Feed,B – Usually Reliable,69,HIGH,79,CLOSED,2026-07-06 07:55:08,2026-07-06 20:15:59,IN,Synthetic telemetry record analyzing web threats activity linked to defensive indicator service.session-manager.invalid.,Initial Access,Exploit Public-Facing Application,T1190,,
THR-2026-0645,2026-09-13 08:40:56,Path Traversal Web Probe #45,WEB THREATS,URL,https://support-desk.invalid/download/security-patch.bin?session_id=7275,Research Report,B – Usually Reliable,74,HIGH,63,UNDER_REVIEW,2026-09-11 14:19:57,2026-09-13 08:40:56,AU,Synthetic telemetry record analyzing web threats activity linked to defensive indicator https://support-desk.invalid/download/security-patch.bin?session_id=7275.,Initial Access,Exploit Public-Facing Application,T1190,,CAMP-DEFENSE-014
THR-2026-0646,2026-08-23 17:09:18,Corporate SSO Impersonation Portal #46,PHISHING,IP ADDRESS,192.0.2.208,Public Threat Feed,B – Usually Reliable,72,LOW,27,MONITORING,2026-08-22 18:50:42,2026-08-23 17:09:18,NL,Synthetic telemetry record analyzing phishing activity linked to defensive indicator 192.0.2.208.,Initial Access,Phishing: Spearphishing Link,T1566.002,,CAMP-DEFENSE-011
THR-2026-0647,2026-09-25 08:41:27,Executive Pretexting Call Campaign #47,SOCIAL ENGINEERING,EMAIL/SENDER DOMAIN,support-desk@example.org,Community Submission,C – Fairly Reliable,36,LOW,27,CLOSED,2026-09-23 22:39:26,2026-09-25 08:41:27,IN,Synthetic telemetry record analyzing social engineering activity linked to defensive indicator support-desk@example.org.,Initial Access,Trusted Relationship,T1199,,
THR-2026-0648,2026-07-20 04:37:12,Unauthenticated Deserialization Scan #48,VULNERABILITY EXPOSURE,CVE ID,CVE-2026-5512,Public Threat Feed,B – Usually Reliable,51,INFORMATIONAL,20,NEW,2026-07-19 04:50:31,2026-07-20 04:37:12,IN,Synthetic telemetry record analyzing vulnerability exposure activity linked to defensive indicator CVE-2026-5512.,,,,CVE-2026-5512,
THR-2026-0649,2026-09-29 09:42:38,DNS Tunneling Exfiltration Signature #49,NETWORK THREATS,EMAIL/SENDER DOMAIN,security-admin@example.org,Community Submission,C – Fairly Reliable,60,HIGH,79,NEW,2026-09-29 07:34:13,2026-09-29 09:42:38,SG,Synthetic telemetry record analyzing network threats activity linked to defensive indicator security-admin@example.org.,Command and Control,Protocol Tunneling,T1572,,
THR-2026-0650,2026-07-28 07:06:28,Urgent Security Notification Lure #50,PHISHING,IP ADDRESS,198.51.100.25,Research Report,B – Usually Reliable,62,HIGH,73,MONITORING,2026-07-26 22:08:49,2026-07-28 07:06:28,CA,Synthetic telemetry record analyzing phishing activity linked to defensive indicator 198.51.100.25.,Initial Access,Phishing: Spearphishing Attachment,T1566.001,,CAMP-DEFENSE-010
THR-2026-0651,2026-09-27 00:23:34,Generic Modular Loader Simulation #51,MALWARE,URL,https://support-desk.invalid/download/security-patch.bin?session_id=1479,Security Vendor,A – Highly Reliable,74,LOW,31,CLOSED,2026-09-26 23:08:43,2026-09-27 00:23:34,CH,Synthetic telemetry record analyzing malware activity linked to defensive indicator https://support-desk.invalid/download/security-patch.bin?session_id=1479.,Execution,User Execution: Malicious File,T1204.002,,CAMP-DEFENSE-012
THR-2026-0652,2026-09-24 13:41:20,Urgent Security Notification Lure #52,PHISHING,URL,https://login-check.invalid/download/security-patch.bin?session_id=1786,Public Threat Feed,B – Usually Reliable,62,MEDIUM,53,CLOSED,2026-09-22 22:10:10,2026-09-24 13:41:20,BR,Synthetic telemetry record analyzing phishing activity linked to defensive indicator https://login-check.invalid/download/security-patch.bin?session_id=1786.,Initial Access,Phishing: Spearphishing Link,T1566.002,,CAMP-DEFENSE-011
THR-2026-0653,2026-08-14 21:16:26,Executive Pretexting Call Campaign #53,SOCIAL ENGINEERING,CVE ID,CVE-2026-4401,Community Submission,C – Fairly Reliable,65,MEDIUM,49,UNDER_REVIEW,2026-08-11 23:55:40,2026-08-14 21:16:26,SG,Synthetic telemetry record analyzing social engineering activity linked to defensive indicator CVE-2026-4401.,Execution,User Execution: Malicious Link,T1204.001,CVE-2026-4401,CAMP-DEFENSE-025
THR-2026-0654,2026-09-24 13:28:06,Unencrypted Diagnostic Log Leak #54,DATA EXPOSURE,DOMAIN,sub36.session-manager.invalid,Internal SOC,A – Highly Reliable,59,LOW,27,MONITORING,2026-09-22 02:06:56,2026-09-24 13:28:06,Global,Synthetic telemetry record analyzing data exposure activity linked to defensive indicator sub36.session-manager.invalid.,Exfiltration,Exfiltration Over Web Service,T1567,,CAMP-DEFENSE-019
THR-2026-0655,2026-09-17 11:19:54,SQLi Pattern on Public Gateway #55,WEB THREATS,CVE ID,CVE-2026-1188,Unknown Source,D – Reliability Unknown,81,CRITICAL,88,MONITORING,2026-09-14 22:47:25,2026-09-17 11:19:54,DE,Synthetic telemetry record analyzing web threats activity linked to defensive indicator CVE-2026-1188.,Collection,Automated Collection: Web Scraping,T1119,CVE-2026-1188,
THR-2026-0656,2026-07-07 18:39:18,Server-Side Request Forgery Pattern #56,WEB THREATS,FILE HASH,1f22437393a37294cd5cb011231337c3d0365f733a7bfcf25d490941d9ed2986,Public Threat Feed,B – Usually Reliable,36,LOW,35,UNDER_REVIEW,2026-07-04 21:23:10,2026-07-07 18:39:18,SG,Synthetic telemetry record analyzing web threats activity linked to defensive indicator 1f22437393a37294cd5cb011231337c3d0365f733a7bfcf25d490941d9ed2986.,Initial Access,Exploit Public-Facing Application,T1190,CVE-2026-8845,CAMP-DEFENSE-001
THR-2026-0657,2026-08-23 12:39:08,Server-Side Request Forgery Pattern #57,WEB THREATS,IP ADDRESS,203.0.113.22,Public Threat Feed,B – Usually Reliable,66,MEDIUM,57,UNDER_REVIEW,2026-08-22 18:34:41,2026-08-23 12:39:08,NL,Synthetic telemetry record analyzing web threats activity linked to defensive indicator 203.0.113.22.,,,,,CAMP-DEFENSE-021
THR-2026-0658,2026-08-07 16:58:11,SQLi Pattern on Public Gateway #58,WEB THREATS,DOMAIN,sub86.corp-portal-test.invalid,Community Submission,C – Fairly Reliable,71,LOW,22,MONITORING,2026-08-05 02:44:08,2026-08-07 16:58:11,DE,Synthetic telemetry record analyzing web threats activity linked to defensive indicator sub86.corp-portal-test.invalid.,Initial Access,Exploit Public-Facing Application,T1190,,CAMP-DEFENSE-002
THR-2026-0659,2026-07-30 10:19:56,Unencrypted Diagnostic Log Leak #59,DATA EXPOSURE,IP ADDRESS,198.51.100.58,Community Submission,C – Fairly Reliable,62,MEDIUM,48,MONITORING,2026-07-28 09:47:06,2026-07-30 10:19:56,CH,Synthetic telemetry record analyzing data exposure activity linked to defensive indicator 198.51.100.58.,Exfiltration,Exfiltration Over Web Service,T1567,,CAMP-DEFENSE-010
THR-2026-0660,2026-08-06 09:19:02,Spear-Phishing Credential Harvester #60,PHISHING,IP ADDRESS,192.0.2.129,Unknown Source,D – Reliability Unknown,65,HIGH,68,NEW,2026-08-02 16:37:35,2026-08-06 09:19:02,BR,Synthetic telemetry record analyzing phishing activity linked to defensive indicator 192.0.2.129.,Initial Access,Phishing: Spearphishing Link,T1566.002,,CAMP-DEFENSE-015
THR-2026-0661,2026-07-05 17:17:50,Executive Pretexting Call Campaign #61,SOCIAL ENGINEERING,FILE HASH,fd9ddefcf514cf7c917d62983959c184d4882a9a6d53eb0e6537689f7b225992,Security Vendor,A – Highly Reliable,68,LOW,21,NEW,2026-07-01 07:32:47,2026-07-05 17:17:50,US,Synthetic telemetry record analyzing social engineering activity linked to defensive indicator fd9ddefcf514cf7c917d62983959c184d4882a9a6d53eb0e6537689f7b225992.,Execution,User Execution: Malicious Link,T1204.001,,
THR-2026-0662,2026-08-17 02:00:40,Corporate SSO Impersonation Portal #62,PHISHING,EMAIL/SENDER DOMAIN,support-desk@example.org,Community Submission,C – Fairly Reliable,69,HIGH,64,FALSE_POSITIVE,2026-08-13 07:24:43,2026-08-17 02:00:40,BR,Synthetic telemetry record analyzing phishing activity linked to defensive indicator support-desk@example.org.,Initial Access,Phishing: Spearphishing Attachment,T1566.001,,
THR-2026-0663,2026-09-04 05:52:23,QR Code Phishing (Quishing) Test #63,SOCIAL ENGINEERING,URL,https://cdn-cache.example.com/secure/portal/auth?session_id=1222,Public Threat Feed,B – Usually Reliable,75,MEDIUM,60,NEW,2026-09-02 13:49:28,2026-09-04 05:52:23,NL,Synthetic telemetry record analyzing social engineering activity linked to defensive indicator https://cdn-cache.example.com/secure/portal/auth?session_id=1222.,,,,,
THR-2026-0664,2026-07-26 16:47:29,VSS Shadow Copy Invalidation Stub #64,RANSOMWARE,URL,https://invoice-verify.invalid/verify-account/prompt?session_id=5003,Community Submission,C – Fairly Reliable,57,MEDIUM,43,CLOSED,2026-07-21 19:59:48,2026-07-26 16:47:29,FR,Synthetic telemetry record analyzing ransomware activity linked to defensive indicator https://invoice-verify.invalid/verify-account/prompt?session_id=5003.,Infiltration,Lateral Movement: SMB/Windows Admin Shares,T1021.002,,
THR-2026-0665,2026-08-09 08:27:16,VSS Shadow Copy Invalidation Stub #65,RANSOMWARE,URL,https://client-token.example.org/api/v1/health-check?session_id=6426,Research Report,B – Usually Reliable,32,LOW,27,UNDER_REVIEW,2026-08-04 15:01:21,2026-08-09 08:27:16,IN,Synthetic telemetry record analyzing ransomware activity linked to defensive indicator https://client-token.example.org/api/v1/health-check?session_id=6426.,Impact,Inhibit System Recovery,T1490,,
THR-2026-0666,2026-09-18 02:08:59,DNS Tunneling Exfiltration Signature #66,NETWORK THREATS,URL,https://auth-gateway.example.com/verify-account/prompt?session_id=9174,Unknown Source,D – Reliability Unknown,84,MEDIUM,50,NEW,2026-09-14 16:26:21,2026-09-18 02:08:59,NL,Synthetic telemetry record analyzing network threats activity linked to defensive indicator https://auth-gateway.example.com/verify-account/prompt?session_id=9174.,Discovery,Network Service Scanning,T1046,,CAMP-DEFENSE-010
THR-2026-0667,2026-09-03 19:45:34,SQLi Pattern on Public Gateway #67,WEB THREATS,EMAIL/SENDER DOMAIN,billing-verify@example.com,Research Report,B – Usually Reliable,48,MEDIUM,41,UNDER_REVIEW,2026-09-01 16:07:14,2026-09-03 19:45:34,DE,Synthetic telemetry record analyzing web threats activity linked to defensive indicator billing-verify@example.com.,Collection,Automated Collection: Web Scraping,T1119,,
THR-2026-0668,2026-07-10 18:21:45,Path Traversal Web Probe #68,WEB THREATS,DOMAIN,sub35.doc-share.example.org,Community Submission,C – Fairly Reliable,35,INFORMATIONAL,16,CLOSED,2026-07-09 07:27:58,2026-07-10 18:21:45,JP,Synthetic telemetry record analyzing web threats activity linked to defensive indicator sub35.doc-share.example.org.,Command and Control,Web Service: Dead Drop Resolver,T1102.001,,
THR-2026-0669,2026-09-18 19:18:47,MFA Fatigue Authentication Surge #69,ACCOUNT SECURITY,URL,https://update-service.example.org/update/agent-installer?session_id=6283,Community Submission,C – Fairly Reliable,65,LOW,34,MONITORING,2026-09-14 23:11:37,2026-09-18 19:18:47,AU,Synthetic telemetry record analyzing account security activity linked to defensive indicator https://update-service.example.org/update/agent-installer?session_id=6283.,Defense Evasion,Valid Accounts: Cloud Accounts,T1078.004,,
THR-2026-0670,2026-07-30 21:56:16,Edge Gateway Remote Buffer Trigger #70,VULNERABILITY EXPOSURE,IP ADDRESS,192.0.2.135,Research Report,B – Usually Reliable,74,MEDIUM,52,UNDER_REVIEW,2026-07-28 09:28:47,2026-07-30 21:56:16,Global,Synthetic telemetry record analyzing vulnerability exposure activity linked to defensive indicator 192.0.2.135.,Privilege Escalation,Exploitation for Privilege Escalation,T1068,CVE-2026-7734,
THR-2026-0671,2026-07-22 14:21:45,Legacy WebDAV Exploit Sweep #71,VULNERABILITY EXPOSURE,IP ADDRESS,192.0.2.158,Public Threat Feed,B – Usually Reliable,79,MEDIUM,60,UNDER_REVIEW,2026-07-19 16:43:26,2026-07-22 14:21:45,BR,Synthetic telemetry record analyzing vulnerability exposure activity linked to defensive indicator 192.0.2.158.,Privilege Escalation,Exploitation for Privilege Escalation,T1068,CVE-2026-1042,
THR-2026-0672,2026-08-20 22:37:39,Spear-Phishing Credential Harvester #72,PHISHING,FILE HASH,8bde7599ca336910dfe4c54ca420308e02010f10d9bb8e029e519207d4fdb6ff,Community Submission,C – Fairly Reliable,41,INFORMATIONAL,8,CLOSED,2026-08-20 16:06:22,2026-08-20 22:37:39,CH,Synthetic telemetry record analyzing phishing activity linked to defensive indicator 8bde7599ca336910dfe4c54ca420308e02010f10d9bb8e029e519207d4fdb6ff.,Initial Access,Phishing: Spearphishing Attachment,T1566.001,,
THR-2026-0673,2026-07-28 20:42:20,Impossible Travel Anomaly #73,ACCOUNT SECURITY,CVE ID,CVE-2026-3390,Unknown Source,D – Reliability Unknown,76,MEDIUM,58,MONITORING,2026-07-25 08:31:01,2026-07-28 20:42:20,Global,Synthetic telemetry record analyzing account security activity linked to defensive indicator CVE-2026-3390.,,,,CVE-2026-3390,CAMP-DEFENSE-010
THR-2026-0674,2026-10-01 07:31:22,Executive Pretexting Call Campaign #74,SOCIAL ENGINEERING,EMAIL/SENDER DOMAIN,hr-notices@example.com,Internal SOC,A – Highly Reliable,45,LOW,24,NEW,2026-09-28 07:04:05,2026-10-01 07:31:22,JP,Synthetic telemetry record analyzing social engineering activity linked to defensive indicator hr-notices@example.com.,Execution,User Execution: Malicious Link,T1204.001,CVE-2026-9956,
THR-2026-0675,2026-07-17 15:30:11,Unauthenticated Deserialization Scan #75,VULNERABILITY EXPOSURE,FILE HASH,89f1b2d230180e75c390afb000cfb009ffe26076ceb65914dc52fdc9b0270751,Security Vendor,A – Highly Reliable,87,HIGH,75,NEW,2026-07-14 21:53:48,2026-07-17 15:30:11,GB,Synthetic telemetry record analyzing vulnerability exposure activity linked to defensive indicator 89f1b2d230180e75c390afb000cfb009ffe26076ceb65914dc52fdc9b0270751.,Initial Access,Exploit Public-Facing Application,T1190,CVE-2026-7734,CAMP-DEFENSE-001
THR-2026-0676,2026-08-19 12:14:26,Exfiltration via Public Cloud Storage #76,DATA EXPOSURE,CVE ID,CVE-2026-7734,Security Vendor,A – Highly Reliable,76,MEDIUM,59,MONITORING,2026-08-18 01:26:10,2026-08-19 12:14:26,AU,Synthetic telemetry record analyzing data exposure activity linked to defensive indicator CVE-2026-7734.,Exfiltration,Exfiltration Over Alternative Protocol,T1048,CVE-2026-7734,
THR-2026-0677,2026-08-11 14:15:44,Legacy WebDAV Exploit Sweep #77,VULNERABILITY EXPOSURE,DOMAIN,service.invoice-verify.invalid,Internal SOC,A – Highly Reliable,58,LOW,40,UNDER_REVIEW,2026-08-11 12:56:24,2026-08-11 14:15:44,JP,Synthetic telemetry record analyzing vulnerability exposure activity linked to defensive indicator service.invoice-verify.invalid.,,,,CVE-2026-6623,
THR-2026-0678,2026-08-30 22:57:20,Fake Invoice Redirector #78,PHISHING,DOMAIN,service.security-alert.example.net,Security Vendor,A – Highly Reliable,56,MEDIUM,43,UNDER_REVIEW,2026-08-27 10:12:31,2026-08-30 22:57:20,JP,Synthetic telemetry record analyzing phishing activity linked to defensive indicator service.security-alert.example.net.,Initial Access,Phishing: Spearphishing Attachment,T1566.001,,
THR-2026-0679,2026-08-18 19:52:21,Path Traversal Web Probe #79,WEB THREATS,FILE HASH,85897a4ffe64a7e513fbdd81049ac8310d529c06e6830610e4f9e1d4d1aa9274,Unknown Source,D – Reliability Unknown,81,MEDIUM,46,NEW,2026-08-14 00:21:57,2026-08-18 19:52:21,IN,Synthetic telemetry record analyzing web threats activity linked to defensive indicator 85897a4ffe64a7e513fbdd81049ac8310d529c06e6830610e4f9e1d4d1aa9274.,Command and Control,Web Service: Dead Drop Resolver,T1102.001,,
THR-2026-0680,2026-09-28 15:54:13,MFA Fatigue Authentication Surge #80,ACCOUNT SECURITY,URL,https://support-desk.invalid/update/agent-installer?session_id=2107,Internal SOC,A – Highly Reliable,61,LOW,24,CLOSED,2026-09-24 23:57:30,2026-09-28 15:54:13,DE,Synthetic telemetry record analyzing account security activity linked to defensive indicator https://support-desk.invalid/update/agent-installer?session_id=2107.,Defense Evasion,Valid Accounts: Cloud Accounts,T1078.004,,CAMP-DEFENSE-025
THR-2026-0681,2026-07-10 09:28:55,Extortion Double-Dip Campaign #81,RANSOMWARE,CVE ID,CVE-2026-6623,Research Report,B – Usually Reliable,77,LOW,22,CLOSED,2026-07-10 02:03:02,2026-07-10 09:28:55,SG,Synthetic telemetry record analyzing ransomware activity linked to defensive indicator CVE-2026-6623.,,,,CVE-2026-6623,
THR-2026-0682,2026-09-19 08:10:18,InfoStealer Demo Artifact #82,MALWARE,CVE ID,CVE-2026-5512,Research Report,B – Usually Reliable,61,MEDIUM,47,NEW,2026-09-16 03:41:03,2026-09-19 08:10:18,DE,Synthetic telemetry record analyzing malware activity linked to defensive indicator CVE-2026-5512.,Command and Control,Application Layer Protocol,T1071,CVE-2026-5512,CAMP-DEFENSE-024
THR-2026-0683,2026-09-22 16:01:32,OAuth High-Privilege Consent Grant #83,ACCOUNT SECURITY,IP ADDRESS,203.0.113.246,Unknown Source,D – Reliability Unknown,53,LOW,21,MONITORING,2026-09-22 12:02:13,2026-09-22 16:01:32,NL,Synthetic telemetry record analyzing account security activity linked to defensive indicator 203.0.113.246.,Persistence,Create Account: Local Account,T1136.001,,CAMP-DEFENSE-006
THR-2026-0684,2026-08-06 17:10:12,Synthetic Token Theft Activity #84,CREDENTIAL THREATS,EMAIL/SENDER DOMAIN,security-admin@example.net,Public Threat Feed,B – Usually Reliable,58,LOW,23,NEW,2026-08-03 22:07:34,2026-08-06 17:10:12,DE,Synthetic telemetry record analyzing credential threats activity linked to defensive indicator security-admin@example.net.,Credential Access,OS Credential Dumping,T1003,,
THR-2026-0685,2026-08-13 17:20:06,Generic Modular Loader Simulation #85,MALWARE,FILE HASH,4047478ca17059e9fe8bb1a6a6ee845840bfbbb546f05ec15e103310de31693e,Community Submission,C – Fairly Reliable,89,HIGH,70,FALSE_POSITIVE,2026-08-13 14:37:48,2026-08-13 17:20:06,FR,Synthetic telemetry record analyzing malware activity linked to defensive indicator 4047478ca17059e9fe8bb1a6a6ee845840bfbbb546f05ec15e103310de31693e.,Defense Evasion,Obfuscated Files or Information,T1027,,CAMP-DEFENSE-006
THR-2026-0686,2026-08-26 10:14:37,Dormant Administrator Account Activation #86,ACCOUNT SECURITY,DOMAIN,sub88.security-alert.example.net,Public Threat Feed,B – Usually Reliable,82,MEDIUM,44,UNDER_REVIEW,2026-08-26 03:26:45,2026-08-26 10:14:37,Global,Synthetic telemetry record analyzing account security activity linked to defensive indicator sub88.security-alert.example.net.,Defense Evasion,Valid Accounts: Cloud Accounts,T1078.004,,CAMP-DEFENSE-014
THR-2026-0687,2026-07-10 05:36:05,Spear-Phishing Credential Harvester #87,PHISHING,DOMAIN,service.session-manager.invalid,Public Threat Feed,B – Usually Reliable,75,HIGH,68,MONITORING,2026-07-06 22:00:04,2026-07-10 05:36:05,SG,Synthetic telemetry record analyzing phishing activity linked to defensive indicator service.session-manager.invalid.,,,,,
THR-2026-0688,2026-07-09 18:24:18,Encrypted Payload Delivery Simulation #88,MALWARE,FILE HASH,e14a3eb52badc189d3e7eb76040c917f232b7e06ddbffeacc101d47379301f78,Community Submission,C – Fairly Reliable,62,MEDIUM,45,UNDER_REVIEW,2026-07-05 07:54:10,2026-07-09 18:24:18,Global,Synthetic telemetry record analyzing malware activity linked to defensive indicator e14a3eb52badc189d3e7eb76040c917f232b7e06ddbffeacc101d47379301f78.,Execution,User Execution: Malicious File,T1204.002,CVE-2026-9956,CAMP-DEFENSE-012
THR-2026-0689,2026-08-14 07:02:26,Compromised Service Account Pattern #89,CREDENTIAL THREATS,IP ADDRESS,192.0.2.7,Security Vendor,A – Highly Reliable,80,MEDIUM,41,UNDER_REVIEW,2026-08-09 23:48:18,2026-08-14 07:02:26,FR,Synthetic telemetry record analyzing credential threats activity linked to defensive indicator 192.0.2.7.,Credential Access,OS Credential Dumping,T1003,,
THR-2026-0690,2026-07-04 23:41:00,ShadowLocker Ransomware Activity #90,RANSOMWARE,IP ADDRESS,198.51.100.31,Community Submission,C – Fairly Reliable,33,LOW,34,MONITORING,2026-07-03 03:33:30,2026-07-04 23:41:00,Global,Synthetic telemetry record analyzing ransomware activity linked to defensive indicator 198.51.100.31.,Impact,Data Encrypted for Impact,T1486,,CAMP-DEFENSE-024
THR-2026-0691,2026-09-24 10:18:09,Urgent Security Notification Lure #91,PHISHING,CVE ID,CVE-2026-4401,Internal SOC,A – Highly Reliable,50,LOW,22,NEW,2026-09-23 19:05:48,2026-09-24 10:18:09,CA,Synthetic telemetry record analyzing phishing activity linked to defensive indicator CVE-2026-4401.,Initial Access,Phishing: Spearphishing Voice,T1566.004,CVE-2026-4401,
THR-2026-0692,2026-09-08 19:46:15,InfoStealer Demo Artifact #92,MALWARE,CVE ID,CVE-2026-6623,Internal SOC,A – Highly Reliable,59,MEDIUM,52,UNDER_REVIEW,2026-09-06 02:32:00,2026-09-08 19:46:15,FR,Synthetic telemetry record analyzing malware activity linked to defensive indicator CVE-2026-6623.,Defense Evasion,Obfuscated Files or Information,T1027,CVE-2026-6623,
THR-2026-0693,2026-07-12 08:50:31,SQLi Pattern on Public Gateway #93,WEB THREATS,URL,https://session-manager.invalid/download/security-patch.bin?session_id=1884,Public Threat Feed,B – Usually Reliable,50,MEDIUM,49,UNDER_REVIEW,2026-07-08 20:10:55,2026-07-12 08:50:31,DE,Synthetic telemetry record analyzing web threats activity linked to defensive indicator https://session-manager.invalid/download/security-patch.bin?session_id=1884.,Initial Access,Exploit Public-Facing Application,T1190,,
THR-2026-0694,2026-07-05 09:39:43,DNS Tunneling Exfiltration Signature #94,NETWORK THREATS,CVE ID,CVE-2026-1042,Internal SOC,A – Highly Reliable,52,MEDIUM,55,UNDER_REVIEW,2026-07-01 21:51:39,2026-07-05 09:39:43,US,Synthetic telemetry record analyzing network threats activity linked to defensive indicator CVE-2026-1042.,,,,CVE-2026-1042,CAMP-DEFENSE-019
THR-2026-0695,2026-07-15 18:04:52,Path Traversal Web Probe #95,WEB THREATS,EMAIL/SENDER DOMAIN,security-admin@corporate-demo.invalid,Internal SOC,A – Highly Reliable,44,INFORMATIONAL,11,NEW,2026-07-13 19:55:18,2026-07-15 18:04:52,US,Synthetic telemetry record analyzing web threats activity linked to defensive indicator security-admin@corporate-demo.invalid.,Collection,Automated Collection: Web Scraping,T1119,,
THR-2026-0696,2026-07-28 01:38:36,OAuth High-Privilege Consent Grant #96,ACCOUNT SECURITY,URL,https://corp-portal-test.invalid/invoice/preview-doc.pdf?session_id=1448,Public Threat Feed,B – Usually Reliable,85,HIGH,62,MONITORING,2026-07-24 23:03:35,2026-07-28 01:38:36,AU,Synthetic telemetry record analyzing account security activity linked to defensive indicator https://corp-portal-test.invalid/invoice/preview-doc.pdf?session_id=1448.,,,,,
THR-2026-0697,2026-09-07 22:24:24,Dormant Administrator Account Activation #97,ACCOUNT SECURITY,CVE ID,CVE-2026-5512,Community Submission,C – Fairly Reliable,53,MEDIUM,48,MONITORING,2026-09-03 03:10:12,2026-09-07 22:24:24,SG,Synthetic telemetry record analyzing account security activity linked to defensive indicator CVE-2026-5512.,Defense Evasion,Valid Accounts: Cloud Accounts,T1078.004,CVE-2026-5512,CAMP-DEFENSE-008
THR-2026-0698,2026-08-29 19:12:25,OAuth High-Privilege Consent Grant #98,ACCOUNT SECURITY,FILE HASH,1f3aca75a1cfe39ca1cb99f183a37fc38cf786dd04027692ce590305c02dbdeb,Public Threat Feed,B – Usually Reliable,60,HIGH,80,CLOSED,2026-08-26 12:05:58,2026-08-29 19:12:25,CA,Synthetic telemetry record analyzing account security activity linked to defensive indicator 1f3aca75a1cfe39ca1cb99f183a37fc38cf786dd04027692ce590305c02dbdeb.,,,,,CAMP-DEFENSE-009
THR-2026-0699,2026-07-06 11:36:19,Spear-Phishing Credential Harvester #99,PHISHING,FILE HASH,7e44b3033aa2030d400daf593753e33297777de0316555e0d98c091db4b2c3a0,Internal SOC,A – Highly Reliable,73,HIGH,67,MONITORING,2026-07-04 01:58:49,2026-07-06 11:36:19,CA,Synthetic telemetry record analyzing phishing activity linked to defensive indicator 7e44b3033aa2030d400daf593753e33297777de0316555e0d98c091db4b2c3a0.,,,,,CAMP-DEFENSE-020
THR-2026-0700,2026-09-10 20:55:15,ShadowLocker Ransomware Activity #00,RANSOMWARE,URL,https://corp-portal-test.invalid/session/token-exchange?session_id=9108,Security Vendor,A – Highly Reliable,67,HIGH,62,MONITORING,2026-09-09 23:58:53,2026-09-10 20:55:15,FR,Synthetic telemetry record analyzing ransomware activity linked to defensive indicator https://corp-portal-test.invalid/session/token-exchange?session_id=9108.,,,,CVE-2026-9956,
THR-2026-0701,2026-07-05 15:19:51,Password Spraying against ADFS Demo #01,CREDENTIAL THREATS,IP ADDRESS,203.0.113.254,Public Threat Feed,B – Usually Reliable,77,HIGH,72,UNDER_REVIEW,2026-07-05 13:23:48,2026-07-05 15:19:51,NL,Synthetic telemetry record analyzing credential threats activity linked to defensive indicator 203.0.113.254.,Credential Access,Credentials in Files,T1552.001,,CAMP-DEFENSE-017
THR-2026-0702,2026-08-04 14:39:52,Synthetic Token Theft Activity #02,CREDENTIAL THREATS,URL,https://support-desk.invalid/api/v1/health-check?session_id=7815,Internal SOC,A – Highly Reliable,68,LOW,31,UNDER_REVIEW,2026-07-31 05:33:43,2026-08-04 14:39:52,IN,Synthetic telemetry record analyzing credential threats activity linked to defensive indicator https://support-desk.invalid/api/v1/health-check?session_id=7815.,Credential Access,OS Credential Dumping,T1003,,
THR-2026-0703,2026-07-11 08:08:36,Fake Invoice Redirector #03,PHISHING,DOMAIN,service.corp-portal-test.invalid,Security Vendor,A – Highly Reliable,77,MEDIUM,51,UNDER_REVIEW,2026-07-11 05:04:45,2026-07-11 08:08:36,AU,Synthetic telemetry record analyzing phishing activity linked to defensive indicator service.corp-portal-test.invalid.,Initial Access,Phishing: Spearphishing Voice,T1566.004,,
THR-2026-0704,2026-08-28 01:21:39,Impossible Travel Anomaly #04,ACCOUNT SECURITY,IP ADDRESS,203.0.113.186,Security Vendor,A – Highly Reliable,34,INFORMATIONAL,7,UNDER_REVIEW,2026-08-23 01:37:20,2026-08-28 01:21:39,FR,Synthetic telemetry record analyzing account security activity linked to defensive indicator 203.0.113.186.,Persistence,Create Account: Local Account,T1136.001,,
THR-2026-0705,2026-09-07 02:48:40,Urgent Security Notification Lure #05,PHISHING,EMAIL/SENDER DOMAIN,security-admin@corporate-demo.invalid,Public Threat Feed,B – Usually Reliable,51,LOW,28,MONITORING,2026-09-02 22:29:25,2026-09-07 02:48:40,CH,Synthetic telemetry record analyzing phishing activity linked to defensive indicator security-admin@corporate-demo.invalid.,Initial Access,Phishing: Spearphishing Attachment,T1566.001,,CAMP-DEFENSE-004
THR-2026-0706,2026-07-11 02:10:56,Unauthenticated Deserialization Scan #06,VULNERABILITY EXPOSURE,URL,https://auth-gateway.example.com/api/v1/health-check?session_id=9284,Internal SOC,A – Highly Reliable,71,MEDIUM,55,MONITORING,2026-07-07 19:46:58,2026-07-11 02:10:56,IN,Synthetic telemetry record analyzing vulnerability exposure activity linked to defensive indicator https://auth-gateway.example.com/api/v1/health-check?session_id=9284.,Initial Access,Exploit Public-Facing Application,T1190,CVE-2026-9956,CAMP-DEFENSE-014
THR-2026-0707,2026-08-25 14:12:51,Cross-Site Scripting Injection Probe #07,WEB THREATS,URL,https://cdn-cache.example.com/api/v1/health-check?session_id=2932,Internal SOC,A – Highly Reliable,70,LOW,36,NEW,2026-08-23 01:36:40,2026-08-25 14:12:51,AU,Synthetic telemetry record analyzing web threats activity linked to defensive indicator https://cdn-cache.example.com/api/v1/health-check?session_id=2932.,Initial Access,Exploit Public-Facing Application,T1190,,
THR-2026-0708,2026-07-15 03:39:20,Path Traversal Web Probe #08,WEB THREATS,EMAIL/SENDER DOMAIN,security-admin@example.com,Security Vendor,A – Highly Reliable,24,INFORMATIONAL,10,CLOSED,2026-07-10 23:35:33,2026-07-15 03:39:20,GB,Synthetic telemetry record analyzing web threats activity linked to defensive indicator security-admin@example.com.,,,,,
THR-2026-0709,2026-07-29 07:25:27,Legacy WebDAV Exploit Sweep #09,VULNERABILITY EXPOSURE,CVE ID,CVE-2026-1042,Security Vendor,A – Highly Reliable,78,HIGH,71,CLOSED,2026-07-28 17:08:26,2026-07-29 07:25:27,BR,Synthetic telemetry record analyzing vulnerability exposure activity linked to defensive indicator CVE-2026-1042.,Initial Access,Exploit Public-Facing Application,T1190,CVE-2026-1042,CAMP-DEFENSE-012
THR-2026-0710,2026-07-25 04:52:21,Watering Hole Redirector Demo #10,SOCIAL ENGINEERING,CVE ID,CVE-2026-2189,Public Threat Feed,B – Usually Reliable,89,HIGH,79,MONITORING,2026-07-21 16:51:32,2026-07-25 04:52:21,BR,Synthetic telemetry record analyzing social engineering activity linked to defensive indicator CVE-2026-2189.,Initial Access,Trusted Relationship,T1199,CVE-2026-2189,CAMP-DEFENSE-001
THR-2026-0711,2026-08-16 14:05:58,QR Code Phishing (Quishing) Test #11,SOCIAL ENGINEERING,FILE HASH,61145d9fb8a1e84f4a68e7bae35ca2df8219835d88f0456adddd00aad8208113,Security Vendor,A – Highly Reliable,77,CRITICAL,84,MONITORING,2026-08-13 15:31:47,2026-08-16 14:05:58,JP,Synthetic telemetry record analyzing social engineering activity linked to defensive indicator 61145d9fb8a1e84f4a68e7bae35ca2df8219835d88f0456adddd00aad8208113.,Execution,User Execution: Malicious Link,T1204.001,CVE-2026-9956,
THR-2026-0712,2026-07-07 14:17:56,DNS Tunneling Exfiltration Signature #12,NETWORK THREATS,FILE HASH,21b6e69a7cdb444e89d26a2e59bc168e47344eeeb1746cdbc9f943d80e4a7bc7,Security Vendor,A – Highly Reliable,83,CRITICAL,87,UNDER_REVIEW,2026-07-07 09:16:00,2026-07-07 14:17:56,JP,Synthetic telemetry record analyzing network threats activity linked to defensive indicator 21b6e69a7cdb444e89d26a2e59bc168e47344eeeb1746cdbc9f943d80e4a7bc7.,Discovery,Network Sniffing,T1040,,CAMP-DEFENSE-012
THR-2026-0713,2026-09-05 09:10:41,SQLi Pattern on Public Gateway #13,WEB THREATS,FILE HASH,361f9f1d164f98cbcc658e8e151340da11ca77a4eac0e0c31061abf1bc61097b,Security Vendor,A – Highly Reliable,77,CRITICAL,84,UNDER_REVIEW,2026-08-31 19:03:17,2026-09-05 09:10:41,US,Synthetic telemetry record analyzing web threats activity linked to defensive indicator 361f9f1d164f98cbcc658e8e151340da11ca77a4eac0e0c31061abf1bc61097b.,Initial Access,Exploit Public-Facing Application,T1190,,
THR-2026-0714,2026-09-30 17:13:09,OAuth High-Privilege Consent Grant #14,ACCOUNT SECURITY,IP ADDRESS,203.0.113.138,Security Vendor,A – Highly Reliable,38,INFORMATIONAL,11,NEW,2026-09-26 13:19:07,2026-09-30 17:13:09,JP,Synthetic telemetry record analyzing account security activity linked to defensive indicator 203.0.113.138.,Persistence,Create Account: Local Account,T1136.001,,
THR-2026-0715,2026-07-13 09:45:10,InfoStealer Demo Artifact #15,MALWARE,CVE ID,CVE-2026-6623,Research Report,B – Usually Reliable,37,INFORMATIONAL,9,MONITORING,2026-07-10 22:33:44,2026-07-13 09:45:10,CH,Synthetic telemetry record analyzing malware activity linked to defensive indicator CVE-2026-6623.,Execution,User Execution: Malicious File,T1204.002,CVE-2026-6623,
THR-2026-0716,2026-08-05 14:57:56,InfoStealer Demo Artifact #16,MALWARE,URL,https://update-service.example.org/api/v1/health-check?session_id=5523,Research Report,B – Usually Reliable,88,HIGH,71,UNDER_REVIEW,2026-08-03 01:25:28,2026-08-05 14:57:56,FR,Synthetic telemetry record analyzing malware activity linked to defensive indicator https://update-service.example.org/api/v1/health-check?session_id=5523.,Defense Evasion,Obfuscated Files or Information,T1027,,
THR-2026-0717,2026-09-19 00:16:45,Fake Invoice Redirector #17,PHISHING,CVE ID,CVE-2026-3390,Security Vendor,A – Highly Reliable,78,CRITICAL,87,UNDER_REVIEW,2026-09-17 03:08:02,2026-09-19 00:16:45,BR,Synthetic telemetry record analyzing phishing activity linked to defensive indicator CVE-2026-3390.,Initial Access,Phishing: Spearphishing Attachment,T1566.001,CVE-2026-3390,
THR-2026-0718,2026-09-25 06:28:37,Encrypted Payload Delivery Simulation #18,MALWARE,EMAIL/SENDER DOMAIN,hr-notices@example.com,Research Report,B – Usually Reliable,32,LOW,26,NEW,2026-09-22 11:32:55,2026-09-25 06:28:37,CA,Synthetic telemetry record analyzing malware activity linked to defensive indicator hr-notices@example.com.,Defense Evasion,Obfuscated Files or Information,T1027,,
THR-2026-0719,2026-07-17 17:43:23,Misconfigured Cloud Bucket Scraping #19,DATA EXPOSURE,CVE ID,CVE-2026-9956,Public Threat Feed,B – Usually Reliable,85,MEDIUM,56,NEW,2026-07-13 08:43:06,2026-07-17 17:43:23,Global,Synthetic telemetry record analyzing data exposure activity linked to defensive indicator CVE-2026-9956.,Exfiltration,Exfiltration Over Alternative Protocol,T1048,CVE-2026-9956,
THR-2026-0720,2026-09-09 01:49:04,Server-Side Request Forgery Pattern #20,WEB THREATS,FILE HASH,5307b23ec98719f0c245931c68ede0524654e01c68e68aaf96ce3d0d2c78e9fe,Public Threat Feed,B – Usually Reliable,72,LOW,31,MONITORING,2026-09-06 22:50:02,2026-09-09 01:49:04,Global,Synthetic telemetry record analyzing web threats activity linked to defensive indicator 5307b23ec98719f0c245931c68ede0524654e01c68e68aaf96ce3d0d2c78e9fe.,,,,,
THR-2026-0721,2026-09-05 03:53:20,QR Code Phishing (Quishing) Test #21,SOCIAL ENGINEERING,EMAIL/SENDER DOMAIN,security-admin@example.org,Internal SOC,A – Highly Reliable,61,HIGH,74,CLOSED,2026-09-02 14:59:25,2026-09-05 03:53:20,AU,Synthetic telemetry record analyzing social engineering activity linked to defensive indicator security-admin@example.org.,Execution,User Execution: Malicious Link,T1204.001,,CAMP-DEFENSE-013
THR-2026-0722,2026-09-11 15:11:50,Path Traversal Web Probe #22,WEB THREATS,IP ADDRESS,198.51.100.125,Unknown Source,D – Reliability Unknown,46,INFORMATIONAL,19,NEW,2026-09-08 10:50:43,2026-09-11 15:11:50,GB,Synthetic telemetry record analyzing web threats activity linked to defensive indicator 198.51.100.125.,Initial Access,Exploit Public-Facing Application,T1190,,
THR-2026-0723,2026-09-23 04:52:14,OAuth High-Privilege Consent Grant #23,ACCOUNT SECURITY,EMAIL/SENDER DOMAIN,billing-verify@example.com,Research Report,B – Usually Reliable,72,CRITICAL,98,FALSE_POSITIVE,2026-09-19 16:18:11,2026-09-23 04:52:14,CH,Synthetic telemetry record analyzing account security activity linked to defensive indicator billing-verify@example.com.,Persistence,Create Account: Local Account,T1136.001,,
THR-2026-0724,2026-09-11 22:23:19,Kerberoasting Probe Telemetry #24,CREDENTIAL THREATS,URL,https://update-service.example.org/api/v1/health-check?session_id=6431,Research Report,B – Usually Reliable,70,CRITICAL,82,UNDER_REVIEW,2026-09-08 06:23:19,2026-09-11 22:23:19,JP,Synthetic telemetry record analyzing credential threats activity linked to defensive indicator https://update-service.example.org/api/v1/health-check?session_id=6431.,Credential Access,Credentials in Files,T1552.001,,
THR-2026-0725,2026-09-09 02:00:23,Server-Side Request Forgery Pattern #25,WEB THREATS,IP ADDRESS,192.0.2.162,Unknown Source,D – Reliability Unknown,71,LOW,33,NEW,2026-09-07 17:18:42,2026-09-09 02:00:23,US,Synthetic telemetry record analyzing web threats activity linked to defensive indicator 192.0.2.162.,Command and Control,Web Service: Dead Drop Resolver,T1102.001,,
THR-2026-0726,2026-07-10 16:49:13,Corporate SSO Impersonation Portal #26,PHISHING,CVE ID,CVE-2026-6623,Community Submission,C – Fairly Reliable,57,MEDIUM,53,MONITORING,2026-07-10 05:21:13,2026-07-10 16:49:13,JP,Synthetic telemetry record analyzing phishing activity linked to defensive indicator CVE-2026-6623.,Initial Access,Phishing: Spearphishing Attachment,T1566.001,CVE-2026-6623,
THR-2026-0727,2026-08-19 22:30:23,Executive Pretexting Call Campaign #27,SOCIAL ENGINEERING,DOMAIN,service.client-token.example.org,Community Submission,C – Fairly Reliable,55,INFORMATIONAL,18,NEW,2026-08-18 11:33:28,2026-08-19 22:30:23,CA,Synthetic telemetry record analyzing social engineering activity linked to defensive indicator service.client-token.example.org.,Execution,User Execution: Malicious Link,T1204.001,,
THR-2026-0728,2026-08-10 08:46:01,Edge Gateway Remote Buffer Trigger #28,VULNERABILITY EXPOSURE,URL,https://security-alert.example.net/download/security-patch.bin?session_id=8409,Security Vendor,A – Highly Reliable,71,HIGH,75,FALSE_POSITIVE,2026-08-10 05:46:48,2026-08-10 08:46:01,FR,Synthetic telemetry record analyzing vulnerability exposure activity linked to defensive indicator https://security-alert.example.net/download/security-patch.bin?session_id=8409.,Initial Access,Exploit Public-Facing Application,T1190,CVE-2026-5512,CAMP-DEFENSE-021
THR-2026-0729,2026-09-23 18:36:05,Extortion Double-Dip Campaign #29,RANSOMWARE,DOMAIN,sub72.support-desk.invalid,Security Vendor,A – Highly Reliable,83,HIGH,77,MONITORING,2026-09-21 18:13:05,2026-09-23 18:36:05,US,Synthetic telemetry record analyzing ransomware activity linked to defensive indicator sub72.support-desk.invalid.,Impact,Data Encrypted for Impact,T1486,CVE-2026-8845,CAMP-DEFENSE-010
THR-2026-0730,2026-08-25 18:27:41,DNS Tunneling Exfiltration Signature #30,NETWORK THREATS,CVE ID,CVE-2026-4401,Community Submission,C – Fairly Reliable,76,MEDIUM,58,UNDER_REVIEW,2026-08-25 17:47:34,2026-08-25 18:27:41,DE,Synthetic telemetry record analyzing network threats activity linked to defensive indicator CVE-2026-4401.,Command and Control,Protocol Tunneling,T1572,CVE-2026-4401,CAMP-DEFENSE-023
THR-2026-0731,2026-09-19 20:58:31,Legacy WebDAV Exploit Sweep #31,VULNERABILITY EXPOSURE,CVE ID,CVE-2026-1042,Research Report,B – Usually Reliable,55,MEDIUM,44,UNDER_REVIEW,2026-09-19 19:20:25,2026-09-19 20:58:31,GB,Synthetic telemetry record analyzing vulnerability exposure activity linked to defensive indicator CVE-2026-1042.,Initial Access,Exploit Public-Facing Application,T1190,CVE-2026-1042,
THR-2026-0732,2026-09-20 17:54:08,Sensitive API Endpoint Exposure #32,DATA EXPOSURE,FILE HASH,b83c4e963ce790a2c5eca89c6068f193d9538d135267dda46a9ba20eb64ecad3,Public Threat Feed,B – Usually Reliable,76,HIGH,69,UNDER_REVIEW,2026-09-15 18:24:46,2026-09-20 17:54:08,Global,Synthetic telemetry record analyzing data exposure activity linked to defensive indicator b83c4e963ce790a2c5eca89c6068f193d9538d135267dda46a9ba20eb64ecad3.,Exfiltration,Exfiltration Over Alternative Protocol,T1048,,CAMP-DEFENSE-010
THR-2026-0733,2026-08-07 23:17:32,Impossible Travel Anomaly #33,ACCOUNT SECURITY,CVE ID,CVE-2026-3390,Community Submission,C – Fairly Reliable,77,LOW,31,CLOSED,2026-08-05 14:38:21,2026-08-07 23:17:32,SG,Synthetic telemetry record analyzing account security activity linked to defensive indicator CVE-2026-3390.,Persistence,Account Manipulation: Additional Credentials,T1098.001,CVE-2026-3390,
THR-2026-0734,2026-09-03 06:46:22,Public Facing API Auth Bypass #34,VULNERABILITY EXPOSURE,DOMAIN,service.auth-gateway.example.com,Internal SOC,A – Highly Reliable,74,MEDIUM,58,NEW,2026-09-02 08:15:07,2026-09-03 06:46:22,BR,Synthetic telemetry record analyzing vulnerability exposure activity linked to defensive indicator service.auth-gateway.example.com.,Initial Access,Exploit Public-Facing Application,T1190,CVE-2026-1188,
THR-2026-0735,2026-09-06 15:09:53,Sensitive API Endpoint Exposure #35,DATA EXPOSURE,DOMAIN,service.login-check.invalid,Security Vendor,A – Highly Reliable,83,HIGH,79,MONITORING,2026-09-02 12:40:27,2026-09-06 15:09:53,DE,Synthetic telemetry record analyzing data exposure activity linked to defensive indicator service.login-check.invalid.,Collection,Data from Cloud Storage,T1530,,
THR-2026-0736,2026-09-15 06:50:43,Dormant Administrator Account Activation #36,ACCOUNT SECURITY,DOMAIN,service.telemetry-sync.example.net,Public Threat Feed,B – Usually Reliable,67,LOW,37,MONITORING,2026-09-12 11:12:22,2026-09-15 06:50:43,Global,Synthetic telemetry record analyzing account security activity linked to defensive indicator service.telemetry-sync.example.net.,Defense Evasion,Valid Accounts: Cloud Accounts,T1078.004,,
THR-2026-0737,2026-09-16 04:54:31,Impossible Travel Anomaly #37,ACCOUNT SECURITY,CVE ID,CVE-2026-3390,Security Vendor,A – Highly Reliable,95,CRITICAL,83,NEW,2026-09-12 06:54:17,2026-09-16 04:54:31,US,Synthetic telemetry record analyzing account security activity linked to defensive indicator CVE-2026-3390.,Persistence,Account Manipulation: Additional Credentials,T1098.001,CVE-2026-3390,
THR-2026-0738,2026-08-19 21:53:01,Admin Share Lateral Probe #38,RANSOMWARE,EMAIL/SENDER DOMAIN,security-admin@corporate-demo.invalid,Unknown Source,D – Reliability Unknown,77,HIGH,68,CLOSED,2026-08-18 09:34:35,2026-08-19 21:53:01,FR,Synthetic telemetry record analyzing ransomware activity linked to defensive indicator security-admin@corporate-demo.invalid.,Infiltration,Lateral Movement: SMB/Windows Admin Shares,T1021.002,,
THR-2026-0739,2026-07-18 09:00:50,Encrypted Payload Delivery Simulation #39,MALWARE,EMAIL/SENDER DOMAIN,hr-notices@example.org,Unknown Source,D – Reliability Unknown,74,HIGH,78,UNDER_REVIEW,2026-07-14 19:39:08,2026-07-18 09:00:50,GB,Synthetic telemetry record analyzing malware activity linked to defensive indicator hr-notices@example.org.,Defense Evasion,Obfuscated Files or Information,T1027,,
THR-2026-0740,2026-08-06 20:24:59,Spear-Phishing Credential Harvester #40,PHISHING,URL,https://invoice-verify.invalid/api/v1/health-check?session_id=7948,Security Vendor,A – Highly Reliable,82,CRITICAL,87,UNDER_REVIEW,2026-08-02 11:15:39,2026-08-06 20:24:59,IN,Synthetic telemetry record analyzing phishing activity linked to defensive indicator https://invoice-verify.invalid/api/v1/health-check?session_id=7948.,Initial Access,Phishing: Spearphishing Voice,T1566.004,,CAMP-DEFENSE-012
THR-2026-0741,2026-07-10 11:14:01,Cross-Site Scripting Injection Probe #41,WEB THREATS,URL,https://auth-gateway.example.com/api/v1/health-check?session_id=5157,Community Submission,C – Fairly Reliable,61,INFORMATIONAL,13,UNDER_REVIEW,2026-07-07 10:25:14,2026-07-10 11:14:01,IN,Synthetic telemetry record analyzing web threats activity linked to defensive indicator https://auth-gateway.example.com/api/v1/health-check?session_id=5157.,Initial Access,Exploit Public-Facing Application,T1190,,
THR-2026-0742,2026-08-05 11:28:43,Fake Invoice Redirector #42,PHISHING,CVE ID,CVE-2026-1042,Community Submission,C – Fairly Reliable,51,MEDIUM,58,MONITORING,2026-08-03 00:38:33,2026-08-05 11:28:43,GB,Synthetic telemetry record analyzing phishing activity linked to defensive indicator CVE-2026-1042.,,,,CVE-2026-1042,
THR-2026-0743,2026-09-26 06:40:15,Encrypted Payload Delivery Simulation #43,MALWARE,FILE HASH,50adc8cb4f291ddaa39400e0f04ae1cebbffc9d8f79d75011d17be0577c3181d,Internal SOC,A – Highly Reliable,54,INFORMATIONAL,8,UNDER_REVIEW,2026-09-23 02:10:24,2026-09-26 06:40:15,CH,Synthetic telemetry record analyzing malware activity linked to defensive indicator 50adc8cb4f291ddaa39400e0f04ae1cebbffc9d8f79d75011d17be0577c3181d.,Execution,User Execution: Malicious File,T1204.002,,
THR-2026-0744,2026-08-26 01:42:49,Admin Share Lateral Probe #44,RANSOMWARE,EMAIL/SENDER DOMAIN,support-desk@example.com,Unknown Source,D – Reliability Unknown,57,MEDIUM,43,UNDER_REVIEW,2026-08-21 21:11:15,2026-08-26 01:42:49,IN,Synthetic telemetry record analyzing ransomware activity linked to defensive indicator support-desk@example.com.,Impact,Inhibit System Recovery,T1490,,CAMP-DEFENSE-006
THR-2026-0745,2026-09-15 18:24:13,Password Spraying against ADFS Demo #45,CREDENTIAL THREATS,CVE ID,CVE-2026-2189,Research Report,B – Usually Reliable,69,HIGH,61,CLOSED,2026-09-12 00:47:03,2026-09-15 18:24:13,IN,Synthetic telemetry record analyzing credential threats activity linked to defensive indicator CVE-2026-2189.,Credential Access,OS Credential Dumping,T1003,CVE-2026-2189,CAMP-DEFENSE-019
THR-2026-0746,2026-09-14 21:50:09,Fake IT Helpdesk Remote Access Lure #46,SOCIAL ENGINEERING,IP ADDRESS,192.0.2.236,Internal SOC,A – Highly Reliable,79,LOW,21,NEW,2026-09-14 11:27:56,2026-09-14 21:50:09,JP,Synthetic telemetry record analyzing social engineering activity linked to defensive indicator 192.0.2.236.,Initial Access,Replication Through Removable Media,T1091,,
THR-2026-0747,2026-09-26 12:31:25,Synthetic Token Theft Activity #47,CREDENTIAL THREATS,CVE ID,CVE-2026-4401,Public Threat Feed,B – Usually Reliable,66,LOW,25,NEW,2026-09-22 23:48:50,2026-09-26 12:31:25,JP,Synthetic telemetry record analyzing credential threats activity linked to defensive indicator CVE-2026-4401.,Credential Access,Brute Force: Password Spraying,T1110.003,CVE-2026-4401,CAMP-DEFENSE-007
THR-2026-0748,2026-08-29 15:04:05,QR Code Phishing (Quishing) Test #48,SOCIAL ENGINEERING,URL,https://auth-gateway.example.com/secure/portal/auth?session_id=6818,Community Submission,C – Fairly Reliable,47,MEDIUM,46,NEW,2026-08-25 18:23:01,2026-08-29 15:04:05,SG,Synthetic telemetry record analyzing social engineering activity linked to defensive indicator https://auth-gateway.example.com/secure/portal/auth?session_id=6818.,Initial Access,Trusted Relationship,T1199,,
THR-2026-0749,2026-07-18 17:05:56,Server-Side Request Forgery Pattern #49,WEB THREATS,DOMAIN,service.security-alert.example.net,Community Submission,C – Fairly Reliable,36,INFORMATIONAL,11,MONITORING,2026-07-14 17:47:01,2026-07-18 17:05:56,GB,Synthetic telemetry record analyzing web threats activity linked to defensive indicator service.security-alert.example.net.,Collection,Automated Collection: Web Scraping,T1119,CVE-2026-2189,
THR-2026-0750,2026-08-28 08:13:15,Executive Pretexting Call Campaign #50,SOCIAL ENGINEERING,EMAIL/SENDER DOMAIN,support-desk@example.net,Community Submission,C – Fairly Reliable,60,INFORMATIONAL,8,UNDER_REVIEW,2026-08-25 09:36:50,2026-08-28 08:13:15,GB,Synthetic telemetry record analyzing social engineering activity linked to defensive indicator support-desk@example.net.,Initial Access,Replication Through Removable Media,T1091,,
THR-2026-0751,2026-07-25 16:59:14,Anomalous SSH Bastion Brute Force #51,NETWORK THREATS,URL,https://update-service.example.org/secure/portal/auth?session_id=9958,Security Vendor,A – Highly Reliable,81,MEDIUM,59,UNDER_REVIEW,2026-07-23 12:18:22,2026-07-25 16:59:14,IN,Synthetic telemetry record analyzing network threats activity linked to defensive indicator https://update-service.example.org/secure/portal/auth?session_id=9958.,Discovery,Network Sniffing,T1040,,
THR-2026-0752,2026-09-27 17:01:03,Port 445 Scanning in Perimeter #52,NETWORK THREATS,FILE HASH,be40b16dbae62edca25c291fe0fe3dc9a046bf1abd8590bb9ceb8390ff6cb812,Public Threat Feed,B – Usually Reliable,36,LOW,37,NEW,2026-09-23 01:32:20,2026-09-27 17:01:03,JP,Synthetic telemetry record analyzing network threats activity linked to defensive indicator be40b16dbae62edca25c291fe0fe3dc9a046bf1abd8590bb9ceb8390ff6cb812.,Command and Control,Protocol Tunneling,T1572,,
THR-2026-0753,2026-07-07 18:39:24,Dormant Administrator Account Activation #53,ACCOUNT SECURITY,CVE ID,CVE-2026-5512,Security Vendor,A – Highly Reliable,80,LOW,31,NEW,2026-07-04 22:29:53,2026-07-07 18:39:24,CA,Synthetic telemetry record analyzing account security activity linked to defensive indicator CVE-2026-5512.,Persistence,Account Manipulation: Additional Credentials,T1098.001,CVE-2026-5512,
THR-2026-0754,2026-07-13 22:32:12,Public Facing API Auth Bypass #54,VULNERABILITY EXPOSURE,DOMAIN,sub94.update-service.example.org,Security Vendor,A – Highly Reliable,33,INFORMATIONAL,12,CLOSED,2026-07-12 10:22:58,2026-07-13 22:32:12,US,Synthetic telemetry record analyzing vulnerability exposure activity linked to defensive indicator sub94.update-service.example.org.,Lateral Movement,Exploitation of Remote Services,T1210,CVE-2026-4401,CAMP-DEFENSE-018
THR-2026-0755,2026-07-31 13:47:22,Watering Hole Redirector Demo #55,SOCIAL ENGINEERING,DOMAIN,service.invoice-verify.invalid,Community Submission,C – Fairly Reliable,84,CRITICAL,93,UNDER_REVIEW,2026-07-28 01:56:09,2026-07-31 13:47:22,JP,Synthetic telemetry record analyzing social engineering activity linked to defensive indicator service.invoice-verify.invalid.,Initial Access,Replication Through Removable Media,T1091,,CAMP-DEFENSE-005
THR-2026-0756,2026-08-18 10:01:25,Edge Gateway Remote Buffer Trigger #56,VULNERABILITY EXPOSURE,EMAIL/SENDER DOMAIN,security-admin@example.com,Public Threat Feed,B – Usually Reliable,83,MEDIUM,48,UNDER_REVIEW,2026-08-14 17:10:20,2026-08-18 10:01:25,IN,Synthetic telemetry record analyzing vulnerability exposure activity linked to defensive indicator security-admin@example.com.,Initial Access,Exploit Public-Facing Application,T1190,CVE-2026-6623,
THR-2026-0757,2026-09-10 15:11:36,OAuth High-Privilege Consent Grant #57,ACCOUNT SECURITY,FILE HASH,f4ab329115603d187fe37562550021af93f291ddd699e6894c673973ce9b2266,Unknown Source,D – Reliability Unknown,47,INFORMATIONAL,14,UNDER_REVIEW,2026-09-08 03:11:58,2026-09-10 15:11:36,BR,Synthetic telemetry record analyzing account security activity linked to defensive indicator f4ab329115603d187fe37562550021af93f291ddd699e6894c673973ce9b2266.,,,,,CAMP-DEFENSE-005
THR-2026-0758,2026-09-15 04:16:19,Executive Pretexting Call Campaign #58,SOCIAL ENGINEERING,IP ADDRESS,198.51.100.246,Research Report,B – Usually Reliable,74,MEDIUM,44,CLOSED,2026-09-13 04:29:10,2026-09-15 04:16:19,GB,Synthetic telemetry record analyzing social engineering activity linked to defensive indicator 198.51.100.246.,Execution,User Execution: Malicious Link,T1204.001,,CAMP-DEFENSE-013
THR-2026-0759,2026-09-30 06:35:46,ICMP Covert Beaconing Pattern #59,NETWORK THREATS,DOMAIN,sub59.client-token.example.org,Research Report,B – Usually Reliable,48,MEDIUM,54,UNDER_REVIEW,2026-09-27 00:08:17,2026-09-30 06:35:46,CH,Synthetic telemetry record analyzing network threats activity linked to defensive indicator sub59.client-token.example.org.,Command and Control,Protocol Tunneling,T1572,,CAMP-DEFENSE-015
THR-2026-0760,2026-07-05 03:34:02,ICMP Covert Beaconing Pattern #60,NETWORK THREATS,EMAIL/SENDER DOMAIN,support-desk@example.com,Security Vendor,A – Highly Reliable,54,MEDIUM,43,UNDER_REVIEW,2026-07-02 11:45:42,2026-07-05 03:34:02,AU,Synthetic telemetry record analyzing network threats activity linked to defensive indicator support-desk@example.com.,,,,,
THR-2026-0761,2026-07-15 07:01:33,Fake Invoice Redirector #61,PHISHING,FILE HASH,f510442d0daf0d4aaa54bbd0e18416b13cf2c2bc954cc603a03a5ed75f691874,Internal SOC,A – Highly Reliable,36,INFORMATIONAL,16,UNDER_REVIEW,2026-07-12 23:47:45,2026-07-15 07:01:33,JP,Synthetic telemetry record analyzing phishing activity linked to defensive indicator f510442d0daf0d4aaa54bbd0e18416b13cf2c2bc954cc603a03a5ed75f691874.,Initial Access,Phishing: Spearphishing Voice,T1566.004,,
THR-2026-0762,2026-09-04 13:19:06,Port 445 Scanning in Perimeter #62,NETWORK THREATS,FILE HASH,8e04c038fcfc7e8f3234fd086bbee9af60517361fdec8621f213ea28720e8448,Public Threat Feed,B – Usually Reliable,64,LOW,22,NEW,2026-09-04 09:02:40,2026-09-04 13:19:06,BR,Synthetic telemetry record analyzing network threats activity linked to defensive indicator 8e04c038fcfc7e8f3234fd086bbee9af60517361fdec8621f213ea28720e8448.,Discovery,Network Service Scanning,T1046,,
THR-2026-0763,2026-07-05 22:43:49,Executive Pretexting Call Campaign #63,SOCIAL ENGINEERING,FILE HASH,5314ceffdb7e6a110986242f64c058729a2ce2c62769dfee6e77878cd45177c7,Public Threat Feed,B – Usually Reliable,66,LOW,37,FALSE_POSITIVE,2026-07-02 12:03:05,2026-07-05 22:43:49,AU,Synthetic telemetry record analyzing social engineering activity linked to defensive indicator 5314ceffdb7e6a110986242f64c058729a2ce2c62769dfee6e77878cd45177c7.,Initial Access,Replication Through Removable Media,T1091,,CAMP-DEFENSE-020
THR-2026-0764,2026-07-09 22:33:15,Misconfigured Cloud Bucket Scraping #64,DATA EXPOSURE,CVE ID,CVE-2026-2189,Public Threat Feed,B – Usually Reliable,56,MEDIUM,41,UNDER_REVIEW,2026-07-06 04:38:32,2026-07-09 22:33:15,Global,Synthetic telemetry record analyzing data exposure activity linked to defensive indicator CVE-2026-2189.,Exfiltration,Exfiltration Over Alternative Protocol,T1048,CVE-2026-2189,
THR-2026-0765,2026-08-16 02:30:29,Kerberoasting Probe Telemetry #65,CREDENTIAL THREATS,EMAIL/SENDER DOMAIN,support-desk@example.net,Community Submission,C – Fairly Reliable,53,LOW,22,MONITORING,2026-08-11 19:59:56,2026-08-16 02:30:29,JP,Synthetic telemetry record analyzing credential threats activity linked to defensive indicator support-desk@example.net.,Credential Access,Brute Force: Password Spraying,T1110.003,,
THR-2026-0766,2026-08-26 11:25:41,Unencrypted Diagnostic Log Leak #66,DATA EXPOSURE,CVE ID,CVE-2026-3390,Community Submission,C – Fairly Reliable,56,LOW,21,MONITORING,2026-08-25 13:40:37,2026-08-26 11:25:41,DE,Synthetic telemetry record analyzing data exposure activity linked to defensive indicator CVE-2026-3390.,Exfiltration,Exfiltration Over Alternative Protocol,T1048,CVE-2026-3390,CAMP-DEFENSE-015
THR-2026-0767,2026-09-25 14:06:44,Password Spraying against ADFS Demo #67,CREDENTIAL THREATS,DOMAIN,service.cdn-cache.example.com,Security Vendor,A – Highly Reliable,78,HIGH,75,CLOSED,2026-09-24 03:34:21,2026-09-25 14:06:44,SG,Synthetic telemetry record analyzing credential threats activity linked to defensive indicator service.cdn-cache.example.com.,Credential Access,Credentials in Files,T1552.001,,
THR-2026-0768,2026-07-16 12:14:29,ICMP Covert Beaconing Pattern #68,NETWORK THREATS,URL,https://cdn-cache.example.com/secure/portal/auth?session_id=3486,Research Report,B – Usually Reliable,69,MEDIUM,46,NEW,2026-07-14 00:21:52,2026-07-16 12:14:29,FR,Synthetic telemetry record analyzing network threats activity linked to defensive indicator https://cdn-cache.example.com/secure/portal/auth?session_id=3486.,Discovery,Network Service Scanning,T1046,,
THR-2026-0769,2026-08-29 03:01:57,DNS Tunneling Exfiltration Signature #69,NETWORK THREATS,IP ADDRESS,192.0.2.192,Community Submission,C – Fairly Reliable,31,LOW,35,UNDER_REVIEW,2026-08-27 16:00:49,2026-08-29 03:01:57,Global,Synthetic telemetry record analyzing network threats activity linked to defensive indicator 192.0.2.192.,Discovery,Network Sniffing,T1040,,
THR-2026-0770,2026-07-10 12:04:12,SQLi Pattern on Public Gateway #70,WEB THREATS,EMAIL/SENDER DOMAIN,security-admin@example.org,Research Report,B – Usually Reliable,51,MEDIUM,44,NEW,2026-07-09 20:15:58,2026-07-10 12:04:12,Global,Synthetic telemetry record analyzing web threats activity linked to defensive indicator security-admin@example.org.,Initial Access,Exploit Public-Facing Application,T1190,,
THR-2026-0771,2026-08-24 17:20:05,Unauthenticated Deserialization Scan #71,VULNERABILITY EXPOSURE,EMAIL/SENDER DOMAIN,security-admin@example.net,Security Vendor,A – Highly Reliable,70,LOW,32,UNDER_REVIEW,2026-08-21 17:25:30,2026-08-24 17:20:05,AU,Synthetic telemetry record analyzing vulnerability exposure activity linked to defensive indicator security-admin@example.net.,,,,CVE-2026-6623,
THR-2026-0772,2026-09-17 04:55:34,QR Code Phishing (Quishing) Test #72,SOCIAL ENGINEERING,FILE HASH,49a7372bf5e5a7c6e7e6a8a807328aec19736ce4533e6c5ffd6c23a9670e0ea4,Research Report,B – Usually Reliable,79,MEDIUM,41,NEW,2026-09-12 20:07:30,2026-09-17 04:55:34,AU,Synthetic telemetry record analyzing social engineering activity linked to defensive indicator 49a7372bf5e5a7c6e7e6a8a807328aec19736ce4533e6c5ffd6c23a9670e0ea4.,Execution,User Execution: Malicious Link,T1204.001,,
THR-2026-0773,2026-08-07 12:05:53,Edge Gateway Remote Buffer Trigger #73,VULNERABILITY EXPOSURE,DOMAIN,sub89.telemetry-sync.example.net,Security Vendor,A – Highly Reliable,21,INFORMATIONAL,18,UNDER_REVIEW,2026-08-04 23:41:41,2026-08-07 12:05:53,SG,Synthetic telemetry record analyzing vulnerability exposure activity linked to defensive indicator sub89.telemetry-sync.example.net.,Initial Access,Exploit Public-Facing Application,T1190,CVE-2026-3390,
THR-2026-0774,2026-08-27 07:33:40,Fake Invoice Redirector #74,PHISHING,CVE ID,CVE-2026-3390,Unknown Source,D – Reliability Unknown,59,LOW,26,MONITORING,2026-08-24 18:12:03,2026-08-27 07:33:40,SG,Synthetic telemetry record analyzing phishing activity linked to defensive indicator CVE-2026-3390.,Initial Access,Phishing: Spearphishing Link,T1566.002,CVE-2026-3390,
THR-2026-0775,2026-08-20 20:33:32,Extortion Double-Dip Campaign #75,RANSOMWARE,URL,https://auth-gateway.example.com/verify-account/prompt?session_id=4391,Community Submission,C – Fairly Reliable,56,MEDIUM,48,CLOSED,2026-08-19 15:09:11,2026-08-20 20:33:32,NL,Synthetic telemetry record analyzing ransomware activity linked to defensive indicator https://auth-gateway.example.com/verify-account/prompt?session_id=4391.,Impact,Inhibit System Recovery,T1490,,
THR-2026-0776,2026-07-26 00:24:07,Executive Pretexting Call Campaign #76,SOCIAL ENGINEERING,CVE ID,CVE-2026-7734,Internal SOC,A – Highly Reliable,75,MEDIUM,57,CLOSED,2026-07-22 14:33:33,2026-07-26 00:24:07,CH,Synthetic telemetry record analyzing social engineering activity linked to defensive indicator CVE-2026-7734.,Initial Access,Replication Through Removable Media,T1091,CVE-2026-7734,
THR-2026-0777,2026-09-29 04:25:17,OAuth High-Privilege Consent Grant #77,ACCOUNT SECURITY,CVE ID,CVE-2026-1042,Unknown Source,D – Reliability Unknown,85,HIGH,70,MONITORING,2026-09-26 18:43:28,2026-09-29 04:25:17,AU,Synthetic telemetry record analyzing account security activity linked to defensive indicator CVE-2026-1042.,Persistence,Create Account: Local Account,T1136.001,CVE-2026-1042,
THR-2026-0778,2026-07-25 04:16:03,Generic Modular Loader Simulation #78,MALWARE,IP ADDRESS,192.0.2.217,Public Threat Feed,B – Usually Reliable,71,HIGH,66,NEW,2026-07-22 06:41:25,2026-07-25 04:16:03,SG,Synthetic telemetry record analyzing malware activity linked to defensive indicator 192.0.2.217.,Defense Evasion,Obfuscated Files or Information,T1027,,CAMP-DEFENSE-016
THR-2026-0779,2026-07-25 16:00:02,InfoStealer Demo Artifact #79,MALWARE,FILE HASH,1c2605c05025b7bc19b2cc66d7fe3c8ee1ffde3e8f37d9f01d6b25da8060e866,Research Report,B – Usually Reliable,51,LOW,35,MONITORING,2026-07-21 21:09:46,2026-07-25 16:00:02,FR,Synthetic telemetry record analyzing malware activity linked to defensive indicator 1c2605c05025b7bc19b2cc66d7fe3c8ee1ffde3e8f37d9f01d6b25da8060e866.,Command and Control,Application Layer Protocol,T1071,,CAMP-DEFENSE-002
THR-2026-0780,2026-08-11 15:42:26,SQLi Pattern on Public Gateway #80,WEB THREATS,IP ADDRESS,192.0.2.226,Public Threat Feed,B – Usually Reliable,66,LOW,26,NEW,2026-08-08 02:03:03,2026-08-11 15:42:26,GB,Synthetic telemetry record analyzing web threats activity linked to defensive indicator 192.0.2.226.,Collection,Automated Collection: Web Scraping,T1119,,
THR-2026-0781,2026-07-16 19:39:24,MFA Fatigue Authentication Surge #81,ACCOUNT SECURITY,URL,https://doc-share.example.org/session/token-exchange?session_id=4734,Internal SOC,A – Highly Reliable,46,LOW,21,UNDER_REVIEW,2026-07-13 21:40:09,2026-07-16 19:39:24,SG,Synthetic telemetry record analyzing account security activity linked to defensive indicator https://doc-share.example.org/session/token-exchange?session_id=4734.,Persistence,Create Account: Local Account,T1136.001,,
THR-2026-0782,2026-08-28 15:52:31,Admin Share Lateral Probe #82,RANSOMWARE,EMAIL/SENDER DOMAIN,payroll-alert@example.net,Community Submission,C – Fairly Reliable,78,MEDIUM,46,UNDER_REVIEW,2026-08-24 08:01:34,2026-08-28 15:52:31,NL,Synthetic telemetry record analyzing ransomware activity linked to defensive indicator payroll-alert@example.net.,Infiltration,Lateral Movement: SMB/Windows Admin Shares,T1021.002,,CAMP-DEFENSE-003
THR-2026-0783,2026-08-03 21:10:01,Password Spraying against ADFS Demo #83,CREDENTIAL THREATS,DOMAIN,service.session-manager.invalid,Internal SOC,A – Highly Reliable,78,MEDIUM,41,UNDER_REVIEW,2026-08-02 02:23:13,2026-08-03 21:10:01,SG,Synthetic telemetry record analyzing credential threats activity linked to defensive indicator service.session-manager.invalid.,Credential Access,Credentials in Files,T1552.001,,
THR-2026-0784,2026-07-17 04:57:49,Sensitive API Endpoint Exposure #84,DATA EXPOSURE,IP ADDRESS,198.51.100.142,Community Submission,C – Fairly Reliable,48,INFORMATIONAL,6,NEW,2026-07-14 12:26:10,2026-07-17 04:57:49,NL,Synthetic telemetry record analyzing data exposure activity linked to defensive indicator 198.51.100.142.,Exfiltration,Exfiltration Over Web Service,T1567,,
THR-2026-0785,2026-08-12 16:39:26,QR Code Phishing (Quishing) Test #85,SOCIAL ENGINEERING,DOMAIN,service.support-desk.invalid,Public Threat Feed,B – Usually Reliable,38,LOW,23,MONITORING,2026-08-12 05:41:39,2026-08-12 16:39:26,DE,Synthetic telemetry record analyzing social engineering activity linked to defensive indicator service.support-desk.invalid.,Initial Access,Replication Through Removable Media,T1091,,CAMP-DEFENSE-025
THR-2026-0786,2026-09-24 17:58:39,Misconfigured Cloud Bucket Scraping #86,DATA EXPOSURE,IP ADDRESS,198.51.100.203,Unknown Source,D – Reliability Unknown,57,MEDIUM,56,UNDER_REVIEW,2026-09-22 08:34:53,2026-09-24 17:58:39,IN,Synthetic telemetry record analyzing data exposure activity linked to defensive indicator 198.51.100.203.,,,,,
THR-2026-0787,2026-07-23 10:17:26,Legacy WebDAV Exploit Sweep #87,VULNERABILITY EXPOSURE,IP ADDRESS,203.0.113.227,Research Report,B – Usually Reliable,84,HIGH,80,MONITORING,2026-07-22 10:54:53,2026-07-23 10:17:26,BR,Synthetic telemetry record analyzing vulnerability exposure activity linked to defensive indicator 203.0.113.227.,Initial Access,Exploit Public-Facing Application,T1190,CVE-2026-5512,
THR-2026-0788,2026-07-07 18:46:56,Extortion Double-Dip Campaign #88,RANSOMWARE,URL,https://security-alert.example.net/secure/portal/auth?session_id=9424,Public Threat Feed,B – Usually Reliable,70,HIGH,68,NEW,2026-07-06 06:49:33,2026-07-07 18:46:56,CA,Synthetic telemetry record analyzing ransomware activity linked to defensive indicator https://security-alert.example.net/secure/portal/auth?session_id=9424.,Impact,Inhibit System Recovery,T1490,,
THR-2026-0789,2026-09-15 05:49:53,Fake Invoice Redirector #89,PHISHING,URL,https://security-alert.example.net/secure/portal/auth?session_id=9122,Security Vendor,A – Highly Reliable,73,MEDIUM,44,NEW,2026-09-11 10:34:44,2026-09-15 05:49:53,NL,Synthetic telemetry record analyzing phishing activity linked to defensive indicator https://security-alert.example.net/secure/portal/auth?session_id=9122.,Initial Access,Phishing: Spearphishing Voice,T1566.004,,CAMP-DEFENSE-025
THR-2026-0790,2026-08-19 21:28:52,SQLi Pattern on Public Gateway #90,WEB THREATS,EMAIL/SENDER DOMAIN,support-desk@example.net,Community Submission,C – Fairly Reliable,88,CRITICAL,87,MONITORING,2026-08-16 11:18:41,2026-08-19 21:28:52,IN,Synthetic telemetry record analyzing web threats activity linked to defensive indicator support-desk@example.net.,Collection,Automated Collection: Web Scraping,T1119,,
THR-2026-0791,2026-09-07 02:22:43,VSS Shadow Copy Invalidation Stub #91,RANSOMWARE,URL,https://security-alert.example.net/secure/portal/auth?session_id=7830,Unknown Source,D – Reliability Unknown,68,MEDIUM,50,MONITORING,2026-09-02 10:26:15,2026-09-07 02:22:43,JP,Synthetic telemetry record analyzing ransomware activity linked to defensive indicator https://security-alert.example.net/secure/portal/auth?session_id=7830.,,,,,
THR-2026-0792,2026-07-24 19:01:41,Public Facing API Auth Bypass #92,VULNERABILITY EXPOSURE,EMAIL/SENDER DOMAIN,security-admin@corporate-demo.invalid,Internal SOC,A – Highly Reliable,90,CRITICAL,92,NEW,2026-07-22 18:32:18,2026-07-24 19:01:41,JP,Synthetic telemetry record analyzing vulnerability exposure activity linked to defensive indicator security-admin@corporate-demo.invalid.,Privilege Escalation,Exploitation for Privilege Escalation,T1068,CVE-2026-5512,CAMP-DEFENSE-023
THR-2026-0793,2026-09-02 00:54:06,ICMP Covert Beaconing Pattern #93,NETWORK THREATS,IP ADDRESS,198.51.100.110,Research Report,B – Usually Reliable,69,LOW,27,MONITORING,2026-08-30 05:42:18,2026-09-02 00:54:06,US,Synthetic telemetry record analyzing network threats activity linked to defensive indicator 198.51.100.110.,Command and Control,Protocol Tunneling,T1572,,CAMP-DEFENSE-011
THR-2026-0794,2026-09-06 03:09:51,Edge Gateway Remote Buffer Trigger #94,VULNERABILITY EXPOSURE,CVE ID,CVE-2026-9956,Security Vendor,A – Highly Reliable,48,MEDIUM,44,CLOSED,2026-09-03 02:21:34,2026-09-06 03:09:51,CA,Synthetic telemetry record analyzing vulnerability exposure activity linked to defensive indicator CVE-2026-9956.,Privilege Escalation,Exploitation for Privilege Escalation,T1068,CVE-2026-9956,
THR-2026-0795,2026-07-05 11:14:20,Admin Share Lateral Probe #95,RANSOMWARE,CVE ID,CVE-2026-9956,Public Threat Feed,B – Usually Reliable,78,HIGH,65,UNDER_REVIEW,2026-07-01 19:20:42,2026-07-05 11:14:20,FR,Synthetic telemetry record analyzing ransomware activity linked to defensive indicator CVE-2026-9956.,Impact,Data Encrypted for Impact,T1486,CVE-2026-9956,CAMP-DEFENSE-008
THR-2026-0796,2026-07-15 00:55:22,Unencrypted Diagnostic Log Leak #96,DATA EXPOSURE,URL,https://session-manager.invalid/verify-account/prompt?session_id=3301,Internal SOC,A – Highly Reliable,88,HIGH,72,NEW,2026-07-11 13:00:46,2026-07-15 00:55:22,SG,Synthetic telemetry record analyzing data exposure activity linked to defensive indicator https://session-manager.invalid/verify-account/prompt?session_id=3301.,Collection,Data from Cloud Storage,T1530,,CAMP-DEFENSE-015
THR-2026-0797,2026-08-08 01:14:10,Synthetic Token Theft Activity #97,CREDENTIAL THREATS,CVE ID,CVE-2026-1042,Public Threat Feed,B – Usually Reliable,57,LOW,34,NEW,2026-08-03 09:18:52,2026-08-08 01:14:10,US,Synthetic telemetry record analyzing credential threats activity linked to defensive indicator CVE-2026-1042.,Credential Access,OS Credential Dumping,T1003,CVE-2026-1042,
THR-2026-0798,2026-07-14 19:50:26,Impossible Travel Anomaly #98,ACCOUNT SECURITY,FILE HASH,a48fa58a503458baf618efc609ec5917b7830cb308b35bd84b635c5e3d4e4841,Community Submission,C – Fairly Reliable,81,MEDIUM,50,FALSE_POSITIVE,2026-07-13 04:35:32,2026-07-14 19:50:26,FR,Synthetic telemetry record analyzing account security activity linked to defensive indicator a48fa58a503458baf618efc609ec5917b7830cb308b35bd84b635c5e3d4e4841.,Persistence,Account Manipulation: Additional Credentials,T1098.001,,
THR-2026-0799,2026-08-03 20:47:04,Admin Share Lateral Probe #99,RANSOMWARE,EMAIL/SENDER DOMAIN,billing-verify@corporate-demo.invalid,Community Submission,C – Fairly Reliable,37,INFORMATIONAL,18,MONITORING,2026-08-02 21:52:41,2026-08-03 20:47:04,CA,Synthetic telemetry record analyzing ransomware activity linked to defensive indicator billing-verify@corporate-demo.invalid.,Impact,Inhibit System Recovery,T1490,,CAMP-DEFENSE-006
THR-2026-0800,2026-08-26 05:23:48,Sensitive API Endpoint Exposure #00,DATA EXPOSURE,CVE ID,CVE-2026-6623,Internal SOC,A – Highly Reliable,46,MEDIUM,53,UNDER_REVIEW,2026-08-24 18:08:20,2026-08-26 05:23:48,IN,Synthetic telemetry record analyzing data exposure activity linked to defensive indicator CVE-2026-6623.,,,,CVE-2026-6623,
THR-2026-0801,2026-07-10 03:03:02,DNS Tunneling Exfiltration Signature #01,NETWORK THREATS,EMAIL/SENDER DOMAIN,security-admin@example.org,Community Submission,C – Fairly Reliable,64,HIGH,79,UNDER_REVIEW,2026-07-05 15:51:41,2026-07-10 03:03:02,Global,Synthetic telemetry record analyzing network threats activity linked to defensive indicator security-admin@example.org.,Discovery,Network Service Scanning,T1046,,CAMP-DEFENSE-001
THR-2026-0802,2026-07-15 01:17:17,ShadowLocker Ransomware Activity #02,RANSOMWARE,EMAIL/SENDER DOMAIN,support-desk@example.com,Public Threat Feed,B – Usually Reliable,64,MEDIUM,47,MONITORING,2026-07-10 09:52:20,2026-07-15 01:17:17,GB,Synthetic telemetry record analyzing ransomware activity linked to defensive indicator support-desk@example.com.,Infiltration,Lateral Movement: SMB/Windows Admin Shares,T1021.002,,
THR-2026-0803,2026-07-15 07:48:40,Executive Pretexting Call Campaign #03,SOCIAL ENGINEERING,IP ADDRESS,198.51.100.7,Research Report,B – Usually Reliable,58,LOW,22,CLOSED,2026-07-11 01:18:31,2026-07-15 07:48:40,GB,Synthetic telemetry record analyzing social engineering activity linked to defensive indicator 198.51.100.7.,Initial Access,Replication Through Removable Media,T1091,,
THR-2026-0804,2026-07-25 07:08:46,Unencrypted Diagnostic Log Leak #04,DATA EXPOSURE,EMAIL/SENDER DOMAIN,payroll-alert@example.com,Security Vendor,A – Highly Reliable,67,MEDIUM,60,MONITORING,2026-07-24 16:42:11,2026-07-25 07:08:46,CA,Synthetic telemetry record analyzing data exposure activity linked to defensive indicator payroll-alert@example.com.,Exfiltration,Exfiltration Over Alternative Protocol,T1048,,CAMP-DEFENSE-003
THR-2026-0805,2026-09-30 15:56:43,Path Traversal Web Probe #05,WEB THREATS,EMAIL/SENDER DOMAIN,billing-verify@corporate-demo.invalid,Internal SOC,A – Highly Reliable,67,MEDIUM,44,CLOSED,2026-09-26 15:32:09,2026-09-30 15:56:43,NL,Synthetic telemetry record analyzing web threats activity linked to defensive indicator billing-verify@corporate-demo.invalid.,Collection,Automated Collection: Web Scraping,T1119,,
THR-2026-0806,2026-09-29 21:24:07,InfoStealer Demo Artifact #06,MALWARE,CVE ID,CVE-2026-4401,Research Report,B – Usually Reliable,61,HIGH,71,NEW,2026-09-25 01:41:37,2026-09-29 21:24:07,GB,Synthetic telemetry record analyzing malware activity linked to defensive indicator CVE-2026-4401.,,,,CVE-2026-4401,CAMP-DEFENSE-001
THR-2026-0807,2026-07-15 10:22:26,Fake IT Helpdesk Remote Access Lure #07,SOCIAL ENGINEERING,IP ADDRESS,192.0.2.153,Security Vendor,A – Highly Reliable,55,MEDIUM,54,MONITORING,2026-07-12 03:03:34,2026-07-15 10:22:26,SG,Synthetic telemetry record analyzing social engineering activity linked to defensive indicator 192.0.2.153.,Initial Access,Replication Through Removable Media,T1091,,
THR-2026-0808,2026-08-26 00:40:31,InfoStealer Demo Artifact #08,MALWARE,DOMAIN,service.telemetry-sync.example.net,Public Threat Feed,B – Usually Reliable,70,HIGH,80,NEW,2026-08-24 03:53:36,2026-08-26 00:40:31,AU,Synthetic telemetry record analyzing malware activity linked to defensive indicator service.telemetry-sync.example.net.,,,,CVE-2026-1042,
THR-2026-0809,2026-09-22 07:35:28,Urgent Security Notification Lure #09,PHISHING,EMAIL/SENDER DOMAIN,security-admin@example.org,Security Vendor,A – Highly Reliable,34,LOW,34,CLOSED,2026-09-20 13:45:04,2026-09-22 07:35:28,GB,Synthetic telemetry record analyzing phishing activity linked to defensive indicator security-admin@example.org.,,,,,
THR-2026-0810,2026-08-19 12:03:25,MFA Fatigue Authentication Surge #10,ACCOUNT SECURITY,CVE ID,CVE-2026-2189,Public Threat Feed,B – Usually Reliable,72,LOW,31,MONITORING,2026-08-15 00:06:40,2026-08-19 12:03:25,GB,Synthetic telemetry record analyzing account security activity linked to defensive indicator CVE-2026-2189.,Persistence,Create Account: Local Account,T1136.001,CVE-2026-2189,
THR-2026-0811,2026-08-03 01:17:19,Compromised Service Account Pattern #11,CREDENTIAL THREATS,EMAIL/SENDER DOMAIN,hr-notices@example.org,Security Vendor,A – Highly Reliable,88,HIGH,70,UNDER_REVIEW,2026-07-30 08:06:23,2026-08-03 01:17:19,BR,Synthetic telemetry record analyzing credential threats activity linked to defensive indicator hr-notices@example.org.,Credential Access,Brute Force: Password Spraying,T1110.003,,CAMP-DEFENSE-022
THR-2026-0812,2026-09-01 20:01:40,Impossible Travel Anomaly #12,ACCOUNT SECURITY,EMAIL/SENDER DOMAIN,payroll-alert@example.net,Security Vendor,A – Highly Reliable,77,LOW,22,FALSE_POSITIVE,2026-08-30 23:03:19,2026-09-01 20:01:40,GB,Synthetic telemetry record analyzing account security activity linked to defensive indicator payroll-alert@example.net.,Defense Evasion,Valid Accounts: Cloud Accounts,T1078.004,,
THR-2026-0813,2026-08-10 21:15:56,Corporate SSO Impersonation Portal #13,PHISHING,DOMAIN,service.cdn-cache.example.com,Internal SOC,A – Highly Reliable,55,LOW,39,NEW,2026-08-08 11:12:15,2026-08-10 21:15:56,BR,Synthetic telemetry record analyzing phishing activity linked to defensive indicator service.cdn-cache.example.com.,Initial Access,Phishing: Spearphishing Link,T1566.002,,CAMP-DEFENSE-015
THR-2026-0814,2026-07-20 18:26:29,Sensitive API Endpoint Exposure #14,DATA EXPOSURE,URL,https://cdn-cache.example.com/auth/login-redirect?session_id=5182,Public Threat Feed,B – Usually Reliable,66,MEDIUM,44,NEW,2026-07-18 07:57:32,2026-07-20 18:26:29,DE,Synthetic telemetry record analyzing data exposure activity linked to defensive indicator https://cdn-cache.example.com/auth/login-redirect?session_id=5182.,Exfiltration,Exfiltration Over Alternative Protocol,T1048,CVE-2026-6623,
THR-2026-0815,2026-08-12 19:55:01,Kerberoasting Probe Telemetry #15,CREDENTIAL THREATS,FILE HASH,9e66256aaaaae86d206db66ca579952f53ea2eee6eeaa311d710f7d6fd13d6c8,Internal SOC,A – Highly Reliable,74,HIGH,70,NEW,2026-08-11 08:25:53,2026-08-12 19:55:01,GB,Synthetic telemetry record analyzing credential threats activity linked to defensive indicator 9e66256aaaaae86d206db66ca579952f53ea2eee6eeaa311d710f7d6fd13d6c8.,Credential Access,Brute Force: Password Spraying,T1110.003,,
THR-2026-0816,2026-08-30 11:56:47,Kerberoasting Probe Telemetry #16,CREDENTIAL THREATS,IP ADDRESS,192.0.2.188,Unknown Source,D – Reliability Unknown,63,LOW,37,MONITORING,2026-08-27 11:50:03,2026-08-30 11:56:47,SG,Synthetic telemetry record analyzing credential threats activity linked to defensive indicator 192.0.2.188.,,,,,
THR-2026-0817,2026-08-05 07:00:25,VSS Shadow Copy Invalidation Stub #17,RANSOMWARE,IP ADDRESS,203.0.113.43,Unknown Source,D – Reliability Unknown,77,HIGH,65,FALSE_POSITIVE,2026-08-02 04:49:29,2026-08-05 07:00:25,JP,Synthetic telemetry record analyzing ransomware activity linked to defensive indicator 203.0.113.43.,Impact,Inhibit System Recovery,T1490,,CAMP-DEFENSE-002
THR-2026-0818,2026-09-02 09:01:21,Edge Gateway Remote Buffer Trigger #18,VULNERABILITY EXPOSURE,EMAIL/SENDER DOMAIN,security-admin@corporate-demo.invalid,Research Report,B – Usually Reliable,46,LOW,23,MONITORING,2026-08-29 18:26:12,2026-09-02 09:01:21,US,Synthetic telemetry record analyzing vulnerability exposure activity linked to defensive indicator security-admin@corporate-demo.invalid.,Lateral Movement,Exploitation of Remote Services,T1210,CVE-2026-5512,CAMP-DEFENSE-024
THR-2026-0819,2026-08-27 03:27:51,Legacy WebDAV Exploit Sweep #19,VULNERABILITY EXPOSURE,DOMAIN,service.update-service.example.org,Security Vendor,A – Highly Reliable,57,MEDIUM,59,NEW,2026-08-26 08:19:52,2026-08-27 03:27:51,DE,Synthetic telemetry record analyzing vulnerability exposure activity linked to defensive indicator service.update-service.example.org.,Privilege Escalation,Exploitation for Privilege Escalation,T1068,CVE-2026-2189,CAMP-DEFENSE-009
THR-2026-0820,2026-08-22 10:57:37,OAuth High-Privilege Consent Grant #20,ACCOUNT SECURITY,CVE ID,CVE-2026-5512,Security Vendor,A – Highly Reliable,80,HIGH,61,MONITORING,2026-08-19 02:17:30,2026-08-22 10:57:37,NL,Synthetic telemetry record analyzing account security activity linked to defensive indicator CVE-2026-5512.,,,,CVE-2026-5512,
THR-2026-0821,2026-07-14 04:25:20,Fake IT Helpdesk Remote Access Lure #21,SOCIAL ENGINEERING,URL,https://auth-gateway.example.com/secure/portal/auth?session_id=3517,Internal SOC,A – Highly Reliable,90,HIGH,69,UNDER_REVIEW,2026-07-10 09:54:44,2026-07-14 04:25:20,CH,Synthetic telemetry record analyzing social engineering activity linked to defensive indicator https://auth-gateway.example.com/secure/portal/auth?session_id=3517.,Execution,User Execution: Malicious Link,T1204.001,,CAMP-DEFENSE-021
THR-2026-0822,2026-08-08 01:53:06,Watering Hole Redirector Demo #22,SOCIAL ENGINEERING,URL,https://telemetry-sync.example.net/download/security-patch.bin?session_id=2451,Unknown Source,D – Reliability Unknown,72,MEDIUM,56,CLOSED,2026-08-05 01:59:58,2026-08-08 01:53:06,JP,Synthetic telemetry record analyzing social engineering activity linked to defensive indicator https://telemetry-sync.example.net/download/security-patch.bin?session_id=2451.,Initial Access,Trusted Relationship,T1199,,
THR-2026-0823,2026-09-30 03:42:38,Exfiltration via Public Cloud Storage #23,DATA EXPOSURE,URL,https://doc-share.example.org/session/token-exchange?session_id=6843,Internal SOC,A – Highly Reliable,76,MEDIUM,59,CLOSED,2026-09-26 14:08:20,2026-09-30 03:42:38,FR,Synthetic telemetry record analyzing data exposure activity linked to defensive indicator https://doc-share.example.org/session/token-exchange?session_id=6843.,Exfiltration,Exfiltration Over Alternative Protocol,T1048,,CAMP-DEFENSE-025
THR-2026-0824,2026-08-08 05:27:12,OAuth High-Privilege Consent Grant #24,ACCOUNT SECURITY,EMAIL/SENDER DOMAIN,security-admin@corporate-demo.invalid,Internal SOC,A – Highly Reliable,78,HIGH,64,MONITORING,2026-08-05 06:36:44,2026-08-08 05:27:12,AU,Synthetic telemetry record analyzing account security activity linked to defensive indicator security-admin@corporate-demo.invalid.,,,,,CAMP-DEFENSE-019
THR-2026-0825,2026-07-15 16:42:13,Urgent Security Notification Lure #25,PHISHING,URL,https://client-token.example.org/secure/portal/auth?session_id=8548,Community Submission,C – Fairly Reliable,46,MEDIUM,54,CLOSED,2026-07-15 12:13:50,2026-07-15 16:42:13,JP,Synthetic telemetry record analyzing phishing activity linked to defensive indicator https://client-token.example.org/secure/portal/auth?session_id=8548.,Initial Access,Phishing: Spearphishing Link,T1566.002,CVE-2026-6623,CAMP-DEFENSE-014
THR-2026-0826,2026-07-05 19:00:17,Anomalous SSH Bastion Brute Force #26,NETWORK THREATS,CVE ID,CVE-2026-5512,Public Threat Feed,B – Usually Reliable,65,MEDIUM,42,NEW,2026-07-04 13:09:38,2026-07-05 19:00:17,CH,Synthetic telemetry record analyzing network threats activity linked to defensive indicator CVE-2026-5512.,Discovery,Network Sniffing,T1040,CVE-2026-5512,
THR-2026-0827,2026-08-30 16:32:46,Legacy WebDAV Exploit Sweep #27,VULNERABILITY EXPOSURE,URL,https://update-service.example.org/secure/portal/auth?session_id=2456,Public Threat Feed,B – Usually Reliable,70,HIGH,68,UNDER_REVIEW,2026-08-27 23:57:28,2026-08-30 16:32:46,BR,Synthetic telemetry record analyzing vulnerability exposure activity linked to defensive indicator https://update-service.example.org/secure/portal/auth?session_id=2456.,Initial Access,Exploit Public-Facing Application,T1190,CVE-2026-2189,
THR-2026-0828,2026-08-18 16:12:47,Admin Share Lateral Probe #28,RANSOMWARE,FILE HASH,1a80e843dfd746c4518fc2de32c5f00dd4314988a550898835298d4f030f237b,Unknown Source,D – Reliability Unknown,55,MEDIUM,52,CLOSED,2026-08-16 23:46:23,2026-08-18 16:12:47,Global,Synthetic telemetry record analyzing ransomware activity linked to defensive indicator 1a80e843dfd746c4518fc2de32c5f00dd4314988a550898835298d4f030f237b.,Infiltration,Lateral Movement: SMB/Windows Admin Shares,T1021.002,CVE-2026-4401,
THR-2026-0829,2026-07-30 18:41:44,Exfiltration via Public Cloud Storage #29,DATA EXPOSURE,EMAIL/SENDER DOMAIN,hr-notices@corporate-demo.invalid,Community Submission,C – Fairly Reliable,36,INFORMATIONAL,17,NEW,2026-07-29 18:51:40,2026-07-30 18:41:44,DE,Synthetic telemetry record analyzing data exposure activity linked to defensive indicator hr-notices@corporate-demo.invalid.,,,,,
THR-2026-0830,2026-07-03 11:12:38,SQLi Pattern on Public Gateway #30,WEB THREATS,EMAIL/SENDER DOMAIN,payroll-alert@example.com,Public Threat Feed,B – Usually Reliable,62,INFORMATIONAL,9,FALSE_POSITIVE,2026-07-01 06:06:22,2026-07-03 11:12:38,NL,Synthetic telemetry record analyzing web threats activity linked to defensive indicator payroll-alert@example.com.,Initial Access,Exploit Public-Facing Application,T1190,,
THR-2026-0831,2026-09-30 04:48:22,QR Code Phishing (Quishing) Test #31,SOCIAL ENGINEERING,CVE ID,CVE-2026-1188,Security Vendor,A – Highly Reliable,48,INFORMATIONAL,20,CLOSED,2026-09-28 23:33:52,2026-09-30 04:48:22,BR,Synthetic telemetry record analyzing social engineering activity linked to defensive indicator CVE-2026-1188.,Initial Access,Trusted Relationship,T1199,CVE-2026-1188,CAMP-DEFENSE-006
THR-2026-0832,2026-07-21 16:25:48,MFA Fatigue Authentication Surge #32,ACCOUNT SECURITY,FILE HASH,216b37f7ec1c9b5ea46f6a5677deaa41ac91af397623e15a6b497f106d7adba4,Unknown Source,D – Reliability Unknown,71,HIGH,74,FALSE_POSITIVE,2026-07-19 20:45:13,2026-07-21 16:25:48,SG,Synthetic telemetry record analyzing account security activity linked to defensive indicator 216b37f7ec1c9b5ea46f6a5677deaa41ac91af397623e15a6b497f106d7adba4.,Persistence,Account Manipulation: Additional Credentials,T1098.001,,
THR-2026-0833,2026-07-05 02:58:14,Kerberoasting Probe Telemetry #33,CREDENTIAL THREATS,EMAIL/SENDER DOMAIN,payroll-alert@example.org,Internal SOC,A – Highly Reliable,79,MEDIUM,56,MONITORING,2026-07-01 04:51:51,2026-07-05 02:58:14,CA,Synthetic telemetry record analyzing credential threats activity linked to defensive indicator payroll-alert@example.org.,Credential Access,Credentials in Files,T1552.001,,CAMP-DEFENSE-023
THR-2026-0834,2026-08-22 22:50:58,SQLi Pattern on Public Gateway #34,WEB THREATS,EMAIL/SENDER DOMAIN,billing-verify@corporate-demo.invalid,Community Submission,C – Fairly Reliable,21,INFORMATIONAL,10,UNDER_REVIEW,2026-08-19 23:55:19,2026-08-22 22:50:58,DE,Synthetic telemetry record analyzing web threats activity linked to defensive indicator billing-verify@corporate-demo.invalid.,Command and Control,Web Service: Dead Drop Resolver,T1102.001,,
THR-2026-0835,2026-09-08 15:51:31,Anomalous SSH Bastion Brute Force #35,NETWORK THREATS,IP ADDRESS,203.0.113.71,Community Submission,C – Fairly Reliable,47,INFORMATIONAL,20,UNDER_REVIEW,2026-09-04 04:16:30,2026-09-08 15:51:31,SG,Synthetic telemetry record analyzing network threats activity linked to defensive indicator 203.0.113.71.,Discovery,Network Service Scanning,T1046,,CAMP-DEFENSE-015
THR-2026-0836,2026-07-24 10:13:50,Password Spraying against ADFS Demo #36,CREDENTIAL THREATS,EMAIL/SENDER DOMAIN,payroll-alert@corporate-demo.invalid,Security Vendor,A – Highly Reliable,84,MEDIUM,41,MONITORING,2026-07-19 12:36:32,2026-07-24 10:13:50,IN,Synthetic telemetry record analyzing credential threats activity linked to defensive indicator payroll-alert@corporate-demo.invalid.,,,,,
THR-2026-0837,2026-09-13 19:41:24,Generic Modular Loader Simulation #37,MALWARE,EMAIL/SENDER DOMAIN,security-admin@example.org,Unknown Source,D – Reliability Unknown,86,HIGH,66,UNDER_REVIEW,2026-09-08 22:06:58,2026-09-13 19:41:24,AU,Synthetic telemetry record analyzing malware activity linked to defensive indicator security-admin@example.org.,Command and Control,Application Layer Protocol,T1071,,
THR-2026-0838,2026-08-28 00:55:37,MFA Fatigue Authentication Surge #38,ACCOUNT SECURITY,CVE ID,CVE-2026-7734,Research Report,B – Usually Reliable,63,HIGH,66,UNDER_REVIEW,2026-08-25 15:59:53,2026-08-28 00:55:37,JP,Synthetic telemetry record analyzing account security activity linked to defensive indicator CVE-2026-7734.,Persistence,Account Manipulation: Additional Credentials,T1098.001,CVE-2026-7734,
THR-2026-0839,2026-09-23 23:36:28,Edge Gateway Remote Buffer Trigger #39,VULNERABILITY EXPOSURE,DOMAIN,service.client-token.example.org,Unknown Source,D – Reliability Unknown,21,INFORMATIONAL,13,NEW,2026-09-21 17:24:02,2026-09-23 23:36:28,FR,Synthetic telemetry record analyzing vulnerability exposure activity linked to defensive indicator service.client-token.example.org.,Initial Access,Exploit Public-Facing Application,T1190,CVE-2026-9956,CAMP-DEFENSE-012
THR-2026-0840,2026-09-28 19:56:04,Spear-Phishing Credential Harvester #40,PHISHING,IP ADDRESS,198.51.100.99,Public Threat Feed,B – Usually Reliable,56,MEDIUM,43,FALSE_POSITIVE,2026-09-24 07:19:02,2026-09-28 19:56:04,BR,Synthetic telemetry record analyzing phishing activity linked to defensive indicator 198.51.100.99.,Initial Access,Phishing: Spearphishing Voice,T1566.004,,
THR-2026-0841,2026-07-29 19:32:28,ShadowLocker Ransomware Activity #41,RANSOMWARE,EMAIL/SENDER DOMAIN,support-desk@example.org,Research Report,B – Usually Reliable,58,LOW,25,MONITORING,2026-07-25 09:58:50,2026-07-29 19:32:28,Global,Synthetic telemetry record analyzing ransomware activity linked to defensive indicator support-desk@example.org.,,,,CVE-2026-9956,
THR-2026-0842,2026-08-15 16:54:30,Server-Side Request Forgery Pattern #42,WEB THREATS,URL,https://auth-gateway.example.com/api/v1/health-check?session_id=3955,Community Submission,C – Fairly Reliable,54,MEDIUM,60,UNDER_REVIEW,2026-08-11 04:52:50,2026-08-15 16:54:30,Global,Synthetic telemetry record analyzing web threats activity linked to defensive indicator https://auth-gateway.example.com/api/v1/health-check?session_id=3955.,Collection,Automated Collection: Web Scraping,T1119,,
THR-2026-0843,2026-08-31 21:35:20,Executive Pretexting Call Campaign #43,SOCIAL ENGINEERING,IP ADDRESS,203.0.113.142,Internal SOC,A – Highly Reliable,42,LOW,36,CLOSED,2026-08-30 01:42:21,2026-08-31 21:35:20,FR,Synthetic telemetry record analyzing social engineering activity linked to defensive indicator 203.0.113.142.,Initial Access,Replication Through Removable Media,T1091,,
THR-2026-0844,2026-08-11 16:52:41,Memory Injection Testing Stub #44,MALWARE,CVE ID,CVE-2026-8845,Community Submission,C – Fairly Reliable,57,MEDIUM,58,UNDER_REVIEW,2026-08-08 04:36:49,2026-08-11 16:52:41,AU,Synthetic telemetry record analyzing malware activity linked to defensive indicator CVE-2026-8845.,Execution,User Execution: Malicious File,T1204.002,CVE-2026-8845,
THR-2026-0845,2026-08-18 03:42:06,Edge Gateway Remote Buffer Trigger #45,VULNERABILITY EXPOSURE,FILE HASH,d4d3035f30e44eeef1880de85a729da2d35330bbec0d2fe96c07946eb073f77c,Internal SOC,A – Highly Reliable,64,MEDIUM,53,NEW,2026-08-16 13:07:12,2026-08-18 03:42:06,JP,Synthetic telemetry record analyzing vulnerability exposure activity linked to defensive indicator d4d3035f30e44eeef1880de85a729da2d35330bbec0d2fe96c07946eb073f77c.,Privilege Escalation,Exploitation for Privilege Escalation,T1068,CVE-2026-1042,
THR-2026-0846,2026-09-15 17:33:40,OAuth High-Privilege Consent Grant #46,ACCOUNT SECURITY,CVE ID,CVE-2026-4401,Community Submission,C – Fairly Reliable,23,INFORMATIONAL,5,UNDER_REVIEW,2026-09-14 03:55:21,2026-09-15 17:33:40,CH,Synthetic telemetry record analyzing account security activity linked to defensive indicator CVE-2026-4401.,Defense Evasion,Valid Accounts: Cloud Accounts,T1078.004,CVE-2026-4401,
THR-2026-0847,2026-07-30 11:02:33,Misconfigured Cloud Bucket Scraping #47,DATA EXPOSURE,EMAIL/SENDER DOMAIN,hr-notices@example.net,Unknown Source,D – Reliability Unknown,34,INFORMATIONAL,10,MONITORING,2026-07-25 21:45:47,2026-07-30 11:02:33,US,Synthetic telemetry record analyzing data exposure activity linked to defensive indicator hr-notices@example.net.,Exfiltration,Exfiltration Over Web Service,T1567,,
THR-2026-0848,2026-07-12 00:16:32,Unauthenticated Deserialization Scan #48,VULNERABILITY EXPOSURE,DOMAIN,sub24.corp-portal-test.invalid,Internal SOC,A – Highly Reliable,75,CRITICAL,91,UNDER_REVIEW,2026-07-08 17:07:27,2026-07-12 00:16:32,GB,Synthetic telemetry record analyzing vulnerability exposure activity linked to defensive indicator sub24.corp-portal-test.invalid.,Initial Access,Exploit Public-Facing Application,T1190,CVE-2026-6623,
THR-2026-0849,2026-08-11 00:36:12,MFA Fatigue Authentication Surge #49,ACCOUNT SECURITY,DOMAIN,sub43.doc-share.example.org,Unknown Source,D – Reliability Unknown,62,MEDIUM,47,UNDER_REVIEW,2026-08-06 16:57:15,2026-08-11 00:36:12,Global,Synthetic telemetry record analyzing account security activity linked to defensive indicator sub43.doc-share.example.org.,Persistence,Account Manipulation: Additional Credentials,T1098.001,,
THR-2026-0850,2026-07-30 17:54:23,Watering Hole Redirector Demo #50,SOCIAL ENGINEERING,URL,https://support-desk.invalid/verify-account/prompt?session_id=7479,Internal SOC,A – Highly Reliable,49,MEDIUM,48,NEW,2026-07-28 12:00:40,2026-07-30 17:54:23,GB,Synthetic telemetry record analyzing social engineering activity linked to defensive indicator https://support-desk.invalid/verify-account/prompt?session_id=7479.,Initial Access,Replication Through Removable Media,T1091,,
THR-2026-0851,2026-08-14 02:33:54,SQLi Pattern on Public Gateway #51,WEB THREATS,CVE ID,CVE-2026-2189,Public Threat Feed,B – Usually Reliable,52,MEDIUM,44,UNDER_REVIEW,2026-08-12 16:24:02,2026-08-14 02:33:54,FR,Synthetic telemetry record analyzing web threats activity linked to defensive indicator CVE-2026-2189.,Initial Access,Exploit Public-Facing Application,T1190,CVE-2026-2189,
THR-2026-0852,2026-09-10 18:16:31,Fake Invoice Redirector #52,PHISHING,FILE HASH,378219fda9af3912bd8268c8e9326b52ffbcbf89476f37004bb90081e4490451,Internal SOC,A – Highly Reliable,45,LOW,23,MONITORING,2026-09-06 14:18:14,2026-09-10 18:16:31,Global,Synthetic telemetry record analyzing phishing activity linked to defensive indicator 378219fda9af3912bd8268c8e9326b52ffbcbf89476f37004bb90081e4490451.,Initial Access,Phishing: Spearphishing Attachment,T1566.001,,CAMP-DEFENSE-020
THR-2026-0853,2026-08-11 04:21:15,Synthetic Token Theft Activity #53,CREDENTIAL THREATS,CVE ID,CVE-2026-1042,Internal SOC,A – Highly Reliable,41,LOW,29,NEW,2026-08-06 10:31:24,2026-08-11 04:21:15,FR,Synthetic telemetry record analyzing credential threats activity linked to defensive indicator CVE-2026-1042.,Credential Access,Brute Force: Password Spraying,T1110.003,CVE-2026-1042,
THR-2026-0854,2026-08-03 03:52:22,Generic Modular Loader Simulation #54,MALWARE,DOMAIN,service.telemetry-sync.example.net,Public Threat Feed,B – Usually Reliable,86,HIGH,63,FALSE_POSITIVE,2026-07-31 23:12:29,2026-08-03 03:52:22,DE,Synthetic telemetry record analyzing malware activity linked to defensive indicator service.telemetry-sync.example.net.,Command and Control,Application Layer Protocol,T1071,,CAMP-DEFENSE-018
THR-2026-0855,2026-08-06 16:56:18,Generic Modular Loader Simulation #55,MALWARE,FILE HASH,32f64a2197744284060116639392dd892626073ca6e93c437ad0614644335950,Internal SOC,A – Highly Reliable,71,CRITICAL,92,NEW,2026-08-05 20:32:54,2026-08-06 16:56:18,AU,Synthetic telemetry record analyzing malware activity linked to defensive indicator 32f64a2197744284060116639392dd892626073ca6e93c437ad0614644335950.,,,,,CAMP-DEFENSE-013
THR-2026-0856,2026-09-28 03:39:46,MFA Fatigue Authentication Surge #56,ACCOUNT SECURITY,IP ADDRESS,192.0.2.196,Unknown Source,D – Reliability Unknown,56,INFORMATIONAL,20,CLOSED,2026-09-25 10:11:34,2026-09-28 03:39:46,BR,Synthetic telemetry record analyzing account security activity linked to defensive indicator 192.0.2.196.,Defense Evasion,Valid Accounts: Cloud Accounts,T1078.004,,
THR-2026-0857,2026-08-21 09:55:33,Fake IT Helpdesk Remote Access Lure #57,SOCIAL ENGINEERING,EMAIL/SENDER DOMAIN,support-desk@example.net,Unknown Source,D – Reliability Unknown,53,LOW,38,FALSE_POSITIVE,2026-08-16 19:35:41,2026-08-21 09:55:33,SG,Synthetic telemetry record analyzing social engineering activity linked to defensive indicator support-desk@example.net.,Execution,User Execution: Malicious Link,T1204.001,,CAMP-DEFENSE-013
THR-2026-0858,2026-09-27 11:47:00,Urgent Security Notification Lure #58,PHISHING,FILE HASH,72c0bd63d1cf398e700d65496810296e23ca8626db06ef0d729699798b923d70,Security Vendor,A – Highly Reliable,72,HIGH,68,UNDER_REVIEW,2026-09-25 10:32:20,2026-09-27 11:47:00,CA,Synthetic telemetry record analyzing phishing activity linked to defensive indicator 72c0bd63d1cf398e700d65496810296e23ca8626db06ef0d729699798b923d70.,,,,,CAMP-DEFENSE-013
THR-2026-0859,2026-08-29 15:10:56,Watering Hole Redirector Demo #59,SOCIAL ENGINEERING,FILE HASH,37b74acd4df2a260eca8f7c3f6bb379f3e484a1aab7a3749cac3baf8663e520e,Research Report,B – Usually Reliable,58,MEDIUM,57,MONITORING,2026-08-28 00:03:39,2026-08-29 15:10:56,CA,Synthetic telemetry record analyzing social engineering activity linked to defensive indicator 37b74acd4df2a260eca8f7c3f6bb379f3e484a1aab7a3749cac3baf8663e520e.,Initial Access,Trusted Relationship,T1199,,CAMP-DEFENSE-024
THR-2026-0860,2026-09-12 02:55:22,Sensitive API Endpoint Exposure #60,DATA EXPOSURE,FILE HASH,03dda23f8651d10add720fa99094da6f3841068f011c27019b5250ca21575225,Public Threat Feed,B – Usually Reliable,49,LOW,35,MONITORING,2026-09-11 09:57:47,2026-09-12 02:55:22,BR,Synthetic telemetry record analyzing data exposure activity linked to defensive indicator 03dda23f8651d10add720fa99094da6f3841068f011c27019b5250ca21575225.,Collection,Data from Cloud Storage,T1530,,CAMP-DEFENSE-011
THR-2026-0861,2026-09-29 04:10:21,Unauthenticated Deserialization Scan #61,VULNERABILITY EXPOSURE,EMAIL/SENDER DOMAIN,security-admin@example.org,Research Report,B – Usually Reliable,62,MEDIUM,46,MONITORING,2026-09-28 03:23:54,2026-09-29 04:10:21,GB,Synthetic telemetry record analyzing vulnerability exposure activity linked to defensive indicator security-admin@example.org.,Lateral Movement,Exploitation of Remote Services,T1210,CVE-2026-1188,
THR-2026-0862,2026-09-02 21:20:07,Edge Gateway Remote Buffer Trigger #62,VULNERABILITY EXPOSURE,URL,https://invoice-verify.invalid/invoice/preview-doc.pdf?session_id=3139,Research Report,B – Usually Reliable,51,MEDIUM,42,UNDER_REVIEW,2026-08-29 05:22:22,2026-09-02 21:20:07,SG,Synthetic telemetry record analyzing vulnerability exposure activity linked to defensive indicator https://invoice-verify.invalid/invoice/preview-doc.pdf?session_id=3139.,Initial Access,Exploit Public-Facing Application,T1190,CVE-2026-1042,CAMP-DEFENSE-002
THR-2026-0863,2026-08-29 16:31:13,Port 445 Scanning in Perimeter #63,NETWORK THREATS,DOMAIN,sub37.corp-portal-test.invalid,Internal SOC,A – Highly Reliable,75,MEDIUM,55,NEW,2026-08-25 03:24:39,2026-08-29 16:31:13,GB,Synthetic telemetry record analyzing network threats activity linked to defensive indicator sub37.corp-portal-test.invalid.,Discovery,Network Service Scanning,T1046,,CAMP-DEFENSE-018
THR-2026-0864,2026-08-25 11:40:28,Edge Gateway Remote Buffer Trigger #64,VULNERABILITY EXPOSURE,IP ADDRESS,203.0.113.234,Community Submission,C – Fairly Reliable,60,MEDIUM,49,NEW,2026-08-22 16:16:29,2026-08-25 11:40:28,GB,Synthetic telemetry record analyzing vulnerability exposure activity linked to defensive indicator 203.0.113.234.,Lateral Movement,Exploitation of Remote Services,T1210,CVE-2026-3390,
THR-2026-0865,2026-07-24 08:25:22,Public Facing API Auth Bypass #65,VULNERABILITY EXPOSURE,FILE HASH,233691340789ce37924ad9948e8912a9c153683ff61b97144a105be4abf41ddb,Security Vendor,A – Highly Reliable,84,CRITICAL,92,FALSE_POSITIVE,2026-07-21 10:04:54,2026-07-24 08:25:22,SG,Synthetic telemetry record analyzing vulnerability exposure activity linked to defensive indicator 233691340789ce37924ad9948e8912a9c153683ff61b97144a105be4abf41ddb.,Initial Access,Exploit Public-Facing Application,T1190,CVE-2026-8845,
THR-2026-0866,2026-09-04 08:05:39,Memory Injection Testing Stub #66,MALWARE,URL,https://auth-gateway.example.com/auth/login-redirect?session_id=3210,Community Submission,C – Fairly Reliable,70,LOW,27,UNDER_REVIEW,2026-09-02 08:51:37,2026-09-04 08:05:39,US,Synthetic telemetry record analyzing malware activity linked to defensive indicator https://auth-gateway.example.com/auth/login-redirect?session_id=3210.,Command and Control,Application Layer Protocol,T1071,,
THR-2026-0867,2026-07-16 18:56:12,OAuth High-Privilege Consent Grant #67,ACCOUNT SECURITY,EMAIL/SENDER DOMAIN,security-admin@example.org,Public Threat Feed,B – Usually Reliable,31,LOW,37,UNDER_REVIEW,2026-07-15 19:53:38,2026-07-16 18:56:12,SG,Synthetic telemetry record analyzing account security activity linked to defensive indicator security-admin@example.org.,Persistence,Account Manipulation: Additional Credentials,T1098.001,CVE-2026-4401,
THR-2026-0868,2026-08-12 18:10:15,Spear-Phishing Credential Harvester #68,PHISHING,URL,https://session-manager.invalid/secure/portal/auth?session_id=2314,Public Threat Feed,B – Usually Reliable,93,CRITICAL,81,UNDER_REVIEW,2026-08-12 02:29:34,2026-08-12 18:10:15,CH,Synthetic telemetry record analyzing phishing activity linked to defensive indicator https://session-manager.invalid/secure/portal/auth?session_id=2314.,Initial Access,Phishing: Spearphishing Attachment,T1566.001,,
THR-2026-0869,2026-08-29 08:12:19,Server-Side Request Forgery Pattern #69,WEB THREATS,CVE ID,CVE-2026-6623,Public Threat Feed,B – Usually Reliable,83,CRITICAL,94,MONITORING,2026-08-26 18:41:43,2026-08-29 08:12:19,JP,Synthetic telemetry record analyzing web threats activity linked to defensive indicator CVE-2026-6623.,Initial Access,Exploit Public-Facing Application,T1190,CVE-2026-6623,
THR-2026-0870,2026-09-23 16:38:44,SQLi Pattern on Public Gateway #70,WEB THREATS,IP ADDRESS,198.51.100.236,Unknown Source,D – Reliability Unknown,37,LOW,37,NEW,2026-09-20 08:41:56,2026-09-23 16:38:44,SG,Synthetic telemetry record analyzing web threats activity linked to defensive indicator 198.51.100.236.,,,,,
THR-2026-0871,2026-09-30 10:47:21,Encrypted Payload Delivery Simulation #71,MALWARE,DOMAIN,sub40.auth-gateway.example.com,Internal SOC,A – Highly Reliable,62,HIGH,80,MONITORING,2026-09-30 09:10:32,2026-09-30 10:47:21,Global,Synthetic telemetry record analyzing malware activity linked to defensive indicator sub40.auth-gateway.example.com.,Command and Control,Application Layer Protocol,T1071,,
THR-2026-0872,2026-09-18 20:18:31,Encrypted Payload Delivery Simulation #72,MALWARE,EMAIL/SENDER DOMAIN,billing-verify@example.com,Unknown Source,D – Reliability Unknown,72,CRITICAL,86,NEW,2026-09-14 06:08:54,2026-09-18 20:18:31,BR,Synthetic telemetry record analyzing malware activity linked to defensive indicator billing-verify@example.com.,Execution,User Execution: Malicious File,T1204.002,CVE-2026-4401,CAMP-DEFENSE-023
THR-2026-0873,2026-08-07 21:15:51,Sensitive API Endpoint Exposure #73,DATA EXPOSURE,DOMAIN,sub35.session-manager.invalid,Research Report,B – Usually Reliable,33,LOW,39,UNDER_REVIEW,2026-08-06 22:56:11,2026-08-07 21:15:51,CH,Synthetic telemetry record analyzing data exposure activity linked to defensive indicator sub35.session-manager.invalid.,Collection,Data from Cloud Storage,T1530,CVE-2026-3390,
THR-2026-0874,2026-09-14 12:01:30,Encrypted Payload Delivery Simulation #74,MALWARE,CVE ID,CVE-2026-5512,Security Vendor,A – Highly Reliable,82,CRITICAL,86,UNDER_REVIEW,2026-09-12 21:27:23,2026-09-14 12:01:30,NL,Synthetic telemetry record analyzing malware activity linked to defensive indicator CVE-2026-5512.,Command and Control,Application Layer Protocol,T1071,CVE-2026-5512,
THR-2026-0875,2026-08-03 10:42:45,Legacy WebDAV Exploit Sweep #75,VULNERABILITY EXPOSURE,URL,https://cdn-cache.example.com/invoice/preview-doc.pdf?session_id=9692,Internal SOC,A – Highly Reliable,34,LOW,26,NEW,2026-07-29 14:32:09,2026-08-03 10:42:45,DE,Synthetic telemetry record analyzing vulnerability exposure activity linked to defensive indicator https://cdn-cache.example.com/invoice/preview-doc.pdf?session_id=9692.,,,,CVE-2026-8845,CAMP-DEFENSE-024
THR-2026-0876,2026-09-02 16:37:27,QR Code Phishing (Quishing) Test #76,SOCIAL ENGINEERING,IP ADDRESS,203.0.113.173,Internal SOC,A – Highly Reliable,88,CRITICAL,83,UNDER_REVIEW,2026-08-29 20:03:28,2026-09-02 16:37:27,JP,Synthetic telemetry record analyzing social engineering activity linked to defensive indicator 203.0.113.173.,Execution,User Execution: Malicious Link,T1204.001,,
THR-2026-0877,2026-09-15 23:36:53,Fake IT Helpdesk Remote Access Lure #77,SOCIAL ENGINEERING,URL,https://security-alert.example.net/invoice/preview-doc.pdf?session_id=4737,Community Submission,C – Fairly Reliable,65,MEDIUM,55,UNDER_REVIEW,2026-09-12 12:42:40,2026-09-15 23:36:53,CH,Synthetic telemetry record analyzing social engineering activity linked to defensive indicator https://security-alert.example.net/invoice/preview-doc.pdf?session_id=4737.,Execution,User Execution: Malicious Link,T1204.001,,
THR-2026-0878,2026-07-22 10:50:19,Edge Gateway Remote Buffer Trigger #78,VULNERABILITY EXPOSURE,FILE HASH,e7f229da7086050b39da2c805d0f6f2f46d2b5b717da4c6edaeca79def9467c9,Security Vendor,A – Highly Reliable,72,HIGH,65,NEW,2026-07-20 13:03:50,2026-07-22 10:50:19,AU,Synthetic telemetry record analyzing vulnerability exposure activity linked to defensive indicator e7f229da7086050b39da2c805d0f6f2f46d2b5b717da4c6edaeca79def9467c9.,Privilege Escalation,Exploitation for Privilege Escalation,T1068,CVE-2026-3390,CAMP-DEFENSE-006
THR-2026-0879,2026-08-17 14:34:37,Fake IT Helpdesk Remote Access Lure #79,SOCIAL ENGINEERING,DOMAIN,service.telemetry-sync.example.net,Internal SOC,A – Highly Reliable,68,HIGH,78,UNDER_REVIEW,2026-08-16 19:34:44,2026-08-17 14:34:37,CA,Synthetic telemetry record analyzing social engineering activity linked to defensive indicator service.telemetry-sync.example.net.,Execution,User Execution: Malicious Link,T1204.001,,
THR-2026-0880,2026-08-19 11:04:17,Corporate SSO Impersonation Portal #80,PHISHING,URL,https://auth-gateway.example.com/download/security-patch.bin?session_id=6296,Unknown Source,D – Reliability Unknown,43,LOW,36,UNDER_REVIEW,2026-08-18 00:21:10,2026-08-19 11:04:17,BR,Synthetic telemetry record analyzing phishing activity linked to defensive indicator https://auth-gateway.example.com/download/security-patch.bin?session_id=6296.,Initial Access,Phishing: Spearphishing Link,T1566.002,,
THR-2026-0881,2026-09-19 16:20:45,Dormant Administrator Account Activation #81,ACCOUNT SECURITY,FILE HASH,97cf9215a173faf4298849e044990f0b7a86e9a84c5dfbd9f878e4e4ac51d7ca,Community Submission,C – Fairly Reliable,71,HIGH,65,NEW,2026-09-18 06:31:05,2026-09-19 16:20:45,CH,Synthetic telemetry record analyzing account security activity linked to defensive indicator 97cf9215a173faf4298849e044990f0b7a86e9a84c5dfbd9f878e4e4ac51d7ca.,Defense Evasion,Valid Accounts: Cloud Accounts,T1078.004,CVE-2026-8845,
THR-2026-0882,2026-08-31 16:22:55,Kerberoasting Probe Telemetry #82,CREDENTIAL THREATS,URL,https://client-token.example.org/secure/portal/auth?session_id=5596,Community Submission,C – Fairly Reliable,65,MEDIUM,45,MONITORING,2026-08-27 17:07:25,2026-08-31 16:22:55,CA,Synthetic telemetry record analyzing credential threats activity linked to defensive indicator https://client-token.example.org/secure/portal/auth?session_id=5596.,Credential Access,Credentials in Files,T1552.001,,CAMP-DEFENSE-019
THR-2026-0883,2026-08-16 09:09:06,Dormant Administrator Account Activation #83,ACCOUNT SECURITY,FILE HASH,300955658aa32a3a65ed6cd40caf5adf577bbf8899d5d4bb927600613465d058,Public Threat Feed,B – Usually Reliable,70,HIGH,80,CLOSED,2026-08-15 21:40:54,2026-08-16 09:09:06,DE,Synthetic telemetry record analyzing account security activity linked to defensive indicator 300955658aa32a3a65ed6cd40caf5adf577bbf8899d5d4bb927600613465d058.,,,,,
THR-2026-0884,2026-07-29 07:35:17,Fake IT Helpdesk Remote Access Lure #84,SOCIAL ENGINEERING,FILE HASH,235127d494dc72a74a1ba375a3eee30d8714b1598c1dce317cf04d57fd096aaf,Public Threat Feed,B – Usually Reliable,67,HIGH,76,UNDER_REVIEW,2026-07-27 11:56:03,2026-07-29 07:35:17,Global,Synthetic telemetry record analyzing social engineering activity linked to defensive indicator 235127d494dc72a74a1ba375a3eee30d8714b1598c1dce317cf04d57fd096aaf.,Initial Access,Replication Through Removable Media,T1091,,
THR-2026-0885,2026-07-19 05:26:35,SQLi Pattern on Public Gateway #85,WEB THREATS,URL,https://invoice-verify.invalid/api/v1/health-check?session_id=9786,Security Vendor,A – Highly Reliable,79,CRITICAL,84,UNDER_REVIEW,2026-07-15 23:56:32,2026-07-19 05:26:35,Global,Synthetic telemetry record analyzing web threats activity linked to defensive indicator https://invoice-verify.invalid/api/v1/health-check?session_id=9786.,Command and Control,Web Service: Dead Drop Resolver,T1102.001,,
THR-2026-0886,2026-09-04 12:15:11,Unauthenticated Deserialization Scan #86,VULNERABILITY EXPOSURE,FILE HASH,e5ae1253669a97926dfcf48ac46973de77e67fe84b276371b2794870ce1b382e,Internal SOC,A – Highly Reliable,71,LOW,21,MONITORING,2026-09-03 11:44:40,2026-09-04 12:15:11,CA,Synthetic telemetry record analyzing vulnerability exposure activity linked to defensive indicator e5ae1253669a97926dfcf48ac46973de77e67fe84b276371b2794870ce1b382e.,Privilege Escalation,Exploitation for Privilege Escalation,T1068,CVE-2026-2189,
THR-2026-0887,2026-09-21 15:07:46,Public Facing API Auth Bypass #87,VULNERABILITY EXPOSURE,EMAIL/SENDER DOMAIN,hr-notices@corporate-demo.invalid,Public Threat Feed,B – Usually Reliable,59,LOW,40,NEW,2026-09-20 06:18:12,2026-09-21 15:07:46,FR,Synthetic telemetry record analyzing vulnerability exposure activity linked to defensive indicator hr-notices@corporate-demo.invalid.,Lateral Movement,Exploitation of Remote Services,T1210,CVE-2026-3390,CAMP-DEFENSE-001
THR-2026-0888,2026-09-29 00:39:22,Executive Pretexting Call Campaign #88,SOCIAL ENGINEERING,URL,https://update-service.example.org/api/v1/health-check?session_id=7144,Community Submission,C – Fairly Reliable,50,LOW,26,MONITORING,2026-09-26 20:32:41,2026-09-29 00:39:22,CH,Synthetic telemetry record analyzing social engineering activity linked to defensive indicator https://update-service.example.org/api/v1/health-check?session_id=7144.,Initial Access,Replication Through Removable Media,T1091,,CAMP-DEFENSE-025
THR-2026-0889,2026-09-18 17:43:37,VSS Shadow Copy Invalidation Stub #89,RANSOMWARE,FILE HASH,88adc0b260adf8b8b25a2e4d4d59ea9707bf41dc4945d20749965ad54d21c693,Internal SOC,A – Highly Reliable,35,LOW,28,MONITORING,2026-09-18 05:27:24,2026-09-18 17:43:37,AU,Synthetic telemetry record analyzing ransomware activity linked to defensive indicator 88adc0b260adf8b8b25a2e4d4d59ea9707bf41dc4945d20749965ad54d21c693.,Infiltration,Lateral Movement: SMB/Windows Admin Shares,T1021.002,,
THR-2026-0890,2026-07-22 07:40:52,Misconfigured Cloud Bucket Scraping #90,DATA EXPOSURE,IP ADDRESS,203.0.113.107,Unknown Source,D – Reliability Unknown,58,MEDIUM,43,NEW,2026-07-18 20:19:51,2026-07-22 07:40:52,BR,Synthetic telemetry record analyzing data exposure activity linked to defensive indicator 203.0.113.107.,Exfiltration,Exfiltration Over Web Service,T1567,,
THR-2026-0891,2026-09-11 01:01:05,Exfiltration via Public Cloud Storage #91,DATA EXPOSURE,IP ADDRESS,192.0.2.165,Unknown Source,D – Reliability Unknown,39,LOW,28,MONITORING,2026-09-10 19:55:51,2026-09-11 01:01:05,US,Synthetic telemetry record analyzing data exposure activity linked to defensive indicator 192.0.2.165.,Exfiltration,Exfiltration Over Web Service,T1567,,CAMP-DEFENSE-025
THR-2026-0892,2026-09-25 04:57:58,Sensitive API Endpoint Exposure #92,DATA EXPOSURE,URL,https://invoice-verify.invalid/verify-account/prompt?session_id=7798,Community Submission,C – Fairly Reliable,57,INFORMATIONAL,12,UNDER_REVIEW,2026-09-24 04:57:04,2026-09-25 04:57:58,AU,Synthetic telemetry record analyzing data exposure activity linked to defensive indicator https://invoice-verify.invalid/verify-account/prompt?session_id=7798.,Exfiltration,Exfiltration Over Alternative Protocol,T1048,,
THR-2026-0893,2026-09-06 00:24:51,Synthetic Token Theft Activity #93,CREDENTIAL THREATS,DOMAIN,sub90.session-manager.invalid,Community Submission,C – Fairly Reliable,57,MEDIUM,46,UNDER_REVIEW,2026-09-03 05:39:46,2026-09-06 00:24:51,CA,Synthetic telemetry record analyzing credential threats activity linked to defensive indicator sub90.session-manager.invalid.,Credential Access,OS Credential Dumping,T1003,,CAMP-DEFENSE-009
THR-2026-0894,2026-08-01 22:01:27,Corporate SSO Impersonation Portal #94,PHISHING,FILE HASH,fc29de2c39530d5c848083af307b1fa7863d41b77765976f0c075da7b24b61ad,Unknown Source,D – Reliability Unknown,32,LOW,24,NEW,2026-07-29 01:37:20,2026-08-01 22:01:27,CH,Synthetic telemetry record analyzing phishing activity linked to defensive indicator fc29de2c39530d5c848083af307b1fa7863d41b77765976f0c075da7b24b61ad.,Initial Access,Phishing: Spearphishing Link,T1566.002,,
THR-2026-0895,2026-09-26 10:17:47,Compromised Service Account Pattern #95,CREDENTIAL THREATS,EMAIL/SENDER DOMAIN,support-desk@example.net,Research Report,B – Usually Reliable,58,MEDIUM,49,NEW,2026-09-23 07:09:44,2026-09-26 10:17:47,CH,Synthetic telemetry record analyzing credential threats activity linked to defensive indicator support-desk@example.net.,Credential Access,OS Credential Dumping,T1003,CVE-2026-3390,
THR-2026-0896,2026-07-25 13:04:28,DNS Tunneling Exfiltration Signature #96,NETWORK THREATS,FILE HASH,05e6aaa6825f063df238815ecc75e10fcb626b89f02bcc3b1b7f714dd22492db,Community Submission,C – Fairly Reliable,63,MEDIUM,60,NEW,2026-07-20 22:34:34,2026-07-25 13:04:28,US,Synthetic telemetry record analyzing network threats activity linked to defensive indicator 05e6aaa6825f063df238815ecc75e10fcb626b89f02bcc3b1b7f714dd22492db.,Discovery,Network Sniffing,T1040,,CAMP-DEFENSE-020
THR-2026-0897,2026-07-09 16:41:16,Dormant Administrator Account Activation #97,ACCOUNT SECURITY,IP ADDRESS,192.0.2.243,Public Threat Feed,B – Usually Reliable,55,MEDIUM,59,FALSE_POSITIVE,2026-07-08 04:16:27,2026-07-09 16:41:16,DE,Synthetic telemetry record analyzing account security activity linked to defensive indicator 192.0.2.243.,,,,,
THR-2026-0898,2026-07-24 01:17:26,Cross-Site Scripting Injection Probe #98,WEB THREATS,FILE HASH,725d723ff8a1684cd03f837645f512bae03da8c24937163c6045a08f8039d55e,Public Threat Feed,B – Usually Reliable,59,LOW,29,FALSE_POSITIVE,2026-07-19 13:28:05,2026-07-24 01:17:26,CA,Synthetic telemetry record analyzing web threats activity linked to defensive indicator 725d723ff8a1684cd03f837645f512bae03da8c24937163c6045a08f8039d55e.,Initial Access,Exploit Public-Facing Application,T1190,,
THR-2026-0899,2026-09-10 04:59:21,ShadowLocker Ransomware Activity #99,RANSOMWARE,IP ADDRESS,192.0.2.23,Unknown Source,D – Reliability Unknown,62,MEDIUM,58,NEW,2026-09-05 20:36:51,2026-09-10 04:59:21,AU,Synthetic telemetry record analyzing ransomware activity linked to defensive indicator 192.0.2.23.,Impact,Inhibit System Recovery,T1490,,CAMP-DEFENSE-023
THR-2026-0900,2026-07-18 15:49:06,Unauthenticated Deserialization Scan #00,VULNERABILITY EXPOSURE,IP ADDRESS,192.0.2.128,Research Report,B – Usually Reliable,91,CRITICAL,82,MONITORING,2026-07-16 14:19:39,2026-07-18 15:49:06,Global,Synthetic telemetry record analyzing vulnerability exposure activity linked to defensive indicator 192.0.2.128.,,,,CVE-2026-5512,
THR-2026-0901,2026-09-10 04:57:20,Cross-Site Scripting Injection Probe #01,WEB THREATS,IP ADDRESS,203.0.113.70,Security Vendor,A – Highly Reliable,56,INFORMATIONAL,6,MONITORING,2026-09-07 23:11:48,2026-09-10 04:57:20,JP,Synthetic telemetry record analyzing web threats activity linked to defensive indicator 203.0.113.70.,Collection,Automated Collection: Web Scraping,T1119,,
THR-2026-0902,2026-07-19 12:49:37,Anomalous SSH Bastion Brute Force #02,NETWORK THREATS,IP ADDRESS,203.0.113.95,Research Report,B – Usually Reliable,80,MEDIUM,52,MONITORING,2026-07-16 19:28:34,2026-07-19 12:49:37,CA,Synthetic telemetry record analyzing network threats activity linked to defensive indicator 203.0.113.95.,Command and Control,Protocol Tunneling,T1572,,CAMP-DEFENSE-006
THR-2026-0903,2026-08-29 22:09:16,Port 445 Scanning in Perimeter #03,NETWORK THREATS,URL,https://update-service.example.org/secure/portal/auth?session_id=9884,Research Report,B – Usually Reliable,66,MEDIUM,45,CLOSED,2026-08-27 18:20:56,2026-08-29 22:09:16,US,Synthetic telemetry record analyzing network threats activity linked to defensive indicator https://update-service.example.org/secure/portal/auth?session_id=9884.,Discovery,Network Sniffing,T1040,,
THR-2026-0904,2026-08-05 10:29:31,DNS Tunneling Exfiltration Signature #04,NETWORK THREATS,EMAIL/SENDER DOMAIN,hr-notices@example.net,Community Submission,C – Fairly Reliable,64,HIGH,79,CLOSED,2026-08-01 17:07:00,2026-08-05 10:29:31,FR,Synthetic telemetry record analyzing network threats activity linked to defensive indicator hr-notices@example.net.,Discovery,Network Service Scanning,T1046,,
THR-2026-0905,2026-09-30 22:52:56,Exfiltration via Public Cloud Storage #05,DATA EXPOSURE,IP ADDRESS,203.0.113.27,Community Submission,C – Fairly Reliable,59,MEDIUM,46,UNDER_REVIEW,2026-09-26 06:44:29,2026-09-30 22:52:56,FR,Synthetic telemetry record analyzing data exposure activity linked to defensive indicator 203.0.113.27.,Exfiltration,Exfiltration Over Alternative Protocol,T1048,,CAMP-DEFENSE-012
THR-2026-0906,2026-09-11 00:22:55,Edge Gateway Remote Buffer Trigger #06,VULNERABILITY EXPOSURE,DOMAIN,sub62.session-manager.invalid,Internal SOC,A – Highly Reliable,75,LOW,27,UNDER_REVIEW,2026-09-07 19:06:49,2026-09-11 00:22:55,CH,Synthetic telemetry record analyzing vulnerability exposure activity linked to defensive indicator sub62.session-manager.invalid.,,,,CVE-2026-9956,
THR-2026-0907,2026-08-04 22:30:53,Path Traversal Web Probe #07,WEB THREATS,DOMAIN,sub48.telemetry-sync.example.net,Community Submission,C – Fairly Reliable,31,LOW,21,NEW,2026-07-31 04:19:43,2026-08-04 22:30:53,CA,Synthetic telemetry record analyzing web threats activity linked to defensive indicator sub48.telemetry-sync.example.net.,Initial Access,Exploit Public-Facing Application,T1190,,
THR-2026-0908,2026-08-26 02:05:07,Generic Modular Loader Simulation #08,MALWARE,FILE HASH,21fee093a46d22844a5287f7be72ba61c669e2b8c7c6be940be2f6f351646609,Unknown Source,D – Reliability Unknown,53,LOW,33,MONITORING,2026-08-22 14:20:50,2026-08-26 02:05:07,BR,Synthetic telemetry record analyzing malware activity linked to defensive indicator 21fee093a46d22844a5287f7be72ba61c669e2b8c7c6be940be2f6f351646609.,Defense Evasion,Obfuscated Files or Information,T1027,,
THR-2026-0909,2026-09-28 12:37:38,QR Code Phishing (Quishing) Test #09,SOCIAL ENGINEERING,IP ADDRESS,198.51.100.82,Public Threat Feed,B – Usually Reliable,84,HIGH,73,CLOSED,2026-09-25 00:33:05,2026-09-28 12:37:38,US,Synthetic telemetry record analyzing social engineering activity linked to defensive indicator 198.51.100.82.,Initial Access,Replication Through Removable Media,T1091,,
THR-2026-0910,2026-08-19 15:00:59,Public Facing API Auth Bypass #10,VULNERABILITY EXPOSURE,IP ADDRESS,198.51.100.195,Internal SOC,A – Highly Reliable,49,INFORMATIONAL,8,UNDER_REVIEW,2026-08-16 21:46:06,2026-08-19 15:00:59,JP,Synthetic telemetry record analyzing vulnerability exposure activity linked to defensive indicator 198.51.100.195.,Privilege Escalation,Exploitation for Privilege Escalation,T1068,CVE-2026-4401,
THR-2026-0911,2026-08-07 03:26:37,Exfiltration via Public Cloud Storage #11,DATA EXPOSURE,CVE ID,CVE-2026-2189,Security Vendor,A – Highly Reliable,46,MEDIUM,59,UNDER_REVIEW,2026-08-06 16:02:57,2026-08-07 03:26:37,Global,Synthetic telemetry record analyzing data exposure activity linked to defensive indicator CVE-2026-2189.,Exfiltration,Exfiltration Over Alternative Protocol,T1048,CVE-2026-2189,
THR-2026-0912,2026-08-09 15:58:39,Sensitive API Endpoint Exposure #12,DATA EXPOSURE,CVE ID,CVE-2026-5512,Public Threat Feed,B – Usually Reliable,63,MEDIUM,55,UNDER_REVIEW,2026-08-06 04:11:30,2026-08-09 15:58:39,DE,Synthetic telemetry record analyzing data exposure activity linked to defensive indicator CVE-2026-5512.,Exfiltration,Exfiltration Over Web Service,T1567,CVE-2026-5512,
THR-2026-0913,2026-08-27 11:57:12,Compromised Service Account Pattern #13,CREDENTIAL THREATS,FILE HASH,1fbe54516fdd94e68fa6066d61ab3eb2c7887e03f1cf9480099ac4353a3c1042,Internal SOC,A – Highly Reliable,69,MEDIUM,46,MONITORING,2026-08-23 18:36:35,2026-08-27 11:57:12,NL,Synthetic telemetry record analyzing credential threats activity linked to defensive indicator 1fbe54516fdd94e68fa6066d61ab3eb2c7887e03f1cf9480099ac4353a3c1042.,,,,,CAMP-DEFENSE-022
THR-2026-0914,2026-09-16 12:49:07,Watering Hole Redirector Demo #14,SOCIAL ENGINEERING,CVE ID,CVE-2026-7734,Internal SOC,A – Highly Reliable,84,CRITICAL,81,CLOSED,2026-09-15 20:58:43,2026-09-16 12:49:07,BR,Synthetic telemetry record analyzing social engineering activity linked to defensive indicator CVE-2026-7734.,Initial Access,Trusted Relationship,T1199,CVE-2026-7734,CAMP-DEFENSE-017
THR-2026-0915,2026-09-06 05:50:26,Sensitive API Endpoint Exposure #15,DATA EXPOSURE,IP ADDRESS,198.51.100.122,Internal SOC,A – Highly Reliable,50,MEDIUM,43,CLOSED,2026-09-03 10:58:00,2026-09-06 05:50:26,DE,Synthetic telemetry record analyzing data exposure activity linked to defensive indicator 198.51.100.122.,Collection,Data from Cloud Storage,T1530,,
THR-2026-0916,2026-09-13 15:35:41,Fake Invoice Redirector #16,PHISHING,DOMAIN,service.update-service.example.org,Unknown Source,D – Reliability Unknown,61,MEDIUM,58,MONITORING,2026-09-10 08:24:40,2026-09-13 15:35:41,NL,Synthetic telemetry record analyzing phishing activity linked to defensive indicator service.update-service.example.org.,Initial Access,Phishing: Spearphishing Voice,T1566.004,,
THR-2026-0917,2026-09-25 22:09:25,Extortion Double-Dip Campaign #17,RANSOMWARE,URL,https://update-service.example.org/update/agent-installer?session_id=1183,Public Threat Feed,B – Usually Reliable,67,LOW,29,CLOSED,2026-09-21 23:35:11,2026-09-25 22:09:25,NL,Synthetic telemetry record analyzing ransomware activity linked to defensive indicator https://update-service.example.org/update/agent-installer?session_id=1183.,Infiltration,Lateral Movement: SMB/Windows Admin Shares,T1021.002,,CAMP-DEFENSE-008
THR-2026-0918,2026-09-15 19:35:27,Executive Pretexting Call Campaign #18,SOCIAL ENGINEERING,FILE HASH,46e019aedb4ae05eee0f6e6a2fd607ba192bcbf34df2484e0748a3e57224ccad,Internal SOC,A – Highly Reliable,54,MEDIUM,43,UNDER_REVIEW,2026-09-13 01:13:37,2026-09-15 19:35:27,IN,Synthetic telemetry record analyzing social engineering activity linked to defensive indicator 46e019aedb4ae05eee0f6e6a2fd607ba192bcbf34df2484e0748a3e57224ccad.,Initial Access,Trusted Relationship,T1199,,
THR-2026-0919,2026-07-09 00:36:56,Extortion Double-Dip Campaign #19,RANSOMWARE,DOMAIN,sub62.client-token.example.org,Public Threat Feed,B – Usually Reliable,47,MEDIUM,54,MONITORING,2026-07-04 21:15:31,2026-07-09 00:36:56,CH,Synthetic telemetry record analyzing ransomware activity linked to defensive indicator sub62.client-token.example.org.,Infiltration,Lateral Movement: SMB/Windows Admin Shares,T1021.002,CVE-2026-6623,
THR-2026-0920,2026-07-13 10:02:44,ShadowLocker Ransomware Activity #20,RANSOMWARE,FILE HASH,3ebe9cb622931c98277e3e3ad16a40259b96ab8d42ef44d24a64be4649e3d202,Community Submission,C – Fairly Reliable,67,HIGH,66,NEW,2026-07-10 04:31:14,2026-07-13 10:02:44,FR,Synthetic telemetry record analyzing ransomware activity linked to defensive indicator 3ebe9cb622931c98277e3e3ad16a40259b96ab8d42ef44d24a64be4649e3d202.,Infiltration,Lateral Movement: SMB/Windows Admin Shares,T1021.002,,CAMP-DEFENSE-020
THR-2026-0921,2026-09-27 17:24:25,Memory Injection Testing Stub #21,MALWARE,CVE ID,CVE-2026-6623,Unknown Source,D – Reliability Unknown,49,LOW,31,CLOSED,2026-09-26 08:07:13,2026-09-27 17:24:25,FR,Synthetic telemetry record analyzing malware activity linked to defensive indicator CVE-2026-6623.,Command and Control,Application Layer Protocol,T1071,CVE-2026-6623,
THR-2026-0922,2026-08-09 07:33:46,Executive Pretexting Call Campaign #22,SOCIAL ENGINEERING,FILE HASH,896d9fcd05c457661d123af3024006912c60a5b907de98a5f9439a7296f8626d,Unknown Source,D – Reliability Unknown,81,MEDIUM,60,FALSE_POSITIVE,2026-08-06 12:20:25,2026-08-09 07:33:46,JP,Synthetic telemetry record analyzing social engineering activity linked to defensive indicator 896d9fcd05c457661d123af3024006912c60a5b907de98a5f9439a7296f8626d.,,,,,
THR-2026-0923,2026-07-11 18:11:14,SQLi Pattern on Public Gateway #23,WEB THREATS,URL,https://corp-portal-test.invalid/invoice/preview-doc.pdf?session_id=6129,Public Threat Feed,B – Usually Reliable,42,LOW,30,UNDER_REVIEW,2026-07-08 22:15:55,2026-07-11 18:11:14,Global,Synthetic telemetry record analyzing web threats activity linked to defensive indicator https://corp-portal-test.invalid/invoice/preview-doc.pdf?session_id=6129.,Command and Control,Web Service: Dead Drop Resolver,T1102.001,,CAMP-DEFENSE-020
THR-2026-0924,2026-07-31 13:06:20,MFA Fatigue Authentication Surge #24,ACCOUNT SECURITY,DOMAIN,sub98.corp-portal-test.invalid,Security Vendor,A – Highly Reliable,58,MEDIUM,51,CLOSED,2026-07-29 17:43:38,2026-07-31 13:06:20,NL,Synthetic telemetry record analyzing account security activity linked to defensive indicator sub98.corp-portal-test.invalid.,Persistence,Create Account: Local Account,T1136.001,,CAMP-DEFENSE-024
THR-2026-0925,2026-07-13 13:13:09,Impossible Travel Anomaly #25,ACCOUNT SECURITY,CVE ID,CVE-2026-8845,Security Vendor,A – Highly Reliable,75,MEDIUM,53,NEW,2026-07-09 12:04:11,2026-07-13 13:13:09,JP,Synthetic telemetry record analyzing account security activity linked to defensive indicator CVE-2026-8845.,Persistence,Create Account: Local Account,T1136.001,CVE-2026-8845,
THR-2026-0926,2026-10-01 00:33:03,Encrypted Payload Delivery Simulation #26,MALWARE,FILE HASH,d97bad99cd7ccb17b260a7107272d33e5307b080af307ba2ccd4319c3156b248,Research Report,B – Usually Reliable,84,CRITICAL,96,UNDER_REVIEW,2026-09-30 01:52:46,2026-10-01 00:33:03,US,Synthetic telemetry record analyzing malware activity linked to defensive indicator d97bad99cd7ccb17b260a7107272d33e5307b080af307ba2ccd4319c3156b248.,Command and Control,Application Layer Protocol,T1071,,CAMP-DEFENSE-019
THR-2026-0927,2026-09-21 14:24:30,Public Facing API Auth Bypass #27,VULNERABILITY EXPOSURE,CVE ID,CVE-2026-1042,Community Submission,C – Fairly Reliable,41,LOW,25,UNDER_REVIEW,2026-09-19 09:56:51,2026-09-21 14:24:30,GB,Synthetic telemetry record analyzing vulnerability exposure activity linked to defensive indicator CVE-2026-1042.,,,,CVE-2026-1042,CAMP-DEFENSE-003
THR-2026-0928,2026-09-27 17:25:51,Encrypted Payload Delivery Simulation #28,MALWARE,CVE ID,CVE-2026-5512,Security Vendor,A – Highly Reliable,41,INFORMATIONAL,8,NEW,2026-09-24 10:11:43,2026-09-27 17:25:51,FR,Synthetic telemetry record analyzing malware activity linked to defensive indicator CVE-2026-5512.,Command and Control,Application Layer Protocol,T1071,CVE-2026-5512,CAMP-DEFENSE-008
THR-2026-0929,2026-09-02 20:14:58,Anomalous SSH Bastion Brute Force #29,NETWORK THREATS,DOMAIN,service.security-alert.example.net,Community Submission,C – Fairly Reliable,66,HIGH,73,MONITORING,2026-09-01 17:51:54,2026-09-02 20:14:58,Global,Synthetic telemetry record analyzing network threats activity linked to defensive indicator service.security-alert.example.net.,Discovery,Network Service Scanning,T1046,,CAMP-DEFENSE-024
THR-2026-0930,2026-09-11 10:49:39,QR Code Phishing (Quishing) Test #30,SOCIAL ENGINEERING,IP ADDRESS,192.0.2.64,Research Report,B – Usually Reliable,44,LOW,26,CLOSED,2026-09-09 03:41:12,2026-09-11 10:49:39,CA,Synthetic telemetry record analyzing social engineering activity linked to defensive indicator 192.0.2.64.,Initial Access,Replication Through Removable Media,T1091,,CAMP-DEFENSE-019
THR-2026-0931,2026-07-29 06:28:18,Synthetic Token Theft Activity #31,CREDENTIAL THREATS,DOMAIN,service.auth-gateway.example.com,Research Report,B – Usually Reliable,87,HIGH,73,UNDER_REVIEW,2026-07-27 01:22:06,2026-07-29 06:28:18,SG,Synthetic telemetry record analyzing credential threats activity linked to defensive indicator service.auth-gateway.example.com.,Credential Access,OS Credential Dumping,T1003,CVE-2026-5512,CAMP-DEFENSE-022
THR-2026-0932,2026-07-17 23:03:31,Corporate SSO Impersonation Portal #32,PHISHING,FILE HASH,8e6a3bdaa3c6bd04121453bc08bffb32a5732bd3de8e341a716e7baac24b91a7,Research Report,B – Usually Reliable,83,MEDIUM,43,NEW,2026-07-14 22:16:20,2026-07-17 23:03:31,SG,Synthetic telemetry record analyzing phishing activity linked to defensive indicator 8e6a3bdaa3c6bd04121453bc08bffb32a5732bd3de8e341a716e7baac24b91a7.,Initial Access,Phishing: Spearphishing Voice,T1566.004,,
THR-2026-0933,2026-08-08 08:06:00,Legacy WebDAV Exploit Sweep #33,VULNERABILITY EXPOSURE,URL,https://telemetry-sync.example.net/session/token-exchange?session_id=4782,Research Report,B – Usually Reliable,61,INFORMATIONAL,12,UNDER_REVIEW,2026-08-05 23:44:04,2026-08-08 08:06:00,US,Synthetic telemetry record analyzing vulnerability exposure activity linked to defensive indicator https://telemetry-sync.example.net/session/token-exchange?session_id=4782.,Privilege Escalation,Exploitation for Privilege Escalation,T1068,CVE-2026-1042,
THR-2026-0934,2026-09-23 06:34:44,Fake IT Helpdesk Remote Access Lure #34,SOCIAL ENGINEERING,FILE HASH,53d82975439088f0789576dd6e0e6897d27198d95837aaa2d899cab6bdb73aa0,Research Report,B – Usually Reliable,46,LOW,32,UNDER_REVIEW,2026-09-21 23:59:17,2026-09-23 06:34:44,US,Synthetic telemetry record analyzing social engineering activity linked to defensive indicator 53d82975439088f0789576dd6e0e6897d27198d95837aaa2d899cab6bdb73aa0.,Initial Access,Replication Through Removable Media,T1091,,
THR-2026-0935,2026-07-10 23:33:43,Legacy WebDAV Exploit Sweep #35,VULNERABILITY EXPOSURE,URL,https://login-check.invalid/invoice/preview-doc.pdf?session_id=2474,Unknown Source,D – Reliability Unknown,61,MEDIUM,42,UNDER_REVIEW,2026-07-10 12:28:37,2026-07-10 23:33:43,JP,Synthetic telemetry record analyzing vulnerability exposure activity linked to defensive indicator https://login-check.invalid/invoice/preview-doc.pdf?session_id=2474.,,,,CVE-2026-5512,
THR-2026-0936,2026-09-10 11:26:04,ShadowLocker Ransomware Activity #36,RANSOMWARE,DOMAIN,sub31.security-alert.example.net,Internal SOC,A – Highly Reliable,38,INFORMATIONAL,10,MONITORING,2026-09-10 00:21:43,2026-09-10 11:26:04,DE,Synthetic telemetry record analyzing ransomware activity linked to defensive indicator sub31.security-alert.example.net.,Infiltration,Lateral Movement: SMB/Windows Admin Shares,T1021.002,,CAMP-DEFENSE-007
THR-2026-0937,2026-07-24 21:58:04,Generic Modular Loader Simulation #37,MALWARE,URL,https://update-service.example.org/download/security-patch.bin?session_id=8578,Community Submission,C – Fairly Reliable,45,LOW,26,UNDER_REVIEW,2026-07-21 07:10:58,2026-07-24 21:58:04,FR,Synthetic telemetry record analyzing malware activity linked to defensive indicator https://update-service.example.org/download/security-patch.bin?session_id=8578.,Defense Evasion,Obfuscated Files or Information,T1027,,
THR-2026-0938,2026-09-26 23:17:31,Sensitive API Endpoint Exposure #38,DATA EXPOSURE,IP ADDRESS,198.51.100.35,Security Vendor,A – Highly Reliable,53,LOW,40,MONITORING,2026-09-26 04:34:58,2026-09-26 23:17:31,GB,Synthetic telemetry record analyzing data exposure activity linked to defensive indicator 198.51.100.35.,Exfiltration,Exfiltration Over Alternative Protocol,T1048,,
THR-2026-0939,2026-09-19 02:22:22,Dormant Administrator Account Activation #39,ACCOUNT SECURITY,IP ADDRESS,192.0.2.252,Research Report,B – Usually Reliable,70,MEDIUM,56,FALSE_POSITIVE,2026-09-17 15:54:31,2026-09-19 02:22:22,Global,Synthetic telemetry record analyzing account security activity linked to defensive indicator 192.0.2.252.,Persistence,Create Account: Local Account,T1136.001,,
THR-2026-0940,2026-07-09 02:12:32,OAuth High-Privilege Consent Grant #40,ACCOUNT SECURITY,EMAIL/SENDER DOMAIN,security-admin@example.net,Community Submission,C – Fairly Reliable,85,HIGH,65,NEW,2026-07-08 06:10:53,2026-07-09 02:12:32,AU,Synthetic telemetry record analyzing account security activity linked to defensive indicator security-admin@example.net.,,,,CVE-2026-6623,
THR-2026-0941,2026-09-13 10:52:43,Unauthenticated Deserialization Scan #41,VULNERABILITY EXPOSURE,URL,https://cdn-cache.example.com/verify-account/prompt?session_id=6153,Research Report,B – Usually Reliable,73,MEDIUM,45,UNDER_REVIEW,2026-09-13 08:57:13,2026-09-13 10:52:43,GB,Synthetic telemetry record analyzing vulnerability exposure activity linked to defensive indicator https://cdn-cache.example.com/verify-account/prompt?session_id=6153.,Lateral Movement,Exploitation of Remote Services,T1210,CVE-2026-3390,
THR-2026-0942,2026-08-20 09:24:19,Corporate SSO Impersonation Portal #42,PHISHING,DOMAIN,sub42.invoice-verify.invalid,Research Report,B – Usually Reliable,64,HIGH,75,CLOSED,2026-08-18 01:34:50,2026-08-20 09:24:19,SG,Synthetic telemetry record analyzing phishing activity linked to defensive indicator sub42.invoice-verify.invalid.,Initial Access,Phishing: Spearphishing Link,T1566.002,,CAMP-DEFENSE-021
THR-2026-0943,2026-08-08 12:50:42,Spear-Phishing Credential Harvester #43,PHISHING,URL,https://invoice-verify.invalid/update/agent-installer?session_id=8100,Internal SOC,A – Highly Reliable,47,MEDIUM,56,NEW,2026-08-06 18:16:19,2026-08-08 12:50:42,GB,Synthetic telemetry record analyzing phishing activity linked to defensive indicator https://invoice-verify.invalid/update/agent-installer?session_id=8100.,Initial Access,Phishing: Spearphishing Attachment,T1566.001,CVE-2026-6623,CAMP-DEFENSE-017
THR-2026-0944,2026-08-05 14:51:24,Misconfigured Cloud Bucket Scraping #44,DATA EXPOSURE,URL,https://login-check.invalid/verify-account/prompt?session_id=9347,Security Vendor,A – Highly Reliable,84,MEDIUM,51,CLOSED,2026-08-03 18:18:16,2026-08-05 14:51:24,CA,Synthetic telemetry record analyzing data exposure activity linked to defensive indicator https://login-check.invalid/verify-account/prompt?session_id=9347.,Collection,Data from Cloud Storage,T1530,,
THR-2026-0945,2026-08-02 09:56:52,QR Code Phishing (Quishing) Test #45,SOCIAL ENGINEERING,FILE HASH,1085b871348a3193f9e72135bef20abb7d9b68963edf5653c9ac5b4b056cef6e,Internal SOC,A – Highly Reliable,62,HIGH,77,MONITORING,2026-07-30 16:11:20,2026-08-02 09:56:52,CH,Synthetic telemetry record analyzing social engineering activity linked to defensive indicator 1085b871348a3193f9e72135bef20abb7d9b68963edf5653c9ac5b4b056cef6e.,Initial Access,Replication Through Removable Media,T1091,,
THR-2026-0946,2026-08-06 20:37:54,SQLi Pattern on Public Gateway #46,WEB THREATS,DOMAIN,service.telemetry-sync.example.net,Internal SOC,A – Highly Reliable,49,LOW,22,NEW,2026-08-05 11:32:26,2026-08-06 20:37:54,AU,Synthetic telemetry record analyzing web threats activity linked to defensive indicator service.telemetry-sync.example.net.,,,,,
THR-2026-0947,2026-07-04 05:21:40,Exfiltration via Public Cloud Storage #47,DATA EXPOSURE,EMAIL/SENDER DOMAIN,support-desk@example.org,Internal SOC,A – Highly Reliable,70,INFORMATIONAL,20,CLOSED,2026-07-03 09:45:15,2026-07-04 05:21:40,DE,Synthetic telemetry record analyzing data exposure activity linked to defensive indicator support-desk@example.org.,,,,,
THR-2026-0948,2026-08-06 20:47:45,InfoStealer Demo Artifact #48,MALWARE,CVE ID,CVE-2026-6623,Public Threat Feed,B – Usually Reliable,78,HIGH,69,UNDER_REVIEW,2026-08-01 23:15:39,2026-08-06 20:47:45,BR,Synthetic telemetry record analyzing malware activity linked to defensive indicator CVE-2026-6623.,Command and Control,Application Layer Protocol,T1071,CVE-2026-6623,
THR-2026-0949,2026-07-20 01:18:10,Dormant Administrator Account Activation #49,ACCOUNT SECURITY,EMAIL/SENDER DOMAIN,support-desk@example.org,Security Vendor,A – Highly Reliable,49,LOW,37,UNDER_REVIEW,2026-07-17 21:14:17,2026-07-20 01:18:10,DE,Synthetic telemetry record analyzing account security activity linked to defensive indicator support-desk@example.org.,Persistence,Create Account: Local Account,T1136.001,,CAMP-DEFENSE-019
THR-2026-0950,2026-08-20 13:43:25,VSS Shadow Copy Invalidation Stub #50,RANSOMWARE,EMAIL/SENDER DOMAIN,hr-notices@example.org,Security Vendor,A – Highly Reliable,46,INFORMATIONAL,16,NEW,2026-08-19 19:19:57,2026-08-20 13:43:25,BR,Synthetic telemetry record analyzing ransomware activity linked to defensive indicator hr-notices@example.org.,Infiltration,Lateral Movement: SMB/Windows Admin Shares,T1021.002,,CAMP-DEFENSE-008
THR-2026-0951,2026-09-17 11:13:49,InfoStealer Demo Artifact #51,MALWARE,URL,https://login-check.invalid/update/agent-installer?session_id=7650,Research Report,B – Usually Reliable,27,INFORMATIONAL,16,FALSE_POSITIVE,2026-09-15 02:26:58,2026-09-17 11:13:49,AU,Synthetic telemetry record analyzing malware activity linked to defensive indicator https://login-check.invalid/update/agent-installer?session_id=7650.,Defense Evasion,Obfuscated Files or Information,T1027,,
THR-2026-0952,2026-09-01 02:24:22,Edge Gateway Remote Buffer Trigger #52,VULNERABILITY EXPOSURE,DOMAIN,service.support-desk.invalid,Security Vendor,A – Highly Reliable,51,MEDIUM,43,UNDER_REVIEW,2026-08-29 02:38:54,2026-09-01 02:24:22,Global,Synthetic telemetry record analyzing vulnerability exposure activity linked to defensive indicator service.support-desk.invalid.,,,,CVE-2026-1042,CAMP-DEFENSE-014
THR-2026-0953,2026-09-28 09:04:46,ShadowLocker Ransomware Activity #53,RANSOMWARE,IP ADDRESS,192.0.2.121,Security Vendor,A – Highly Reliable,81,HIGH,72,NEW,2026-09-26 22:06:32,2026-09-28 09:04:46,US,Synthetic telemetry record analyzing ransomware activity linked to defensive indicator 192.0.2.121.,Impact,Data Encrypted for Impact,T1486,,CAMP-DEFENSE-004
THR-2026-0954,2026-07-12 16:06:42,Dormant Administrator Account Activation #54,ACCOUNT SECURITY,IP ADDRESS,192.0.2.203,Security Vendor,A – Highly Reliable,82,MEDIUM,49,UNDER_REVIEW,2026-07-08 13:12:31,2026-07-12 16:06:42,GB,Synthetic telemetry record analyzing account security activity linked to defensive indicator 192.0.2.203.,Persistence,Create Account: Local Account,T1136.001,CVE-2026-1188,CAMP-DEFENSE-003
THR-2026-0955,2026-07-31 08:56:40,Exfiltration via Public Cloud Storage #55,DATA EXPOSURE,IP ADDRESS,198.51.100.156,Security Vendor,A – Highly Reliable,82,HIGH,66,UNDER_REVIEW,2026-07-31 05:06:01,2026-07-31 08:56:40,AU,Synthetic telemetry record analyzing data exposure activity linked to defensive indicator 198.51.100.156.,Exfiltration,Exfiltration Over Alternative Protocol,T1048,,
THR-2026-0956,2026-08-20 20:19:39,Password Spraying against ADFS Demo #56,CREDENTIAL THREATS,URL,https://client-token.example.org/api/v1/health-check?session_id=4449,Security Vendor,A – Highly Reliable,57,INFORMATIONAL,6,NEW,2026-08-17 07:56:22,2026-08-20 20:19:39,JP,Synthetic telemetry record analyzing credential threats activity linked to defensive indicator https://client-token.example.org/api/v1/health-check?session_id=4449.,Credential Access,Brute Force: Password Spraying,T1110.003,,
THR-2026-0957,2026-09-09 19:23:07,Anomalous SSH Bastion Brute Force #57,NETWORK THREATS,CVE ID,CVE-2026-4401,Community Submission,C – Fairly Reliable,82,MEDIUM,58,MONITORING,2026-09-07 09:35:37,2026-09-09 19:23:07,GB,Synthetic telemetry record analyzing network threats activity linked to defensive indicator CVE-2026-4401.,Discovery,Network Sniffing,T1040,CVE-2026-4401,
THR-2026-0958,2026-07-17 16:47:47,Legacy WebDAV Exploit Sweep #58,VULNERABILITY EXPOSURE,DOMAIN,service.login-check.invalid,Internal SOC,A – Highly Reliable,74,MEDIUM,56,CLOSED,2026-07-13 16:21:40,2026-07-17 16:47:47,BR,Synthetic telemetry record analyzing vulnerability exposure activity linked to defensive indicator service.login-check.invalid.,Privilege Escalation,Exploitation for Privilege Escalation,T1068,CVE-2026-6623,
THR-2026-0959,2026-07-07 12:37:29,Anomalous SSH Bastion Brute Force #59,NETWORK THREATS,EMAIL/SENDER DOMAIN,hr-notices@example.com,Security Vendor,A – Highly Reliable,54,MEDIUM,51,UNDER_REVIEW,2026-07-05 10:43:43,2026-07-07 12:37:29,NL,Synthetic telemetry record analyzing network threats activity linked to defensive indicator hr-notices@example.com.,,,,,
THR-2026-0960,2026-08-05 12:59:37,Extortion Double-Dip Campaign #60,RANSOMWARE,FILE HASH,c3f1f1380e90b555f321d402d91156d4ecf32873fccc2d1f9e7898ed87ce6ae6,Internal SOC,A – Highly Reliable,70,HIGH,72,UNDER_REVIEW,2026-08-01 23:37:47,2026-08-05 12:59:37,GB,Synthetic telemetry record analyzing ransomware activity linked to defensive indicator c3f1f1380e90b555f321d402d91156d4ecf32873fccc2d1f9e7898ed87ce6ae6.,,,,,
THR-2026-0961,2026-08-14 14:11:48,Anomalous SSH Bastion Brute Force #61,NETWORK THREATS,CVE ID,CVE-2026-1042,Public Threat Feed,B – Usually Reliable,83,CRITICAL,87,MONITORING,2026-08-10 03:26:47,2026-08-14 14:11:48,FR,Synthetic telemetry record analyzing network threats activity linked to defensive indicator CVE-2026-1042.,Discovery,Network Sniffing,T1040,CVE-2026-1042,
THR-2026-0962,2026-08-25 16:43:52,Watering Hole Redirector Demo #62,SOCIAL ENGINEERING,IP ADDRESS,198.51.100.86,Internal SOC,A – Highly Reliable,86,HIGH,76,NEW,2026-08-22 13:29:09,2026-08-25 16:43:52,IN,Synthetic telemetry record analyzing social engineering activity linked to defensive indicator 198.51.100.86.,Execution,User Execution: Malicious Link,T1204.001,,
THR-2026-0963,2026-07-16 16:58:09,Password Spraying against ADFS Demo #63,CREDENTIAL THREATS,FILE HASH,9f264b17e2923c233ea8b45b4f5b5b1b3cc7c2dbd5b15f14764ea5fd85721197,Unknown Source,D – Reliability Unknown,61,MEDIUM,59,NEW,2026-07-12 14:57:39,2026-07-16 16:58:09,AU,Synthetic telemetry record analyzing credential threats activity linked to defensive indicator 9f264b17e2923c233ea8b45b4f5b5b1b3cc7c2dbd5b15f14764ea5fd85721197.,Credential Access,Brute Force: Password Spraying,T1110.003,,CAMP-DEFENSE-015
THR-2026-0964,2026-07-08 19:38:07,Corporate SSO Impersonation Portal #64,PHISHING,IP ADDRESS,198.51.100.138,Community Submission,C – Fairly Reliable,84,HIGH,70,UNDER_REVIEW,2026-07-08 17:40:26,2026-07-08 19:38:07,Global,Synthetic telemetry record analyzing phishing activity linked to defensive indicator 198.51.100.138.,Initial Access,Phishing: Spearphishing Link,T1566.002,,
THR-2026-0965,2026-09-01 18:38:23,Encrypted Payload Delivery Simulation #65,MALWARE,DOMAIN,sub59.security-alert.example.net,Unknown Source,D – Reliability Unknown,35,LOW,34,CLOSED,2026-08-30 01:13:56,2026-09-01 18:38:23,GB,Synthetic telemetry record analyzing malware activity linked to defensive indicator sub59.security-alert.example.net.,Execution,User Execution: Malicious File,T1204.002,,CAMP-DEFENSE-005
THR-2026-0966,2026-09-16 18:22:03,Cross-Site Scripting Injection Probe #66,WEB THREATS,CVE ID,CVE-2026-5512,Research Report,B – Usually Reliable,63,HIGH,72,MONITORING,2026-09-14 15:11:37,2026-09-16 18:22:03,DE,Synthetic telemetry record analyzing web threats activity linked to defensive indicator CVE-2026-5512.,Collection,Automated Collection: Web Scraping,T1119,CVE-2026-5512,
THR-2026-0967,2026-09-25 09:14:11,VSS Shadow Copy Invalidation Stub #67,RANSOMWARE,IP ADDRESS,192.0.2.245,Security Vendor,A – Highly Reliable,90,HIGH,69,CLOSED,2026-09-21 12:47:45,2026-09-25 09:14:11,FR,Synthetic telemetry record analyzing ransomware activity linked to defensive indicator 192.0.2.245.,Infiltration,Lateral Movement: SMB/Windows Admin Shares,T1021.002,,
THR-2026-0968,2026-07-22 16:48:41,Generic Modular Loader Simulation #68,MALWARE,FILE HASH,c3950a1f1e9840335e964dcc75cf5bb970e64786e1060355c12243fc976535a4,Public Threat Feed,B – Usually Reliable,44,INFORMATIONAL,10,CLOSED,2026-07-20 22:03:38,2026-07-22 16:48:41,DE,Synthetic telemetry record analyzing malware activity linked to defensive indicator c3950a1f1e9840335e964dcc75cf5bb970e64786e1060355c12243fc976535a4.,Command and Control,Application Layer Protocol,T1071,,
THR-2026-0969,2026-08-14 05:41:44,VSS Shadow Copy Invalidation Stub #69,RANSOMWARE,DOMAIN,service.security-alert.example.net,Unknown Source,D – Reliability Unknown,70,CRITICAL,92,CLOSED,2026-08-11 20:15:09,2026-08-14 05:41:44,NL,Synthetic telemetry record analyzing ransomware activity linked to defensive indicator service.security-alert.example.net.,Infiltration,Lateral Movement: SMB/Windows Admin Shares,T1021.002,,
THR-2026-0970,2026-07-30 14:59:15,ShadowLocker Ransomware Activity #70,RANSOMWARE,DOMAIN,sub71.support-desk.invalid,Unknown Source,D – Reliability Unknown,77,HIGH,76,CLOSED,2026-07-25 17:51:03,2026-07-30 14:59:15,CA,Synthetic telemetry record analyzing ransomware activity linked to defensive indicator sub71.support-desk.invalid.,Infiltration,Lateral Movement: SMB/Windows Admin Shares,T1021.002,,
THR-2026-0971,2026-07-04 12:37:10,Password Spraying against ADFS Demo #71,CREDENTIAL THREATS,IP ADDRESS,203.0.113.91,Internal SOC,A – Highly Reliable,45,MEDIUM,54,MONITORING,2026-06-29 20:32:57,2026-07-04 12:37:10,IN,Synthetic telemetry record analyzing credential threats activity linked to defensive indicator 203.0.113.91.,Credential Access,OS Credential Dumping,T1003,,
THR-2026-0972,2026-07-28 01:23:24,ShadowLocker Ransomware Activity #72,RANSOMWARE,FILE HASH,70945ccc8e22f3a43d3a5203f5c9b296086d42bfa05ca34e2ff3d7ea9a39833f,Community Submission,C – Fairly Reliable,85,MEDIUM,42,NEW,2026-07-26 08:30:20,2026-07-28 01:23:24,US,Synthetic telemetry record analyzing ransomware activity linked to defensive indicator 70945ccc8e22f3a43d3a5203f5c9b296086d42bfa05ca34e2ff3d7ea9a39833f.,Infiltration,Lateral Movement: SMB/Windows Admin Shares,T1021.002,,
THR-2026-0973,2026-09-08 02:19:55,Server-Side Request Forgery Pattern #73,WEB THREATS,CVE ID,CVE-2026-6623,Unknown Source,D – Reliability Unknown,56,LOW,31,MONITORING,2026-09-06 04:46:56,2026-09-08 02:19:55,US,Synthetic telemetry record analyzing web threats activity linked to defensive indicator CVE-2026-6623.,Command and Control,Web Service: Dead Drop Resolver,T1102.001,CVE-2026-6623,CAMP-DEFENSE-010
THR-2026-0974,2026-07-09 13:59:20,Fake Invoice Redirector #74,PHISHING,URL,https://cdn-cache.example.com/auth/login-redirect?session_id=2524,Security Vendor,A – Highly Reliable,63,HIGH,72,NEW,2026-07-06 13:38:25,2026-07-09 13:59:20,IN,Synthetic telemetry record analyzing phishing activity linked to defensive indicator https://cdn-cache.example.com/auth/login-redirect?session_id=2524.,,,,,CAMP-DEFENSE-004
THR-2026-0975,2026-07-25 10:57:21,Memory Injection Testing Stub #75,MALWARE,DOMAIN,service.corp-portal-test.invalid,Community Submission,C – Fairly Reliable,55,INFORMATIONAL,14,NEW,2026-07-20 21:23:56,2026-07-25 10:57:21,DE,Synthetic telemetry record analyzing malware activity linked to defensive indicator service.corp-portal-test.invalid.,Execution,User Execution: Malicious File,T1204.002,,
THR-2026-0976,2026-09-22 20:06:21,Port 445 Scanning in Perimeter #76,NETWORK THREATS,URL,https://session-manager.invalid/verify-account/prompt?session_id=3242,Internal SOC,A – Highly Reliable,22,INFORMATIONAL,20,MONITORING,2026-09-18 02:44:32,2026-09-22 20:06:21,DE,Synthetic telemetry record analyzing network threats activity linked to defensive indicator https://session-manager.invalid/verify-account/prompt?session_id=3242.,Command and Control,Protocol Tunneling,T1572,,CAMP-DEFENSE-006
THR-2026-0977,2026-07-15 09:37:29,Port 445 Scanning in Perimeter #77,NETWORK THREATS,DOMAIN,service.support-desk.invalid,Unknown Source,D – Reliability Unknown,66,INFORMATIONAL,11,MONITORING,2026-07-12 05:55:27,2026-07-15 09:37:29,AU,Synthetic telemetry record analyzing network threats activity linked to defensive indicator service.support-desk.invalid.,Discovery,Network Service Scanning,T1046,,
THR-2026-0978,2026-08-10 11:19:55,Corporate SSO Impersonation Portal #78,PHISHING,CVE ID,CVE-2026-4401,Public Threat Feed,B – Usually Reliable,77,HIGH,76,UNDER_REVIEW,2026-08-06 19:44:59,2026-08-10 11:19:55,SG,Synthetic telemetry record analyzing phishing activity linked to defensive indicator CVE-2026-4401.,Initial Access,Phishing: Spearphishing Attachment,T1566.001,CVE-2026-4401,
THR-2026-0979,2026-07-11 10:34:26,Extortion Double-Dip Campaign #79,RANSOMWARE,FILE HASH,1861ded55eee1bb7521a79ce3cfca628fd9b44e721a13e4d0673657070294d8c,Research Report,B – Usually Reliable,75,LOW,24,UNDER_REVIEW,2026-07-10 00:03:15,2026-07-11 10:34:26,CH,Synthetic telemetry record analyzing ransomware activity linked to defensive indicator 1861ded55eee1bb7521a79ce3cfca628fd9b44e721a13e4d0673657070294d8c.,Impact,Inhibit System Recovery,T1490,,CAMP-DEFENSE-004
THR-2026-0980,2026-09-14 17:49:45,Server-Side Request Forgery Pattern #80,WEB THREATS,CVE ID,CVE-2026-4401,Community Submission,C – Fairly Reliable,38,LOW,28,MONITORING,2026-09-11 12:55:51,2026-09-14 17:49:45,GB,Synthetic telemetry record analyzing web threats activity linked to defensive indicator CVE-2026-4401.,Initial Access,Exploit Public-Facing Application,T1190,CVE-2026-4401,
THR-2026-0981,2026-09-21 08:35:35,Synthetic Token Theft Activity #81,CREDENTIAL THREATS,URL,https://auth-gateway.example.com/verify-account/prompt?session_id=4443,Unknown Source,D – Reliability Unknown,58,MEDIUM,51,CLOSED,2026-09-17 21:02:47,2026-09-21 08:35:35,AU,Synthetic telemetry record analyzing credential threats activity linked to defensive indicator https://auth-gateway.example.com/verify-account/prompt?session_id=4443.,Credential Access,Brute Force: Password Spraying,T1110.003,,
THR-2026-0982,2026-09-06 14:07:14,Legacy WebDAV Exploit Sweep #82,VULNERABILITY EXPOSURE,CVE ID,CVE-2026-4401,Unknown Source,D – Reliability Unknown,66,HIGH,65,CLOSED,2026-09-03 06:32:46,2026-09-06 14:07:14,US,Synthetic telemetry record analyzing vulnerability exposure activity linked to defensive indicator CVE-2026-4401.,Initial Access,Exploit Public-Facing Application,T1190,CVE-2026-4401,
THR-2026-0983,2026-09-25 19:06:48,Server-Side Request Forgery Pattern #83,WEB THREATS,IP ADDRESS,198.51.100.119,Security Vendor,A – Highly Reliable,53,INFORMATIONAL,19,UNDER_REVIEW,2026-09-21 08:26:27,2026-09-25 19:06:48,Global,Synthetic telemetry record analyzing web threats activity linked to defensive indicator 198.51.100.119.,Collection,Automated Collection: Web Scraping,T1119,,CAMP-DEFENSE-010
THR-2026-0984,2026-09-25 10:43:09,Urgent Security Notification Lure #84,PHISHING,FILE HASH,695fbc2b0cb0baab1a0e15b8a1b07de84e9738c76870d4b63492037189da05e1,Community Submission,C – Fairly Reliable,58,LOW,28,UNDER_REVIEW,2026-09-23 04:11:16,2026-09-25 10:43:09,NL,Synthetic telemetry record analyzing phishing activity linked to defensive indicator 695fbc2b0cb0baab1a0e15b8a1b07de84e9738c76870d4b63492037189da05e1.,Initial Access,Phishing: Spearphishing Attachment,T1566.001,,
THR-2026-0985,2026-08-18 15:12:59,Executive Pretexting Call Campaign #85,SOCIAL ENGINEERING,DOMAIN,service.telemetry-sync.example.net,Unknown Source,D – Reliability Unknown,90,CRITICAL,97,UNDER_REVIEW,2026-08-17 12:57:06,2026-08-18 15:12:59,JP,Synthetic telemetry record analyzing social engineering activity linked to defensive indicator service.telemetry-sync.example.net.,Initial Access,Replication Through Removable Media,T1091,,
THR-2026-0986,2026-08-11 07:54:16,Sensitive API Endpoint Exposure #86,DATA EXPOSURE,URL,https://session-manager.invalid/update/agent-installer?session_id=1332,Internal SOC,A – Highly Reliable,46,LOW,30,MONITORING,2026-08-06 21:43:38,2026-08-11 07:54:16,BR,Synthetic telemetry record analyzing data exposure activity linked to defensive indicator https://session-manager.invalid/update/agent-installer?session_id=1332.,Collection,Data from Cloud Storage,T1530,,
THR-2026-0987,2026-09-01 21:15:07,QR Code Phishing (Quishing) Test #87,SOCIAL ENGINEERING,EMAIL/SENDER DOMAIN,billing-verify@example.org,Internal SOC,A – Highly Reliable,66,MEDIUM,59,MONITORING,2026-08-29 10:29:43,2026-09-01 21:15:07,JP,Synthetic telemetry record analyzing social engineering activity linked to defensive indicator billing-verify@example.org.,,,,,CAMP-DEFENSE-010
THR-2026-0988,2026-07-17 15:05:41,SQLi Pattern on Public Gateway #88,WEB THREATS,EMAIL/SENDER DOMAIN,hr-notices@corporate-demo.invalid,Unknown Source,D – Reliability Unknown,69,MEDIUM,44,UNDER_REVIEW,2026-07-14 14:54:22,2026-07-17 15:05:41,FR,Synthetic telemetry record analyzing web threats activity linked to defensive indicator hr-notices@corporate-demo.invalid.,Initial Access,Exploit Public-Facing Application,T1190,,CAMP-DEFENSE-011
THR-2026-0989,2026-09-29 20:08:51,DNS Tunneling Exfiltration Signature #89,NETWORK THREATS,FILE HASH,ffb97629e3e7ad769062d90b69eb94b4bb80e8d02cd75108519909194ab7e0d0,Community Submission,C – Fairly Reliable,59,MEDIUM,45,FALSE_POSITIVE,2026-09-29 10:59:43,2026-09-29 20:08:51,DE,Synthetic telemetry record analyzing network threats activity linked to defensive indicator ffb97629e3e7ad769062d90b69eb94b4bb80e8d02cd75108519909194ab7e0d0.,Discovery,Network Service Scanning,T1046,,
THR-2026-0990,2026-07-26 23:14:18,Sensitive API Endpoint Exposure #90,DATA EXPOSURE,FILE HASH,7513e116393e6ae3aaa21fc1a12c0c7e8447b873998aafb1c9549c3858d57a9b,Security Vendor,A – Highly Reliable,20,INFORMATIONAL,13,CLOSED,2026-07-25 21:01:18,2026-07-26 23:14:18,DE,Synthetic telemetry record analyzing data exposure activity linked to defensive indicator 7513e116393e6ae3aaa21fc1a12c0c7e8447b873998aafb1c9549c3858d57a9b.,Exfiltration,Exfiltration Over Alternative Protocol,T1048,,CAMP-DEFENSE-019
THR-2026-0991,2026-08-14 01:12:13,ICMP Covert Beaconing Pattern #91,NETWORK THREATS,DOMAIN,sub21.corp-portal-test.invalid,Community Submission,C – Fairly Reliable,75,HIGH,62,MONITORING,2026-08-10 21:42:39,2026-08-14 01:12:13,NL,Synthetic telemetry record analyzing network threats activity linked to defensive indicator sub21.corp-portal-test.invalid.,Discovery,Network Sniffing,T1040,,
THR-2026-0992,2026-09-10 16:47:57,Edge Gateway Remote Buffer Trigger #92,VULNERABILITY EXPOSURE,URL,https://auth-gateway.example.com/download/security-patch.bin?session_id=9252,Community Submission,C – Fairly Reliable,42,INFORMATIONAL,16,FALSE_POSITIVE,2026-09-07 19:43:05,2026-09-10 16:47:57,BR,Synthetic telemetry record analyzing vulnerability exposure activity linked to defensive indicator https://auth-gateway.example.com/download/security-patch.bin?session_id=9252.,Lateral Movement,Exploitation of Remote Services,T1210,CVE-2026-3390,CAMP-DEFENSE-004
THR-2026-0993,2026-07-27 00:25:26,SQLi Pattern on Public Gateway #93,WEB THREATS,DOMAIN,service.update-service.example.org,Security Vendor,A – Highly Reliable,42,LOW,27,NEW,2026-07-23 08:31:52,2026-07-27 00:25:26,US,Synthetic telemetry record analyzing web threats activity linked to defensive indicator service.update-service.example.org.,,,,,
THR-2026-0994,2026-08-05 22:30:11,Generic Modular Loader Simulation #94,MALWARE,CVE ID,CVE-2026-8845,Public Threat Feed,B – Usually Reliable,39,LOW,34,NEW,2026-08-01 12:52:59,2026-08-05 22:30:11,FR,Synthetic telemetry record analyzing malware activity linked to defensive indicator CVE-2026-8845.,Execution,User Execution: Malicious File,T1204.002,CVE-2026-8845,
THR-2026-0995,2026-09-23 16:34:35,Admin Share Lateral Probe #95,RANSOMWARE,CVE ID,CVE-2026-3390,Internal SOC,A – Highly Reliable,26,INFORMATIONAL,18,MONITORING,2026-09-22 21:40:20,2026-09-23 16:34:35,CA,Synthetic telemetry record analyzing ransomware activity linked to defensive indicator CVE-2026-3390.,Impact,Inhibit System Recovery,T1490,CVE-2026-3390,CAMP-DEFENSE-017
THR-2026-0996,2026-08-24 02:51:55,Extortion Double-Dip Campaign #96,RANSOMWARE,EMAIL/SENDER DOMAIN,payroll-alert@example.org,Research Report,B – Usually Reliable,70,HIGH,69,CLOSED,2026-08-21 01:33:05,2026-08-24 02:51:55,AU,Synthetic telemetry record analyzing ransomware activity linked to defensive indicator payroll-alert@example.org.,Impact,Data Encrypted for Impact,T1486,,
THR-2026-0997,2026-07-09 22:58:14,Server-Side Request Forgery Pattern #97,WEB THREATS,FILE HASH,8fa188edaa353a5d45945e2a1d4f072c5cc31e859f7b3640b4ae278ffeff8bd2,Research Report,B – Usually Reliable,33,LOW,25,MONITORING,2026-07-05 14:00:13,2026-07-09 22:58:14,BR,Synthetic telemetry record analyzing web threats activity linked to defensive indicator 8fa188edaa353a5d45945e2a1d4f072c5cc31e859f7b3640b4ae278ffeff8bd2.,Command and Control,Web Service: Dead Drop Resolver,T1102.001,,
THR-2026-0998,2026-08-15 18:03:41,Impossible Travel Anomaly #98,ACCOUNT SECURITY,CVE ID,CVE-2026-1188,Internal SOC,A – Highly Reliable,45,LOW,25,NEW,2026-08-13 01:22:42,2026-08-15 18:03:41,SG,Synthetic telemetry record analyzing account security activity linked to defensive indicator CVE-2026-1188.,Persistence,Create Account: Local Account,T1136.001,CVE-2026-1188,
THR-2026-0999,2026-09-01 11:06:47,Misconfigured Cloud Bucket Scraping #99,DATA EXPOSURE,EMAIL/SENDER DOMAIN,billing-verify@example.net,Public Threat Feed,B – Usually Reliable,61,LOW,34,MONITORING,2026-08-31 18:46:17,2026-09-01 11:06:47,FR,Synthetic telemetry record analyzing data exposure activity linked to defensive indicator billing-verify@example.net.,Exfiltration,Exfiltration Over Web Service,T1567,,
THR-2026-1000,2026-07-28 12:08:36,ShadowLocker Ransomware Activity #00,RANSOMWARE,EMAIL/SENDER DOMAIN,security-admin@example.com,Research Report,B – Usually Reliable,74,HIGH,71,MONITORING,2026-07-25 18:32:10,2026-07-28 12:08:36,Global,Synthetic telemetry record analyzing ransomware activity linked to defensive indicator security-admin@example.com.,Infiltration,Lateral Movement: SMB/Windows Admin Shares,T1021.002,,CAMP-DEFENSE-002
THR-2026-1001,2026-09-02 07:46:52,Urgent Security Notification Lure #01,PHISHING,CVE ID,CVE-2026-4401,Internal SOC,A – Highly Reliable,62,HIGH,79,CLOSED,2026-08-29 12:52:27,2026-09-02 07:46:52,Global,Synthetic telemetry record analyzing phishing activity linked to defensive indicator CVE-2026-4401.,,,,CVE-2026-4401,
THR-2026-1002,2026-07-22 12:33:49,Unencrypted Diagnostic Log Leak #02,DATA EXPOSURE,CVE ID,CVE-2026-2189,Internal SOC,A – Highly Reliable,67,MEDIUM,45,UNDER_REVIEW,2026-07-18 18:44:49,2026-07-22 12:33:49,Global,Synthetic telemetry record analyzing data exposure activity linked to defensive indicator CVE-2026-2189.,Collection,Data from Cloud Storage,T1530,CVE-2026-2189,
THR-2026-1003,2026-08-08 08:17:18,Cross-Site Scripting Injection Probe #03,WEB THREATS,URL,https://update-service.example.org/download/security-patch.bin?session_id=9941,Security Vendor,A – Highly Reliable,78,MEDIUM,56,UNDER_REVIEW,2026-08-05 11:07:20,2026-08-08 08:17:18,SG,Synthetic telemetry record analyzing web threats activity linked to defensive indicator https://update-service.example.org/download/security-patch.bin?session_id=9941.,Initial Access,Exploit Public-Facing Application,T1190,,
THR-2026-1004,2026-08-20 07:19:33,Unauthenticated Deserialization Scan #04,VULNERABILITY EXPOSURE,FILE HASH,a67a1ac5d7ebd52c524f32fb1e685d7a5c6521812dbba9e8325c150ccf2940fd,Research Report,B – Usually Reliable,35,INFORMATIONAL,13,UNDER_REVIEW,2026-08-20 02:01:42,2026-08-20 07:19:33,AU,Synthetic telemetry record analyzing vulnerability exposure activity linked to defensive indicator a67a1ac5d7ebd52c524f32fb1e685d7a5c6521812dbba9e8325c150ccf2940fd.,Lateral Movement,Exploitation of Remote Services,T1210,CVE-2026-6623,CAMP-DEFENSE-024
THR-2026-1005,2026-09-17 21:31:42,Legacy WebDAV Exploit Sweep #05,VULNERABILITY EXPOSURE,EMAIL/SENDER DOMAIN,billing-verify@example.org,Research Report,B – Usually Reliable,53,LOW,31,MONITORING,2026-09-16 13:11:57,2026-09-17 21:31:42,CH,Synthetic telemetry record analyzing vulnerability exposure activity linked to defensive indicator billing-verify@example.org.,Privilege Escalation,Exploitation for Privilege Escalation,T1068,CVE-2026-5512,
THR-2026-1006,2026-08-25 18:02:06,Fake Invoice Redirector #06,PHISHING,EMAIL/SENDER DOMAIN,billing-verify@corporate-demo.invalid,Internal SOC,A – Highly Reliable,80,MEDIUM,60,MONITORING,2026-08-24 13:11:18,2026-08-25 18:02:06,GB,Synthetic telemetry record analyzing phishing activity linked to defensive indicator billing-verify@corporate-demo.invalid.,Initial Access,Phishing: Spearphishing Attachment,T1566.001,,CAMP-DEFENSE-020
THR-2026-1007,2026-07-09 21:02:53,InfoStealer Demo Artifact #07,MALWARE,IP ADDRESS,198.51.100.206,Internal SOC,A – Highly Reliable,37,LOW,37,UNDER_REVIEW,2026-07-05 13:13:04,2026-07-09 21:02:53,FR,Synthetic telemetry record analyzing malware activity linked to defensive indicator 198.51.100.206.,Command and Control,Application Layer Protocol,T1071,,CAMP-DEFENSE-024
THR-2026-1008,2026-08-15 23:00:17,QR Code Phishing (Quishing) Test #08,SOCIAL ENGINEERING,FILE HASH,cf74e7b89b63ee76497da2913ce68719948f82416f0b641618377f82f82a1924,Security Vendor,A – Highly Reliable,80,HIGH,77,NEW,2026-08-14 01:38:03,2026-08-15 23:00:17,IN,Synthetic telemetry record analyzing social engineering activity linked to defensive indicator cf74e7b89b63ee76497da2913ce68719948f82416f0b641618377f82f82a1924.,,,,,CAMP-DEFENSE-003
THR-2026-1009,2026-08-10 22:42:11,Server-Side Request Forgery Pattern #09,WEB THREATS,CVE ID,CVE-2026-7734,Community Submission,C – Fairly Reliable,69,HIGH,74,NEW,2026-08-07 14:21:49,2026-08-10 22:42:11,NL,Synthetic telemetry record analyzing web threats activity linked to defensive indicator CVE-2026-7734.,Initial Access,Exploit Public-Facing Application,T1190,CVE-2026-7734,
THR-2026-1010,2026-07-19 09:58:23,Memory Injection Testing Stub #10,MALWARE,URL,https://corp-portal-test.invalid/download/security-patch.bin?session_id=8568,Internal SOC,A – Highly Reliable,75,CRITICAL,93,NEW,2026-07-17 22:58:41,2026-07-19 09:58:23,Global,Synthetic telemetry record analyzing malware activity linked to defensive indicator https://corp-portal-test.invalid/download/security-patch.bin?session_id=8568.,Defense Evasion,Obfuscated Files or Information,T1027,,
THR-2026-1011,2026-08-13 11:00:38,Password Spraying against ADFS Demo #11,CREDENTIAL THREATS,CVE ID,CVE-2026-7734,Public Threat Feed,B – Usually Reliable,72,LOW,21,CLOSED,2026-08-12 12:34:34,2026-08-13 11:00:38,Global,Synthetic telemetry record analyzing credential threats activity linked to defensive indicator CVE-2026-7734.,,,,CVE-2026-7734,CAMP-DEFENSE-009
THR-2026-1012,2026-09-09 14:39:42,Synthetic Token Theft Activity #12,CREDENTIAL THREATS,CVE ID,CVE-2026-8845,Public Threat Feed,B – Usually Reliable,66,MEDIUM,49,MONITORING,2026-09-06 02:58:22,2026-09-09 14:39:42,US,Synthetic telemetry record analyzing credential threats activity linked to defensive indicator CVE-2026-8845.,Credential Access,Brute Force: Password Spraying,T1110.003,CVE-2026-8845,
THR-2026-1013,2026-09-09 20:19:41,SQLi Pattern on Public Gateway #13,WEB THREATS,CVE ID,CVE-2026-1188,Public Threat Feed,B – Usually Reliable,42,LOW,32,NEW,2026-09-05 06:20:59,2026-09-09 20:19:41,Global,Synthetic telemetry record analyzing web threats activity linked to defensive indicator CVE-2026-1188.,Collection,Automated Collection: Web Scraping,T1119,CVE-2026-1188,CAMP-DEFENSE-023
THR-2026-1014,2026-08-08 09:21:08,Extortion Double-Dip Campaign #14,RANSOMWARE,IP ADDRESS,192.0.2.25,Unknown Source,D – Reliability Unknown,77,HIGH,64,MONITORING,2026-08-05 18:12:25,2026-08-08 09:21:08,CA,Synthetic telemetry record analyzing ransomware activity linked to defensive indicator 192.0.2.25.,,,,,CAMP-DEFENSE-003
THR-2026-1015,2026-07-13 23:46:15,Password Spraying against ADFS Demo #15,CREDENTIAL THREATS,DOMAIN,sub51.telemetry-sync.example.net,Internal SOC,A – Highly Reliable,89,HIGH,63,FALSE_POSITIVE,2026-07-09 17:11:35,2026-07-13 23:46:15,CA,Synthetic telemetry record analyzing credential threats activity linked to defensive indicator sub51.telemetry-sync.example.net.,Credential Access,Credentials in Files,T1552.001,,
THR-2026-1016,2026-07-15 15:23:57,Sensitive API Endpoint Exposure #16,DATA EXPOSURE,FILE HASH,f46242794df16db799d8efd6d468e66b8de41703903ee958889a73b9c75e3a61,Unknown Source,D – Reliability Unknown,33,INFORMATIONAL,10,NEW,2026-07-11 04:22:49,2026-07-15 15:23:57,IN,Synthetic telemetry record analyzing data exposure activity linked to defensive indicator f46242794df16db799d8efd6d468e66b8de41703903ee958889a73b9c75e3a61.,Exfiltration,Exfiltration Over Web Service,T1567,,CAMP-DEFENSE-014
THR-2026-1017,2026-09-01 07:16:51,Sensitive API Endpoint Exposure #17,DATA EXPOSURE,IP ADDRESS,192.0.2.177,Research Report,B – Usually Reliable,83,MEDIUM,50,NEW,2026-08-29 02:51:39,2026-09-01 07:16:51,AU,Synthetic telemetry record analyzing data exposure activity linked to defensive indicator 192.0.2.177.,,,,,
THR-2026-1018,2026-09-24 11:04:43,ICMP Covert Beaconing Pattern #18,NETWORK THREATS,EMAIL/SENDER DOMAIN,support-desk@example.org,Internal SOC,A – Highly Reliable,80,HIGH,77,UNDER_REVIEW,2026-09-21 10:38:09,2026-09-24 11:04:43,SG,Synthetic telemetry record analyzing network threats activity linked to defensive indicator support-desk@example.org.,Command and Control,Protocol Tunneling,T1572,,CAMP-DEFENSE-008
THR-2026-1019,2026-09-15 23:30:43,Corporate SSO Impersonation Portal #19,PHISHING,EMAIL/SENDER DOMAIN,hr-notices@corporate-demo.invalid,Security Vendor,A – Highly Reliable,74,CRITICAL,97,NEW,2026-09-12 08:45:26,2026-09-15 23:30:43,US,Synthetic telemetry record analyzing phishing activity linked to defensive indicator hr-notices@corporate-demo.invalid.,,,,,CAMP-DEFENSE-014
THR-2026-1020,2026-07-18 17:41:29,Cross-Site Scripting Injection Probe #20,WEB THREATS,DOMAIN,sub62.session-manager.invalid,Internal SOC,A – Highly Reliable,67,HIGH,71,MONITORING,2026-07-15 14:02:03,2026-07-18 17:41:29,DE,Synthetic telemetry record analyzing web threats activity linked to defensive indicator sub62.session-manager.invalid.,Collection,Automated Collection: Web Scraping,T1119,,
THR-2026-1021,2026-07-08 21:56:51,ShadowLocker Ransomware Activity #21,RANSOMWARE,FILE HASH,4548f083ea2aecc25b5654fbbe9dec2acee3b6ad54aec27da17ba37f299ffc21,Internal SOC,A – Highly Reliable,76,HIGH,62,NEW,2026-07-04 04:41:08,2026-07-08 21:56:51,AU,Synthetic telemetry record analyzing ransomware activity linked to defensive indicator 4548f083ea2aecc25b5654fbbe9dec2acee3b6ad54aec27da17ba37f299ffc21.,Infiltration,Lateral Movement: SMB/Windows Admin Shares,T1021.002,,
THR-2026-1022,2026-09-02 12:21:07,Extortion Double-Dip Campaign #22,RANSOMWARE,CVE ID,CVE-2026-6623,Internal SOC,A – Highly Reliable,69,INFORMATIONAL,10,UNDER_REVIEW,2026-08-29 18:55:57,2026-09-02 12:21:07,AU,Synthetic telemetry record analyzing ransomware activity linked to defensive indicator CVE-2026-6623.,Infiltration,Lateral Movement: SMB/Windows Admin Shares,T1021.002,CVE-2026-6623,CAMP-DEFENSE-014
THR-2026-1023,2026-08-24 03:45:21,Impossible Travel Anomaly #23,ACCOUNT SECURITY,IP ADDRESS,198.51.100.161,Research Report,B – Usually Reliable,86,CRITICAL,87,UNDER_REVIEW,2026-08-21 08:23:28,2026-08-24 03:45:21,Global,Synthetic telemetry record analyzing account security activity linked to defensive indicator 198.51.100.161.,Defense Evasion,Valid Accounts: Cloud Accounts,T1078.004,,CAMP-DEFENSE-008
THR-2026-1024,2026-09-04 11:41:07,Misconfigured Cloud Bucket Scraping #24,DATA EXPOSURE,FILE HASH,d3a50c61ba2106ee0bb827680a20c84f9ec5ad7374753346b33cd2c8131e0836,Public Threat Feed,B – Usually Reliable,78,MEDIUM,58,MONITORING,2026-09-02 02:27:31,2026-09-04 11:41:07,US,Synthetic telemetry record analyzing data exposure activity linked to defensive indicator d3a50c61ba2106ee0bb827680a20c84f9ec5ad7374753346b33cd2c8131e0836.,,,,CVE-2026-4401,
THR-2026-1025,2026-07-31 04:27:57,InfoStealer Demo Artifact #25,MALWARE,CVE ID,CVE-2026-2189,Research Report,B – Usually Reliable,71,HIGH,77,UNDER_REVIEW,2026-07-31 02:17:57,2026-07-31 04:27:57,US,Synthetic telemetry record analyzing malware activity linked to defensive indicator CVE-2026-2189.,Command and Control,Application Layer Protocol,T1071,CVE-2026-2189,
THR-2026-1026,2026-07-29 19:59:08,QR Code Phishing (Quishing) Test #26,SOCIAL ENGINEERING,URL,https://support-desk.invalid/auth/login-redirect?session_id=7600,Community Submission,C – Fairly Reliable,81,MEDIUM,60,MONITORING,2026-07-26 17:07:57,2026-07-29 19:59:08,DE,Synthetic telemetry record analyzing social engineering activity linked to defensive indicator https://support-desk.invalid/auth/login-redirect?session_id=7600.,Initial Access,Trusted Relationship,T1199,,
THR-2026-1027,2026-07-07 17:42:17,Sensitive API Endpoint Exposure #27,DATA EXPOSURE,URL,https://update-service.example.org/api/v1/health-check?session_id=7293,Unknown Source,D – Reliability Unknown,48,LOW,24,MONITORING,2026-07-06 11:55:14,2026-07-07 17:42:17,GB,Synthetic telemetry record analyzing data exposure activity linked to defensive indicator https://update-service.example.org/api/v1/health-check?session_id=7293.,,,,,CAMP-DEFENSE-020
THR-2026-1028,2026-09-04 20:20:03,Compromised Service Account Pattern #28,CREDENTIAL THREATS,IP ADDRESS,192.0.2.215,Security Vendor,A – Highly Reliable,88,CRITICAL,93,FALSE_POSITIVE,2026-09-04 03:22:45,2026-09-04 20:20:03,GB,Synthetic telemetry record analyzing credential threats activity linked to defensive indicator 192.0.2.215.,Credential Access,Brute Force: Password Spraying,T1110.003,,
THR-2026-1029,2026-07-24 15:38:35,Unauthenticated Deserialization Scan #29,VULNERABILITY EXPOSURE,CVE ID,CVE-2026-9956,Research Report,B – Usually Reliable,31,INFORMATIONAL,19,MONITORING,2026-07-19 18:57:43,2026-07-24 15:38:35,SG,Synthetic telemetry record analyzing vulnerability exposure activity linked to defensive indicator CVE-2026-9956.,Privilege Escalation,Exploitation for Privilege Escalation,T1068,CVE-2026-9956,
THR-2026-1030,2026-08-03 05:29:51,OAuth High-Privilege Consent Grant #30,ACCOUNT SECURITY,URL,https://client-token.example.org/invoice/preview-doc.pdf?session_id=9523,Security Vendor,A – Highly Reliable,20,INFORMATIONAL,14,CLOSED,2026-07-31 10:09:33,2026-08-03 05:29:51,SG,Synthetic telemetry record analyzing account security activity linked to defensive indicator https://client-token.example.org/invoice/preview-doc.pdf?session_id=9523.,Defense Evasion,Valid Accounts: Cloud Accounts,T1078.004,,CAMP-DEFENSE-005
THR-2026-1031,2026-07-24 17:07:26,Fake Invoice Redirector #31,PHISHING,EMAIL/SENDER DOMAIN,hr-notices@corporate-demo.invalid,Community Submission,C – Fairly Reliable,35,LOW,29,NEW,2026-07-21 23:47:02,2026-07-24 17:07:26,US,Synthetic telemetry record analyzing phishing activity linked to defensive indicator hr-notices@corporate-demo.invalid.,Initial Access,Phishing: Spearphishing Attachment,T1566.001,,CAMP-DEFENSE-021
THR-2026-1032,2026-08-01 21:40:03,Sensitive API Endpoint Exposure #32,DATA EXPOSURE,FILE HASH,e9046adff06136f4ba2939bcc5f4a96b295af2e0107811c48b4c00b75b8fc20a,Internal SOC,A – Highly Reliable,63,LOW,27,UNDER_REVIEW,2026-07-29 11:23:13,2026-08-01 21:40:03,Global,Synthetic telemetry record analyzing data exposure activity linked to defensive indicator e9046adff06136f4ba2939bcc5f4a96b295af2e0107811c48b4c00b75b8fc20a.,Exfiltration,Exfiltration Over Alternative Protocol,T1048,,
THR-2026-1033,2026-08-09 11:46:12,Cross-Site Scripting Injection Probe #33,WEB THREATS,FILE HASH,e86722b27718b8ff7c54954d76fdc898c29b50859b6410d3e0a58a55de5f1407,Security Vendor,A – Highly Reliable,80,HIGH,69,NEW,2026-08-05 14:59:33,2026-08-09 11:46:12,BR,Synthetic telemetry record analyzing web threats activity linked to defensive indicator e86722b27718b8ff7c54954d76fdc898c29b50859b6410d3e0a58a55de5f1407.,Initial Access,Exploit Public-Facing Application,T1190,,CAMP-DEFENSE-025
THR-2026-1034,2026-09-25 16:31:24,Misconfigured Cloud Bucket Scraping #34,DATA EXPOSURE,FILE HASH,5b04cbfd1c8081f67b66e5fb5d3bde8d333635d4b8977ecb607909deacec6fb8,Research Report,B – Usually Reliable,76,HIGH,73,UNDER_REVIEW,2026-09-25 09:54:19,2026-09-25 16:31:24,US,Synthetic telemetry record analyzing data exposure activity linked to defensive indicator 5b04cbfd1c8081f67b66e5fb5d3bde8d333635d4b8977ecb607909deacec6fb8.,Exfiltration,Exfiltration Over Web Service,T1567,,
THR-2026-1035,2026-08-04 00:51:35,Memory Injection Testing Stub #35,MALWARE,FILE HASH,a25838e90dc53886b21bb6991ddc57042952f3259cffb4925efceb36a8dcf472,Community Submission,C – Fairly Reliable,65,MEDIUM,43,UNDER_REVIEW,2026-08-03 15:14:50,2026-08-04 00:51:35,BR,Synthetic telemetry record analyzing malware activity linked to defensive indicator a25838e90dc53886b21bb6991ddc57042952f3259cffb4925efceb36a8dcf472.,,,,,CAMP-DEFENSE-021
THR-2026-1036,2026-07-27 16:36:10,Legacy WebDAV Exploit Sweep #36,VULNERABILITY EXPOSURE,CVE ID,CVE-2026-5512,Internal SOC,A – Highly Reliable,61,LOW,21,NEW,2026-07-26 14:08:30,2026-07-27 16:36:10,GB,Synthetic telemetry record analyzing vulnerability exposure activity linked to defensive indicator CVE-2026-5512.,Lateral Movement,Exploitation of Remote Services,T1210,CVE-2026-5512,
THR-2026-1037,2026-09-18 23:35:31,Edge Gateway Remote Buffer Trigger #37,VULNERABILITY EXPOSURE,FILE HASH,f892a56aba546e584d1d6069e685490ce21e769d998f303d3b90625e82233455,Community Submission,C – Fairly Reliable,83,HIGH,76,FALSE_POSITIVE,2026-09-18 21:15:23,2026-09-18 23:35:31,Global,Synthetic telemetry record analyzing vulnerability exposure activity linked to defensive indicator f892a56aba546e584d1d6069e685490ce21e769d998f303d3b90625e82233455.,Privilege Escalation,Exploitation for Privilege Escalation,T1068,CVE-2026-7734,
THR-2026-1038,2026-08-01 16:00:47,SQLi Pattern on Public Gateway #38,WEB THREATS,IP ADDRESS,198.51.100.240,Community Submission,C – Fairly Reliable,76,CRITICAL,87,UNDER_REVIEW,2026-07-31 08:28:37,2026-08-01 16:00:47,NL,Synthetic telemetry record analyzing web threats activity linked to defensive indicator 198.51.100.240.,Initial Access,Exploit Public-Facing Application,T1190,,
THR-2026-1039,2026-07-09 23:08:41,ICMP Covert Beaconing Pattern #39,NETWORK THREATS,FILE HASH,c46a42e4f7ea55ce6b4d6553a612602e027357c83971d764ea97d70ba1f19604,Community Submission,C – Fairly Reliable,73,LOW,26,NEW,2026-07-07 15:26:03,2026-07-09 23:08:41,NL,Synthetic telemetry record analyzing network threats activity linked to defensive indicator c46a42e4f7ea55ce6b4d6553a612602e027357c83971d764ea97d70ba1f19604.,,,,,CAMP-DEFENSE-004
THR-2026-1040,2026-08-20 06:25:50,Unencrypted Diagnostic Log Leak #40,DATA EXPOSURE,CVE ID,CVE-2026-2189,Security Vendor,A – Highly Reliable,73,CRITICAL,93,UNDER_REVIEW,2026-08-17 12:53:49,2026-08-20 06:25:50,JP,Synthetic telemetry record analyzing data exposure activity linked to defensive indicator CVE-2026-2189.,Exfiltration,Exfiltration Over Alternative Protocol,T1048,CVE-2026-2189,
THR-2026-1041,2026-07-15 14:13:46,MFA Fatigue Authentication Surge #41,ACCOUNT SECURITY,IP ADDRESS,203.0.113.247,Security Vendor,A – Highly Reliable,48,LOW,33,NEW,2026-07-13 23:28:01,2026-07-15 14:13:46,BR,Synthetic telemetry record analyzing account security activity linked to defensive indicator 203.0.113.247.,Persistence,Account Manipulation: Additional Credentials,T1098.001,,CAMP-DEFENSE-002
THR-2026-1042,2026-09-21 13:58:09,SQLi Pattern on Public Gateway #42,WEB THREATS,IP ADDRESS,198.51.100.121,Community Submission,C – Fairly Reliable,77,MEDIUM,56,CLOSED,2026-09-20 20:57:23,2026-09-21 13:58:09,DE,Synthetic telemetry record analyzing web threats activity linked to defensive indicator 198.51.100.121.,Initial Access,Exploit Public-Facing Application,T1190,CVE-2026-3390,
THR-2026-1043,2026-08-13 05:16:49,Password Spraying against ADFS Demo #43,CREDENTIAL THREATS,URL,https://security-alert.example.net/update/agent-installer?session_id=3811,Community Submission,C – Fairly Reliable,73,MEDIUM,60,NEW,2026-08-09 13:08:05,2026-08-13 05:16:49,FR,Synthetic telemetry record analyzing credential threats activity linked to defensive indicator https://security-alert.example.net/update/agent-installer?session_id=3811.,Credential Access,OS Credential Dumping,T1003,,CAMP-DEFENSE-018
THR-2026-1044,2026-08-31 21:18:51,ShadowLocker Ransomware Activity #44,RANSOMWARE,EMAIL/SENDER DOMAIN,support-desk@corporate-demo.invalid,Internal SOC,A – Highly Reliable,76,MEDIUM,41,UNDER_REVIEW,2026-08-29 00:37:24,2026-08-31 21:18:51,CA,Synthetic telemetry record analyzing ransomware activity linked to defensive indicator support-desk@corporate-demo.invalid.,Impact,Inhibit System Recovery,T1490,,
THR-2026-1045,2026-07-15 22:06:48,Fake IT Helpdesk Remote Access Lure #45,SOCIAL ENGINEERING,CVE ID,CVE-2026-6623,Research Report,B – Usually Reliable,94,CRITICAL,97,UNDER_REVIEW,2026-07-13 10:32:15,2026-07-15 22:06:48,DE,Synthetic telemetry record analyzing social engineering activity linked to defensive indicator CVE-2026-6623.,Initial Access,Replication Through Removable Media,T1091,CVE-2026-6623,
THR-2026-1046,2026-08-01 17:37:47,VSS Shadow Copy Invalidation Stub #46,RANSOMWARE,DOMAIN,service.cdn-cache.example.com,Public Threat Feed,B – Usually Reliable,45,MEDIUM,52,MONITORING,2026-08-01 07:17:14,2026-08-01 17:37:47,IN,Synthetic telemetry record analyzing ransomware activity linked to defensive indicator service.cdn-cache.example.com.,Impact,Inhibit System Recovery,T1490,,
THR-2026-1047,2026-08-03 18:21:05,Admin Share Lateral Probe #47,RANSOMWARE,CVE ID,CVE-2026-1188,Community Submission,C – Fairly Reliable,40,INFORMATIONAL,9,MONITORING,2026-07-30 01:54:12,2026-08-03 18:21:05,NL,Synthetic telemetry record analyzing ransomware activity linked to defensive indicator CVE-2026-1188.,Infiltration,Lateral Movement: SMB/Windows Admin Shares,T1021.002,CVE-2026-1188,
THR-2026-1048,2026-07-15 06:38:08,Public Facing API Auth Bypass #48,VULNERABILITY EXPOSURE,EMAIL/SENDER DOMAIN,payroll-alert@example.net,Community Submission,C – Fairly Reliable,51,LOW,22,UNDER_REVIEW,2026-07-10 12:15:54,2026-07-15 06:38:08,FR,Synthetic telemetry record analyzing vulnerability exposure activity linked to defensive indicator payroll-alert@example.net.,Lateral Movement,Exploitation of Remote Services,T1210,CVE-2026-4401,
THR-2026-1049,2026-07-13 23:32:13,Server-Side Request Forgery Pattern #49,WEB THREATS,CVE ID,CVE-2026-2189,Public Threat Feed,B – Usually Reliable,77,HIGH,77,MONITORING,2026-07-12 07:00:37,2026-07-13 23:32:13,Global,Synthetic telemetry record analyzing web threats activity linked to defensive indicator CVE-2026-2189.,Command and Control,Web Service: Dead Drop Resolver,T1102.001,CVE-2026-2189,CAMP-DEFENSE-015
THR-2026-1050,2026-08-30 05:28:15,Spear-Phishing Credential Harvester #50,PHISHING,CVE ID,CVE-2026-9956,Internal SOC,A – Highly Reliable,74,HIGH,73,MONITORING,2026-08-29 07:59:08,2026-08-30 05:28:15,IN,Synthetic telemetry record analyzing phishing activity linked to defensive indicator CVE-2026-9956.,Initial Access,Phishing: Spearphishing Link,T1566.002,CVE-2026-9956,
THR-2026-1051,2026-08-05 21:01:03,QR Code Phishing (Quishing) Test #51,SOCIAL ENGINEERING,URL,https://doc-share.example.org/download/security-patch.bin?session_id=2040,Unknown Source,D – Reliability Unknown,76,MEDIUM,58,UNDER_REVIEW,2026-08-01 00:12:53,2026-08-05 21:01:03,CH,Synthetic telemetry record analyzing social engineering activity linked to defensive indicator https://doc-share.example.org/download/security-patch.bin?session_id=2040.,Initial Access,Replication Through Removable Media,T1091,,
THR-2026-1052,2026-08-17 21:56:45,Admin Share Lateral Probe #52,RANSOMWARE,DOMAIN,service.support-desk.invalid,Security Vendor,A – Highly Reliable,70,HIGH,78,MONITORING,2026-08-14 03:58:27,2026-08-17 21:56:45,US,Synthetic telemetry record analyzing ransomware activity linked to defensive indicator service.support-desk.invalid.,Impact,Data Encrypted for Impact,T1486,,CAMP-DEFENSE-021
THR-2026-1053,2026-07-25 09:23:17,Path Traversal Web Probe #53,WEB THREATS,IP ADDRESS,203.0.113.230,Public Threat Feed,B – Usually Reliable,81,HIGH,71,NEW,2026-07-23 10:34:11,2026-07-25 09:23:17,SG,Synthetic telemetry record analyzing web threats activity linked to defensive indicator 203.0.113.230.,Initial Access,Exploit Public-Facing Application,T1190,CVE-2026-2189,CAMP-DEFENSE-018
THR-2026-1054,2026-08-26 21:21:39,Path Traversal Web Probe #54,WEB THREATS,URL,https://update-service.example.org/update/agent-installer?session_id=8547,Community Submission,C – Fairly Reliable,69,HIGH,80,MONITORING,2026-08-26 04:31:06,2026-08-26 21:21:39,Global,Synthetic telemetry record analyzing web threats activity linked to defensive indicator https://update-service.example.org/update/agent-installer?session_id=8547.,Initial Access,Exploit Public-Facing Application,T1190,,CAMP-DEFENSE-018
THR-2026-1055,2026-07-09 07:14:39,Legacy WebDAV Exploit Sweep #55,VULNERABILITY EXPOSURE,DOMAIN,sub34.security-alert.example.net,Community Submission,C – Fairly Reliable,73,LOW,23,UNDER_REVIEW,2026-07-07 14:25:19,2026-07-09 07:14:39,GB,Synthetic telemetry record analyzing vulnerability exposure activity linked to defensive indicator sub34.security-alert.example.net.,Privilege Escalation,Exploitation for Privilege Escalation,T1068,CVE-2026-3390,
THR-2026-1056,2026-09-15 20:48:03,ICMP Covert Beaconing Pattern #56,NETWORK THREATS,FILE HASH,68cf7337aba0dfd8a28343816d09a3a1eb5fff4ec87631ffdfcaef73e614b412,Community Submission,C – Fairly Reliable,51,LOW,28,NEW,2026-09-11 03:16:23,2026-09-15 20:48:03,SG,Synthetic telemetry record analyzing network threats activity linked to defensive indicator 68cf7337aba0dfd8a28343816d09a3a1eb5fff4ec87631ffdfcaef73e614b412.,Discovery,Network Sniffing,T1040,,CAMP-DEFENSE-017
THR-2026-1057,2026-09-07 16:28:34,Port 445 Scanning in Perimeter #57,NETWORK THREATS,IP ADDRESS,203.0.113.126,Community Submission,C – Fairly Reliable,60,HIGH,71,NEW,2026-09-05 18:07:21,2026-09-07 16:28:34,JP,Synthetic telemetry record analyzing network threats activity linked to defensive indicator 203.0.113.126.,Command and Control,Protocol Tunneling,T1572,,CAMP-DEFENSE-009
THR-2026-1058,2026-07-19 05:01:43,MFA Fatigue Authentication Surge #58,ACCOUNT SECURITY,IP ADDRESS,203.0.113.229,Community Submission,C – Fairly Reliable,79,HIGH,76,UNDER_REVIEW,2026-07-18 20:05:15,2026-07-19 05:01:43,JP,Synthetic telemetry record analyzing account security activity linked to defensive indicator 203.0.113.229.,Persistence,Account Manipulation: Additional Credentials,T1098.001,,
THR-2026-1059,2026-09-03 15:57:51,Urgent Security Notification Lure #59,PHISHING,IP ADDRESS,198.51.100.54,Research Report,B – Usually Reliable,65,MEDIUM,51,CLOSED,2026-09-02 00:56:05,2026-09-03 15:57:51,CA,Synthetic telemetry record analyzing phishing activity linked to defensive indicator 198.51.100.54.,Initial Access,Phishing: Spearphishing Link,T1566.002,,
THR-2026-1060,2026-08-22 02:26:51,Misconfigured Cloud Bucket Scraping #60,DATA EXPOSURE,IP ADDRESS,192.0.2.205,Research Report,B – Usually Reliable,29,INFORMATIONAL,13,MONITORING,2026-08-20 12:22:08,2026-08-22 02:26:51,Global,Synthetic telemetry record analyzing data exposure activity linked to defensive indicator 192.0.2.205.,Collection,Data from Cloud Storage,T1530,,CAMP-DEFENSE-025
THR-2026-1061,2026-07-30 17:44:24,Anomalous SSH Bastion Brute Force #61,NETWORK THREATS,DOMAIN,sub88.security-alert.example.net,Internal SOC,A – Highly Reliable,53,MEDIUM,60,UNDER_REVIEW,2026-07-28 02:53:37,2026-07-30 17:44:24,AU,Synthetic telemetry record analyzing network threats activity linked to defensive indicator sub88.security-alert.example.net.,Discovery,Network Service Scanning,T1046,,CAMP-DEFENSE-017
THR-2026-1062,2026-09-26 01:39:45,Admin Share Lateral Probe #62,RANSOMWARE,DOMAIN,sub81.doc-share.example.org,Research Report,B – Usually Reliable,73,HIGH,77,NEW,2026-09-24 10:43:41,2026-09-26 01:39:45,FR,Synthetic telemetry record analyzing ransomware activity linked to defensive indicator sub81.doc-share.example.org.,Infiltration,Lateral Movement: SMB/Windows Admin Shares,T1021.002,,CAMP-DEFENSE-006
THR-2026-1063,2026-08-05 11:37:29,DNS Tunneling Exfiltration Signature #63,NETWORK THREATS,CVE ID,CVE-2026-5512,Community Submission,C – Fairly Reliable,65,MEDIUM,52,UNDER_REVIEW,2026-08-01 19:40:41,2026-08-05 11:37:29,DE,Synthetic telemetry record analyzing network threats activity linked to defensive indicator CVE-2026-5512.,Discovery,Network Sniffing,T1040,CVE-2026-5512,CAMP-DEFENSE-005
THR-2026-1064,2026-09-27 11:05:34,Edge Gateway Remote Buffer Trigger #64,VULNERABILITY EXPOSURE,URL,https://login-check.invalid/auth/login-redirect?session_id=1102,Internal SOC,A – Highly Reliable,82,MEDIUM,48,NEW,2026-09-23 10:53:54,2026-09-27 11:05:34,Global,Synthetic telemetry record analyzing vulnerability exposure activity linked to defensive indicator https://login-check.invalid/auth/login-redirect?session_id=1102.,Initial Access,Exploit Public-Facing Application,T1190,CVE-2026-2189,
THR-2026-1065,2026-08-31 18:10:03,ICMP Covert Beaconing Pattern #65,NETWORK THREATS,URL,https://auth-gateway.example.com/invoice/preview-doc.pdf?session_id=1091,Public Threat Feed,B – Usually Reliable,65,LOW,34,UNDER_REVIEW,2026-08-31 14:06:46,2026-08-31 18:10:03,AU,Synthetic telemetry record analyzing network threats activity linked to defensive indicator https://auth-gateway.example.com/invoice/preview-doc.pdf?session_id=1091.,Discovery,Network Sniffing,T1040,,CAMP-DEFENSE-017
THR-2026-1066,2026-07-06 17:37:32,Impossible Travel Anomaly #66,ACCOUNT SECURITY,EMAIL/SENDER DOMAIN,security-admin@example.org,Research Report,B – Usually Reliable,84,CRITICAL,94,NEW,2026-07-03 06:46:56,2026-07-06 17:37:32,GB,Synthetic telemetry record analyzing account security activity linked to defensive indicator security-admin@example.org.,Defense Evasion,Valid Accounts: Cloud Accounts,T1078.004,,CAMP-DEFENSE-014
THR-2026-1067,2026-09-12 12:20:10,Port 445 Scanning in Perimeter #67,NETWORK THREATS,EMAIL/SENDER DOMAIN,hr-notices@example.net,Public Threat Feed,B – Usually Reliable,79,MEDIUM,46,NEW,2026-09-07 17:17:35,2026-09-12 12:20:10,BR,Synthetic telemetry record analyzing network threats activity linked to defensive indicator hr-notices@example.net.,Discovery,Network Service Scanning,T1046,,CAMP-DEFENSE-003
THR-2026-1068,2026-09-22 23:47:50,Corporate SSO Impersonation Portal #68,PHISHING,CVE ID,CVE-2026-8845,Community Submission,C – Fairly Reliable,53,INFORMATIONAL,7,MONITORING,2026-09-21 02:32:19,2026-09-22 23:47:50,US,Synthetic telemetry record analyzing phishing activity linked to defensive indicator CVE-2026-8845.,Initial Access,Phishing: Spearphishing Attachment,T1566.001,CVE-2026-8845,CAMP-DEFENSE-023
THR-2026-1069,2026-09-23 11:41:25,Exfiltration via Public Cloud Storage #69,DATA EXPOSURE,DOMAIN,sub61.security-alert.example.net,Unknown Source,D – Reliability Unknown,75,HIGH,72,MONITORING,2026-09-21 04:58:02,2026-09-23 11:41:25,GB,Synthetic telemetry record analyzing data exposure activity linked to defensive indicator sub61.security-alert.example.net.,Exfiltration,Exfiltration Over Alternative Protocol,T1048,,
THR-2026-1070,2026-08-06 16:53:01,Unauthenticated Deserialization Scan #70,VULNERABILITY EXPOSURE,DOMAIN,sub14.cdn-cache.example.com,Security Vendor,A – Highly Reliable,72,HIGH,75,UNDER_REVIEW,2026-08-04 03:34:20,2026-08-06 16:53:01,CH,Synthetic telemetry record analyzing vulnerability exposure activity linked to defensive indicator sub14.cdn-cache.example.com.,Lateral Movement,Exploitation of Remote Services,T1210,CVE-2026-4401,
THR-2026-1071,2026-09-25 14:58:35,Fake IT Helpdesk Remote Access Lure #71,SOCIAL ENGINEERING,IP ADDRESS,203.0.113.121,Security Vendor,A – Highly Reliable,66,LOW,27,UNDER_REVIEW,2026-09-22 04:28:43,2026-09-25 14:58:35,GB,Synthetic telemetry record analyzing social engineering activity linked to defensive indicator 203.0.113.121.,Initial Access,Replication Through Removable Media,T1091,,
THR-2026-1072,2026-08-25 06:47:51,MFA Fatigue Authentication Surge #72,ACCOUNT SECURITY,EMAIL/SENDER DOMAIN,payroll-alert@example.org,Unknown Source,D – Reliability Unknown,50,LOW,34,NEW,2026-08-24 10:15:16,2026-08-25 06:47:51,SG,Synthetic telemetry record analyzing account security activity linked to defensive indicator payroll-alert@example.org.,Persistence,Create Account: Local Account,T1136.001,CVE-2026-5512,CAMP-DEFENSE-018
THR-2026-1073,2026-07-16 09:20:37,Port 445 Scanning in Perimeter #73,NETWORK THREATS,CVE ID,CVE-2026-8845,Community Submission,C – Fairly Reliable,47,LOW,30,CLOSED,2026-07-13 16:31:27,2026-07-16 09:20:37,GB,Synthetic telemetry record analyzing network threats activity linked to defensive indicator CVE-2026-8845.,Command and Control,Protocol Tunneling,T1572,CVE-2026-8845,
THR-2026-1074,2026-07-15 12:20:28,Legacy WebDAV Exploit Sweep #74,VULNERABILITY EXPOSURE,URL,https://telemetry-sync.example.net/verify-account/prompt?session_id=6449,Public Threat Feed,B – Usually Reliable,89,CRITICAL,96,MONITORING,2026-07-12 15:01:41,2026-07-15 12:20:28,US,Synthetic telemetry record analyzing vulnerability exposure activity linked to defensive indicator https://telemetry-sync.example.net/verify-account/prompt?session_id=6449.,Initial Access,Exploit Public-Facing Application,T1190,CVE-2026-3390,
THR-2026-1075,2026-09-16 17:52:31,Admin Share Lateral Probe #75,RANSOMWARE,EMAIL/SENDER DOMAIN,hr-notices@corporate-demo.invalid,Internal SOC,A – Highly Reliable,74,MEDIUM,60,CLOSED,2026-09-15 02:08:32,2026-09-16 17:52:31,GB,Synthetic telemetry record analyzing ransomware activity linked to defensive indicator hr-notices@corporate-demo.invalid.,Infiltration,Lateral Movement: SMB/Windows Admin Shares,T1021.002,,CAMP-DEFENSE-023
THR-2026-1076,2026-09-17 21:36:02,MFA Fatigue Authentication Surge #76,ACCOUNT SECURITY,EMAIL/SENDER DOMAIN,payroll-alert@example.org,Security Vendor,A – Highly Reliable,64,HIGH,64,NEW,2026-09-13 20:07:19,2026-09-17 21:36:02,GB,Synthetic telemetry record analyzing account security activity linked to defensive indicator payroll-alert@example.org.,Defense Evasion,Valid Accounts: Cloud Accounts,T1078.004,,
THR-2026-1077,2026-08-18 08:39:04,Corporate SSO Impersonation Portal #77,PHISHING,IP ADDRESS,198.51.100.195,Community Submission,C – Fairly Reliable,78,MEDIUM,55,MONITORING,2026-08-14 07:21:05,2026-08-18 08:39:04,BR,Synthetic telemetry record analyzing phishing activity linked to defensive indicator 198.51.100.195.,Initial Access,Phishing: Spearphishing Voice,T1566.004,,
THR-2026-1078,2026-07-10 05:19:29,Unencrypted Diagnostic Log Leak #78,DATA EXPOSURE,URL,https://update-service.example.org/invoice/preview-doc.pdf?session_id=9765,Research Report,B – Usually Reliable,76,CRITICAL,82,MONITORING,2026-07-06 05:28:54,2026-07-10 05:19:29,DE,Synthetic telemetry record analyzing data exposure activity linked to defensive indicator https://update-service.example.org/invoice/preview-doc.pdf?session_id=9765.,,,,,CAMP-DEFENSE-013
THR-2026-1079,2026-07-07 13:02:46,Watering Hole Redirector Demo #79,SOCIAL ENGINEERING,IP ADDRESS,198.51.100.214,Security Vendor,A – Highly Reliable,46,MEDIUM,43,MONITORING,2026-07-03 04:24:20,2026-07-07 13:02:46,BR,Synthetic telemetry record analyzing social engineering activity linked to defensive indicator 198.51.100.214.,Initial Access,Trusted Relationship,T1199,,
THR-2026-1080,2026-09-06 09:32:50,Urgent Security Notification Lure #80,PHISHING,IP ADDRESS,198.51.100.51,Research Report,B – Usually Reliable,84,MEDIUM,42,NEW,2026-09-02 01:24:16,2026-09-06 09:32:50,DE,Synthetic telemetry record analyzing phishing activity linked to defensive indicator 198.51.100.51.,Initial Access,Phishing: Spearphishing Link,T1566.002,,
THR-2026-1081,2026-08-05 09:12:43,MFA Fatigue Authentication Surge #81,ACCOUNT SECURITY,IP ADDRESS,192.0.2.102,Internal SOC,A – Highly Reliable,37,LOW,26,MONITORING,2026-08-01 17:24:04,2026-08-05 09:12:43,US,Synthetic telemetry record analyzing account security activity linked to defensive indicator 192.0.2.102.,Persistence,Create Account: Local Account,T1136.001,,
THR-2026-1082,2026-08-27 22:08:27,Memory Injection Testing Stub #82,MALWARE,EMAIL/SENDER DOMAIN,billing-verify@example.com,Internal SOC,A – Highly Reliable,73,CRITICAL,82,MONITORING,2026-08-27 09:36:01,2026-08-27 22:08:27,NL,Synthetic telemetry record analyzing malware activity linked to defensive indicator billing-verify@example.com.,Execution,User Execution: Malicious File,T1204.002,,
THR-2026-1083,2026-08-10 21:42:12,Password Spraying against ADFS Demo #83,CREDENTIAL THREATS,EMAIL/SENDER DOMAIN,hr-notices@example.com,Public Threat Feed,B – Usually Reliable,30,LOW,38,UNDER_REVIEW,2026-08-08 17:55:46,2026-08-10 21:42:12,GB,Synthetic telemetry record analyzing credential threats activity linked to defensive indicator hr-notices@example.com.,Credential Access,OS Credential Dumping,T1003,,
THR-2026-1084,2026-07-22 07:26:51,Path Traversal Web Probe #84,WEB THREATS,DOMAIN,service.corp-portal-test.invalid,Internal SOC,A – Highly Reliable,66,MEDIUM,45,NEW,2026-07-18 21:28:57,2026-07-22 07:26:51,AU,Synthetic telemetry record analyzing web threats activity linked to defensive indicator service.corp-portal-test.invalid.,Command and Control,Web Service: Dead Drop Resolver,T1102.001,,
THR-2026-1085,2026-07-17 04:23:11,Extortion Double-Dip Campaign #85,RANSOMWARE,IP ADDRESS,203.0.113.50,Unknown Source,D – Reliability Unknown,80,LOW,33,CLOSED,2026-07-12 05:02:18,2026-07-17 04:23:11,CH,Synthetic telemetry record analyzing ransomware activity linked to defensive indicator 203.0.113.50.,,,,,
THR-2026-1086,2026-08-09 20:43:44,Dormant Administrator Account Activation #86,ACCOUNT SECURITY,EMAIL/SENDER DOMAIN,support-desk@example.org,Unknown Source,D – Reliability Unknown,74,HIGH,68,UNDER_REVIEW,2026-08-05 17:54:35,2026-08-09 20:43:44,FR,Synthetic telemetry record analyzing account security activity linked to defensive indicator support-desk@example.org.,,,,,
THR-2026-1087,2026-09-12 06:09:41,Port 445 Scanning in Perimeter #87,NETWORK THREATS,FILE HASH,7ef5a076663716b15ee2ba8383b2840b71c236460f8394c5f1530d105c07a639,Security Vendor,A – Highly Reliable,70,CRITICAL,85,UNDER_REVIEW,2026-09-12 02:54:59,2026-09-12 06:09:41,CA,Synthetic telemetry record analyzing network threats activity linked to defensive indicator 7ef5a076663716b15ee2ba8383b2840b71c236460f8394c5f1530d105c07a639.,,,,,CAMP-DEFENSE-004
THR-2026-1088,2026-09-16 08:40:45,Password Spraying against ADFS Demo #88,CREDENTIAL THREATS,EMAIL/SENDER DOMAIN,security-admin@example.net,Internal SOC,A – Highly Reliable,72,MEDIUM,43,UNDER_REVIEW,2026-09-13 06:20:53,2026-09-16 08:40:45,SG,Synthetic telemetry record analyzing credential threats activity linked to defensive indicator security-admin@example.net.,Credential Access,Credentials in Files,T1552.001,CVE-2026-4401,CAMP-DEFENSE-010
THR-2026-1089,2026-07-29 10:59:17,ICMP Covert Beaconing Pattern #89,NETWORK THREATS,URL,https://update-service.example.org/verify-account/prompt?session_id=4634,Unknown Source,D – Reliability Unknown,31,LOW,24,MONITORING,2026-07-28 00:44:00,2026-07-29 10:59:17,SG,Synthetic telemetry record analyzing network threats activity linked to defensive indicator https://update-service.example.org/verify-account/prompt?session_id=4634.,Command and Control,Protocol Tunneling,T1572,,
THR-2026-1090,2026-08-09 06:21:03,Public Facing API Auth Bypass #90,VULNERABILITY EXPOSURE,URL,https://support-desk.invalid/download/security-patch.bin?session_id=7076,Research Report,B – Usually Reliable,57,LOW,30,NEW,2026-08-05 08:56:42,2026-08-09 06:21:03,CA,Synthetic telemetry record analyzing vulnerability exposure activity linked to defensive indicator https://support-desk.invalid/download/security-patch.bin?session_id=7076.,Initial Access,Exploit Public-Facing Application,T1190,CVE-2026-5512,
THR-2026-1091,2026-09-25 23:26:30,Legacy WebDAV Exploit Sweep #91,VULNERABILITY EXPOSURE,IP ADDRESS,192.0.2.12,Community Submission,C – Fairly Reliable,61,HIGH,64,NEW,2026-09-25 09:13:14,2026-09-25 23:26:30,JP,Synthetic telemetry record analyzing vulnerability exposure activity linked to defensive indicator 192.0.2.12.,Lateral Movement,Exploitation of Remote Services,T1210,CVE-2026-7734,
THR-2026-1092,2026-09-27 11:38:08,Encrypted Payload Delivery Simulation #92,MALWARE,FILE HASH,28155ee24a1bbf38e19d346db0bd215acf1b2ef774acc7f586eaee355a668f99,Community Submission,C – Fairly Reliable,48,INFORMATIONAL,16,NEW,2026-09-27 10:03:36,2026-09-27 11:38:08,CH,Synthetic telemetry record analyzing malware activity linked to defensive indicator 28155ee24a1bbf38e19d346db0bd215acf1b2ef774acc7f586eaee355a668f99.,,,,,
THR-2026-1093,2026-09-27 12:00:30,Corporate SSO Impersonation Portal #93,PHISHING,FILE HASH,db6e144c9dc4fa4d59e055e589697df96f81695514fcc6a489ffbced20d44f43,Community Submission,C – Fairly Reliable,75,LOW,35,UNDER_REVIEW,2026-09-25 05:39:10,2026-09-27 12:00:30,CA,Synthetic telemetry record analyzing phishing activity linked to defensive indicator db6e144c9dc4fa4d59e055e589697df96f81695514fcc6a489ffbced20d44f43.,Initial Access,Phishing: Spearphishing Link,T1566.002,,
THR-2026-1094,2026-09-13 15:30:57,Path Traversal Web Probe #94,WEB THREATS,DOMAIN,sub32.auth-gateway.example.com,Unknown Source,D – Reliability Unknown,79,MEDIUM,52,UNDER_REVIEW,2026-09-13 13:25:27,2026-09-13 15:30:57,CA,Synthetic telemetry record analyzing web threats activity linked to defensive indicator sub32.auth-gateway.example.com.,Command and Control,Web Service: Dead Drop Resolver,T1102.001,,
THR-2026-1095,2026-09-13 10:18:48,Urgent Security Notification Lure #95,PHISHING,DOMAIN,service.login-check.invalid,Public Threat Feed,B – Usually Reliable,79,HIGH,67,CLOSED,2026-09-10 01:47:14,2026-09-13 10:18:48,GB,Synthetic telemetry record analyzing phishing activity linked to defensive indicator service.login-check.invalid.,Initial Access,Phishing: Spearphishing Attachment,T1566.001,,
THR-2026-1096,2026-07-18 15:17:48,Generic Modular Loader Simulation #96,MALWARE,URL,https://support-desk.invalid/download/security-patch.bin?session_id=9595,Security Vendor,A – Highly Reliable,48,MEDIUM,42,MONITORING,2026-07-15 03:21:33,2026-07-18 15:17:48,Global,Synthetic telemetry record analyzing malware activity linked to defensive indicator https://support-desk.invalid/download/security-patch.bin?session_id=9595.,Defense Evasion,Obfuscated Files or Information,T1027,,CAMP-DEFENSE-011
THR-2026-1097,2026-08-18 15:45:13,Generic Modular Loader Simulation #97,MALWARE,IP ADDRESS,192.0.2.115,Community Submission,C – Fairly Reliable,70,CRITICAL,82,CLOSED,2026-08-16 07:40:14,2026-08-18 15:45:13,CH,Synthetic telemetry record analyzing malware activity linked to defensive indicator 192.0.2.115.,Defense Evasion,Obfuscated Files or Information,T1027,,
THR-2026-1098,2026-10-01 01:04:09,Dormant Administrator Account Activation #98,ACCOUNT SECURITY,CVE ID,CVE-2026-5512,Community Submission,C – Fairly Reliable,80,CRITICAL,83,UNDER_REVIEW,2026-09-29 19:09:15,2026-10-01 01:04:09,BR,Synthetic telemetry record analyzing account security activity linked to defensive indicator CVE-2026-5512.,Persistence,Account Manipulation: Additional Credentials,T1098.001,CVE-2026-5512,
THR-2026-1099,2026-07-22 21:29:46,Dormant Administrator Account Activation #99,ACCOUNT SECURITY,FILE HASH,3645193f430d053a629433de7b46c152c1fce6c98a500b0c4a8cf897cf2fb83f,Research Report,B – Usually Reliable,49,MEDIUM,48,UNDER_REVIEW,2026-07-20 05:59:36,2026-07-22 21:29:46,DE,Synthetic telemetry record analyzing account security activity linked to defensive indicator 3645193f430d053a629433de7b46c152c1fce6c98a500b0c4a8cf897cf2fb83f.,Persistence,Create Account: Local Account,T1136.001,,CAMP-DEFENSE-014
THR-2026-1100,2026-09-11 20:56:47,Unauthenticated Deserialization Scan #00,VULNERABILITY EXPOSURE,FILE HASH,f10f8f402f2737892b9e1cde8530e1b016b24ea5b5357e1aefd48669d9e69169,Security Vendor,A – Highly Reliable,56,INFORMATIONAL,20,UNDER_REVIEW,2026-09-10 10:32:52,2026-09-11 20:56:47,CH,Synthetic telemetry record analyzing vulnerability exposure activity linked to defensive indicator f10f8f402f2737892b9e1cde8530e1b016b24ea5b5357e1aefd48669d9e69169.,Initial Access,Exploit Public-Facing Application,T1190,CVE-2026-3390,
THR-2026-1101,2026-09-05 07:49:30,Sensitive API Endpoint Exposure #01,DATA EXPOSURE,CVE ID,CVE-2026-5512,Community Submission,C – Fairly Reliable,58,LOW,40,CLOSED,2026-09-02 11:36:34,2026-09-05 07:49:30,US,Synthetic telemetry record analyzing data exposure activity linked to defensive indicator CVE-2026-5512.,Exfiltration,Exfiltration Over Web Service,T1567,CVE-2026-5512,CAMP-DEFENSE-014
THR-2026-1102,2026-07-19 14:46:11,Synthetic Token Theft Activity #02,CREDENTIAL THREATS,FILE HASH,5f37fb4cd831dfd609800270f3988fbc973c50c8dec108f6d22c2281efb305fc,Research Report,B – Usually Reliable,56,LOW,23,NEW,2026-07-16 21:54:13,2026-07-19 14:46:11,DE,Synthetic telemetry record analyzing credential threats activity linked to defensive indicator 5f37fb4cd831dfd609800270f3988fbc973c50c8dec108f6d22c2281efb305fc.,,,,,
THR-2026-1103,2026-07-30 05:21:34,Unencrypted Diagnostic Log Leak #03,DATA EXPOSURE,IP ADDRESS,192.0.2.95,Unknown Source,D – Reliability Unknown,82,MEDIUM,57,FALSE_POSITIVE,2026-07-27 03:32:04,2026-07-30 05:21:34,BR,Synthetic telemetry record analyzing data exposure activity linked to defensive indicator 192.0.2.95.,Exfiltration,Exfiltration Over Web Service,T1567,,CAMP-DEFENSE-015
THR-2026-1104,2026-07-09 21:11:01,Sensitive API Endpoint Exposure #04,DATA EXPOSURE,IP ADDRESS,192.0.2.249,Community Submission,C – Fairly Reliable,40,LOW,25,UNDER_REVIEW,2026-07-05 09:53:02,2026-07-09 21:11:01,IN,Synthetic telemetry record analyzing data exposure activity linked to defensive indicator 192.0.2.249.,Exfiltration,Exfiltration Over Alternative Protocol,T1048,,
THR-2026-1105,2026-08-13 20:26:18,Fake IT Helpdesk Remote Access Lure #05,SOCIAL ENGINEERING,EMAIL/SENDER DOMAIN,support-desk@corporate-demo.invalid,Internal SOC,A – Highly Reliable,46,INFORMATIONAL,6,NEW,2026-08-13 13:01:57,2026-08-13 20:26:18,AU,Synthetic telemetry record analyzing social engineering activity linked to defensive indicator support-desk@corporate-demo.invalid.,Execution,User Execution: Malicious Link,T1204.001,,
THR-2026-1106,2026-09-23 02:10:17,OAuth High-Privilege Consent Grant #06,ACCOUNT SECURITY,IP ADDRESS,198.51.100.153,Research Report,B – Usually Reliable,52,INFORMATIONAL,10,MONITORING,2026-09-19 20:25:02,2026-09-23 02:10:17,FR,Synthetic telemetry record analyzing account security activity linked to defensive indicator 198.51.100.153.,Persistence,Create Account: Local Account,T1136.001,,CAMP-DEFENSE-006
THR-2026-1107,2026-07-09 16:34:05,Exfiltration via Public Cloud Storage #07,DATA EXPOSURE,DOMAIN,sub60.support-desk.invalid,Unknown Source,D – Reliability Unknown,47,MEDIUM,49,MONITORING,2026-07-07 07:18:42,2026-07-09 16:34:05,DE,Synthetic telemetry record analyzing data exposure activity linked to defensive indicator sub60.support-desk.invalid.,Exfiltration,Exfiltration Over Web Service,T1567,,CAMP-DEFENSE-003
THR-2026-1108,2026-08-04 13:42:56,ICMP Covert Beaconing Pattern #08,NETWORK THREATS,FILE HASH,ac00d177deb53a3375b46796391d4cb85fe3d0d4ac220dd5f8862fdbc31370de,Community Submission,C – Fairly Reliable,65,LOW,38,MONITORING,2026-08-03 16:28:19,2026-08-04 13:42:56,GB,Synthetic telemetry record analyzing network threats activity linked to defensive indicator ac00d177deb53a3375b46796391d4cb85fe3d0d4ac220dd5f8862fdbc31370de.,Discovery,Network Sniffing,T1040,,CAMP-DEFENSE-015
THR-2026-1109,2026-07-10 01:10:20,Path Traversal Web Probe #09,WEB THREATS,CVE ID,CVE-2026-5512,Community Submission,C – Fairly Reliable,54,LOW,40,UNDER_REVIEW,2026-07-06 12:55:51,2026-07-10 01:10:20,CA,Synthetic telemetry record analyzing web threats activity linked to defensive indicator CVE-2026-5512.,Initial Access,Exploit Public-Facing Application,T1190,CVE-2026-5512,
THR-2026-1110,2026-09-17 13:35:48,Sensitive API Endpoint Exposure #10,DATA EXPOSURE,URL,https://update-service.example.org/download/security-patch.bin?session_id=8273,Internal SOC,A – Highly Reliable,67,MEDIUM,46,UNDER_REVIEW,2026-09-15 21:02:04,2026-09-17 13:35:48,US,Synthetic telemetry record analyzing data exposure activity linked to defensive indicator https://update-service.example.org/download/security-patch.bin?session_id=8273.,Exfiltration,Exfiltration Over Web Service,T1567,,
THR-2026-1111,2026-08-26 08:16:42,Exfiltration via Public Cloud Storage #11,DATA EXPOSURE,EMAIL/SENDER DOMAIN,hr-notices@example.net,Community Submission,C – Fairly Reliable,57,LOW,22,FALSE_POSITIVE,2026-08-22 20:40:32,2026-08-26 08:16:42,IN,Synthetic telemetry record analyzing data exposure activity linked to defensive indicator hr-notices@example.net.,,,,,
THR-2026-1112,2026-07-18 10:16:28,MFA Fatigue Authentication Surge #12,ACCOUNT SECURITY,IP ADDRESS,198.51.100.6,Community Submission,C – Fairly Reliable,57,INFORMATIONAL,8,FALSE_POSITIVE,2026-07-17 23:34:22,2026-07-18 10:16:28,NL,Synthetic telemetry record analyzing account security activity linked to defensive indicator 198.51.100.6.,Persistence,Create Account: Local Account,T1136.001,,
THR-2026-1113,2026-07-28 14:44:38,Edge Gateway Remote Buffer Trigger #13,VULNERABILITY EXPOSURE,IP ADDRESS,192.0.2.55,Research Report,B – Usually Reliable,32,LOW,28,UNDER_REVIEW,2026-07-24 03:24:39,2026-07-28 14:44:38,GB,Synthetic telemetry record analyzing vulnerability exposure activity linked to defensive indicator 192.0.2.55.,Privilege Escalation,Exploitation for Privilege Escalation,T1068,CVE-2026-9956,
THR-2026-1114,2026-09-20 02:49:45,ICMP Covert Beaconing Pattern #14,NETWORK THREATS,URL,https://corp-portal-test.invalid/secure/portal/auth?session_id=3369,Public Threat Feed,B – Usually Reliable,42,LOW,22,CLOSED,2026-09-19 15:08:45,2026-09-20 02:49:45,Global,Synthetic telemetry record analyzing network threats activity linked to defensive indicator https://corp-portal-test.invalid/secure/portal/auth?session_id=3369.,Command and Control,Protocol Tunneling,T1572,CVE-2026-1188,
THR-2026-1115,2026-09-19 22:03:55,QR Code Phishing (Quishing) Test #15,SOCIAL ENGINEERING,CVE ID,CVE-2026-9956,Community Submission,C – Fairly Reliable,85,MEDIUM,58,MONITORING,2026-09-18 15:01:20,2026-09-19 22:03:55,CA,Synthetic telemetry record analyzing social engineering activity linked to defensive indicator CVE-2026-9956.,,,,CVE-2026-9956,
THR-2026-1116,2026-09-06 23:10:14,Sensitive API Endpoint Exposure #16,DATA EXPOSURE,DOMAIN,service.auth-gateway.example.com,Research Report,B – Usually Reliable,80,CRITICAL,88,UNDER_REVIEW,2026-09-04 09:08:02,2026-09-06 23:10:14,CH,Synthetic telemetry record analyzing data exposure activity linked to defensive indicator service.auth-gateway.example.com.,Exfiltration,Exfiltration Over Alternative Protocol,T1048,,
THR-2026-1117,2026-08-22 17:30:29,Impossible Travel Anomaly #17,ACCOUNT SECURITY,FILE HASH,c9512af513f46c02d6633f71735aded3bc86f633d01fe0bcccb02c92db08015e,Community Submission,C – Fairly Reliable,50,MEDIUM,50,NEW,2026-08-18 01:52:15,2026-08-22 17:30:29,IN,Synthetic telemetry record analyzing account security activity linked to defensive indicator c9512af513f46c02d6633f71735aded3bc86f633d01fe0bcccb02c92db08015e.,Persistence,Create Account: Local Account,T1136.001,,CAMP-DEFENSE-022
THR-2026-1118,2026-09-15 01:58:39,ShadowLocker Ransomware Activity #18,RANSOMWARE,CVE ID,CVE-2026-1042,Unknown Source,D – Reliability Unknown,67,HIGH,72,NEW,2026-09-10 20:35:57,2026-09-15 01:58:39,AU,Synthetic telemetry record analyzing ransomware activity linked to defensive indicator CVE-2026-1042.,Infiltration,Lateral Movement: SMB/Windows Admin Shares,T1021.002,CVE-2026-1042,
THR-2026-1119,2026-09-12 16:40:17,Spear-Phishing Credential Harvester #19,PHISHING,DOMAIN,sub78.security-alert.example.net,Research Report,B – Usually Reliable,51,MEDIUM,45,UNDER_REVIEW,2026-09-11 02:56:41,2026-09-12 16:40:17,US,Synthetic telemetry record analyzing phishing activity linked to defensive indicator sub78.security-alert.example.net.,Initial Access,Phishing: Spearphishing Attachment,T1566.001,,
THR-2026-1120,2026-09-04 11:05:45,Urgent Security Notification Lure #20,PHISHING,EMAIL/SENDER DOMAIN,payroll-alert@example.net,Security Vendor,A – Highly Reliable,48,LOW,22,CLOSED,2026-08-30 14:32:34,2026-09-04 11:05:45,AU,Synthetic telemetry record analyzing phishing activity linked to defensive indicator payroll-alert@example.net.,Initial Access,Phishing: Spearphishing Attachment,T1566.001,,CAMP-DEFENSE-024
THR-2026-1121,2026-09-07 18:01:35,Executive Pretexting Call Campaign #21,SOCIAL ENGINEERING,FILE HASH,6695db0309a8b06c8f7b9ed2e95fe087dde4f4fc090d906e0194f17f5e5025c7,Research Report,B – Usually Reliable,70,HIGH,70,UNDER_REVIEW,2026-09-07 16:18:14,2026-09-07 18:01:35,IN,Synthetic telemetry record analyzing social engineering activity linked to defensive indicator 6695db0309a8b06c8f7b9ed2e95fe087dde4f4fc090d906e0194f17f5e5025c7.,Execution,User Execution: Malicious Link,T1204.001,,
THR-2026-1122,2026-07-20 22:09:39,QR Code Phishing (Quishing) Test #22,SOCIAL ENGINEERING,URL,https://cdn-cache.example.com/invoice/preview-doc.pdf?session_id=4150,Community Submission,C – Fairly Reliable,46,LOW,32,NEW,2026-07-20 18:41:38,2026-07-20 22:09:39,SG,Synthetic telemetry record analyzing social engineering activity linked to defensive indicator https://cdn-cache.example.com/invoice/preview-doc.pdf?session_id=4150.,Execution,User Execution: Malicious Link,T1204.001,,
THR-2026-1123,2026-09-01 06:57:25,SQLi Pattern on Public Gateway #23,WEB THREATS,IP ADDRESS,192.0.2.102,Unknown Source,D – Reliability Unknown,30,LOW,22,NEW,2026-08-29 05:58:05,2026-09-01 06:57:25,JP,Synthetic telemetry record analyzing web threats activity linked to defensive indicator 192.0.2.102.,Command and Control,Web Service: Dead Drop Resolver,T1102.001,,
THR-2026-1124,2026-07-30 22:20:03,ShadowLocker Ransomware Activity #24,RANSOMWARE,FILE HASH,793fdc24ce47962eff13c4e7dc836922d6461b32ef653145b1beb87be758bd1a,Research Report,B – Usually Reliable,84,MEDIUM,51,FALSE_POSITIVE,2026-07-28 13:27:37,2026-07-30 22:20:03,SG,Synthetic telemetry record analyzing ransomware activity linked to defensive indicator 793fdc24ce47962eff13c4e7dc836922d6461b32ef653145b1beb87be758bd1a.,,,,CVE-2026-2189,CAMP-DEFENSE-023
THR-2026-1125,2026-07-24 22:45:37,Sensitive API Endpoint Exposure #25,DATA EXPOSURE,URL,https://security-alert.example.net/update/agent-installer?session_id=1982,Internal SOC,A – Highly Reliable,57,INFORMATIONAL,20,MONITORING,2026-07-20 01:13:44,2026-07-24 22:45:37,DE,Synthetic telemetry record analyzing data exposure activity linked to defensive indicator https://security-alert.example.net/update/agent-installer?session_id=1982.,Exfiltration,Exfiltration Over Alternative Protocol,T1048,,
THR-2026-1126,2026-07-09 15:28:02,VSS Shadow Copy Invalidation Stub #26,RANSOMWARE,EMAIL/SENDER DOMAIN,payroll-alert@example.net,Research Report,B – Usually Reliable,84,CRITICAL,89,CLOSED,2026-07-05 03:47:43,2026-07-09 15:28:02,DE,Synthetic telemetry record analyzing ransomware activity linked to defensive indicator payroll-alert@example.net.,,,,,
THR-2026-1127,2026-09-26 12:13:49,ShadowLocker Ransomware Activity #27,RANSOMWARE,CVE ID,CVE-2026-1188,Security Vendor,A – Highly Reliable,51,LOW,36,CLOSED,2026-09-23 20:46:44,2026-09-26 12:13:49,CA,Synthetic telemetry record analyzing ransomware activity linked to defensive indicator CVE-2026-1188.,Infiltration,Lateral Movement: SMB/Windows Admin Shares,T1021.002,CVE-2026-1188,
THR-2026-1128,2026-07-08 02:13:15,Unencrypted Diagnostic Log Leak #28,DATA EXPOSURE,URL,https://client-token.example.org/auth/login-redirect?session_id=7037,Public Threat Feed,B – Usually Reliable,74,LOW,38,FALSE_POSITIVE,2026-07-07 05:14:30,2026-07-08 02:13:15,US,Synthetic telemetry record analyzing data exposure activity linked to defensive indicator https://client-token.example.org/auth/login-redirect?session_id=7037.,Collection,Data from Cloud Storage,T1530,,CAMP-DEFENSE-025
THR-2026-1129,2026-09-03 20:26:47,Urgent Security Notification Lure #29,PHISHING,CVE ID,CVE-2026-2189,Public Threat Feed,B – Usually Reliable,54,MEDIUM,51,NEW,2026-09-02 00:21:19,2026-09-03 20:26:47,JP,Synthetic telemetry record analyzing phishing activity linked to defensive indicator CVE-2026-2189.,Initial Access,Phishing: Spearphishing Link,T1566.002,CVE-2026-2189,CAMP-DEFENSE-007
THR-2026-1130,2026-08-22 21:43:59,Exfiltration via Public Cloud Storage #30,DATA EXPOSURE,EMAIL/SENDER DOMAIN,security-admin@example.com,Research Report,B – Usually Reliable,81,HIGH,68,NEW,2026-08-19 00:54:24,2026-08-22 21:43:59,BR,Synthetic telemetry record analyzing data exposure activity linked to defensive indicator security-admin@example.com.,Collection,Data from Cloud Storage,T1530,,CAMP-DEFENSE-006
THR-2026-1131,2026-09-30 04:22:50,ShadowLocker Ransomware Activity #31,RANSOMWARE,IP ADDRESS,198.51.100.91,Unknown Source,D – Reliability Unknown,79,HIGH,63,MONITORING,2026-09-27 11:13:56,2026-09-30 04:22:50,AU,Synthetic telemetry record analyzing ransomware activity linked to defensive indicator 198.51.100.91.,Impact,Data Encrypted for Impact,T1486,,CAMP-DEFENSE-023
THR-2026-1132,2026-07-18 17:20:43,OAuth High-Privilege Consent Grant #32,ACCOUNT SECURITY,DOMAIN,service.security-alert.example.net,Community Submission,C – Fairly Reliable,87,HIGH,71,MONITORING,2026-07-17 09:20:00,2026-07-18 17:20:43,CA,Synthetic telemetry record analyzing account security activity linked to defensive indicator service.security-alert.example.net.,Defense Evasion,Valid Accounts: Cloud Accounts,T1078.004,CVE-2026-2189,
THR-2026-1133,2026-08-31 06:29:36,Executive Pretexting Call Campaign #33,SOCIAL ENGINEERING,EMAIL/SENDER DOMAIN,support-desk@example.com,Research Report,B – Usually Reliable,46,LOW,32,CLOSED,2026-08-30 09:49:24,2026-08-31 06:29:36,CA,Synthetic telemetry record analyzing social engineering activity linked to defensive indicator support-desk@example.com.,Initial Access,Replication Through Removable Media,T1091,,CAMP-DEFENSE-018
THR-2026-1134,2026-07-22 19:26:28,Dormant Administrator Account Activation #34,ACCOUNT SECURITY,EMAIL/SENDER DOMAIN,hr-notices@corporate-demo.invalid,Unknown Source,D – Reliability Unknown,60,MEDIUM,51,UNDER_REVIEW,2026-07-22 06:34:58,2026-07-22 19:26:28,FR,Synthetic telemetry record analyzing account security activity linked to defensive indicator hr-notices@corporate-demo.invalid.,Persistence,Account Manipulation: Additional Credentials,T1098.001,,
THR-2026-1135,2026-08-14 21:02:52,Legacy WebDAV Exploit Sweep #35,VULNERABILITY EXPOSURE,EMAIL/SENDER DOMAIN,payroll-alert@corporate-demo.invalid,Community Submission,C – Fairly Reliable,61,HIGH,80,NEW,2026-08-10 23:52:42,2026-08-14 21:02:52,DE,Synthetic telemetry record analyzing vulnerability exposure activity linked to defensive indicator payroll-alert@corporate-demo.invalid.,Privilege Escalation,Exploitation for Privilege Escalation,T1068,CVE-2026-8845,
THR-2026-1136,2026-08-28 10:31:31,Server-Side Request Forgery Pattern #36,WEB THREATS,FILE HASH,f39d061e889faf0bcf6e5eb2f48f182e45f0d6caef5dcc17888e2b4d40b2039d,Public Threat Feed,B – Usually Reliable,65,INFORMATIONAL,17,MONITORING,2026-08-28 06:09:13,2026-08-28 10:31:31,GB,Synthetic telemetry record analyzing web threats activity linked to defensive indicator f39d061e889faf0bcf6e5eb2f48f182e45f0d6caef5dcc17888e2b4d40b2039d.,Collection,Automated Collection: Web Scraping,T1119,,CAMP-DEFENSE-018
THR-2026-1137,2026-07-05 14:14:39,Misconfigured Cloud Bucket Scraping #37,DATA EXPOSURE,DOMAIN,service.auth-gateway.example.com,Security Vendor,A – Highly Reliable,46,MEDIUM,56,FALSE_POSITIVE,2026-06-30 16:00:16,2026-07-05 14:14:39,CH,Synthetic telemetry record analyzing data exposure activity linked to defensive indicator service.auth-gateway.example.com.,Exfiltration,Exfiltration Over Web Service,T1567,,
THR-2026-1138,2026-09-20 10:15:26,Impossible Travel Anomaly #38,ACCOUNT SECURITY,EMAIL/SENDER DOMAIN,hr-notices@example.org,Security Vendor,A – Highly Reliable,31,INFORMATIONAL,12,UNDER_REVIEW,2026-09-16 08:18:41,2026-09-20 10:15:26,US,Synthetic telemetry record analyzing account security activity linked to defensive indicator hr-notices@example.org.,Persistence,Account Manipulation: Additional Credentials,T1098.001,CVE-2026-9956,
THR-2026-1139,2026-08-27 14:15:42,Corporate SSO Impersonation Portal #39,PHISHING,EMAIL/SENDER DOMAIN,payroll-alert@corporate-demo.invalid,Unknown Source,D – Reliability Unknown,32,INFORMATIONAL,14,NEW,2026-08-27 12:55:02,2026-08-27 14:15:42,SG,Synthetic telemetry record analyzing phishing activity linked to defensive indicator payroll-alert@corporate-demo.invalid.,Initial Access,Phishing: Spearphishing Link,T1566.002,,
THR-2026-1140,2026-08-16 10:30:06,Password Spraying against ADFS Demo #40,CREDENTIAL THREATS,CVE ID,CVE-2026-6623,Community Submission,C – Fairly Reliable,80,MEDIUM,54,UNDER_REVIEW,2026-08-16 04:49:04,2026-08-16 10:30:06,US,Synthetic telemetry record analyzing credential threats activity linked to defensive indicator CVE-2026-6623.,Credential Access,Brute Force: Password Spraying,T1110.003,CVE-2026-6623,CAMP-DEFENSE-019
THR-2026-1141,2026-07-10 23:14:23,Spear-Phishing Credential Harvester #41,PHISHING,DOMAIN,sub12.invoice-verify.invalid,Research Report,B – Usually Reliable,90,HIGH,69,NEW,2026-07-10 22:49:08,2026-07-10 23:14:23,CH,Synthetic telemetry record analyzing phishing activity linked to defensive indicator sub12.invoice-verify.invalid.,Initial Access,Phishing: Spearphishing Voice,T1566.004,,
THR-2026-1142,2026-08-27 06:16:41,Fake Invoice Redirector #42,PHISHING,FILE HASH,4bed7c7447d2c010865589b8793934f5255b6a2717debf6feae7a2b0767c7e4e,Unknown Source,D – Reliability Unknown,43,INFORMATIONAL,17,CLOSED,2026-08-25 22:02:15,2026-08-27 06:16:41,JP,Synthetic telemetry record analyzing phishing activity linked to defensive indicator 4bed7c7447d2c010865589b8793934f5255b6a2717debf6feae7a2b0767c7e4e.,Initial Access,Phishing: Spearphishing Link,T1566.002,,
THR-2026-1143,2026-08-26 11:05:56,Fake Invoice Redirector #43,PHISHING,FILE HASH,801e31263a71be64780dec41b35865c562e277a1bf70c9ae2bd178e8774fabcb,Internal SOC,A – Highly Reliable,94,CRITICAL,89,MONITORING,2026-08-22 08:56:43,2026-08-26 11:05:56,AU,Synthetic telemetry record analyzing phishing activity linked to defensive indicator 801e31263a71be64780dec41b35865c562e277a1bf70c9ae2bd178e8774fabcb.,Initial Access,Phishing: Spearphishing Link,T1566.002,,CAMP-DEFENSE-025
THR-2026-1144,2026-09-18 15:45:08,Legacy WebDAV Exploit Sweep #44,VULNERABILITY EXPOSURE,EMAIL/SENDER DOMAIN,hr-notices@example.net,Community Submission,C – Fairly Reliable,70,MEDIUM,60,UNDER_REVIEW,2026-09-15 23:38:12,2026-09-18 15:45:08,FR,Synthetic telemetry record analyzing vulnerability exposure activity linked to defensive indicator hr-notices@example.net.,Lateral Movement,Exploitation of Remote Services,T1210,CVE-2026-8845,
THR-2026-1145,2026-08-14 17:55:49,Misconfigured Cloud Bucket Scraping #45,DATA EXPOSURE,EMAIL/SENDER DOMAIN,payroll-alert@example.com,Research Report,B – Usually Reliable,49,MEDIUM,60,UNDER_REVIEW,2026-08-11 08:04:30,2026-08-14 17:55:49,IN,Synthetic telemetry record analyzing data exposure activity linked to defensive indicator payroll-alert@example.com.,Exfiltration,Exfiltration Over Alternative Protocol,T1048,,
THR-2026-1146,2026-09-10 00:47:36,Fake IT Helpdesk Remote Access Lure #46,SOCIAL ENGINEERING,FILE HASH,37878484161e289a905fe72f271ee93e59a95497b9ea58396ba2c77bd7c74db6,Community Submission,C – Fairly Reliable,64,INFORMATIONAL,18,UNDER_REVIEW,2026-09-09 22:07:12,2026-09-10 00:47:36,AU,Synthetic telemetry record analyzing social engineering activity linked to defensive indicator 37878484161e289a905fe72f271ee93e59a95497b9ea58396ba2c77bd7c74db6.,Execution,User Execution: Malicious Link,T1204.001,,
THR-2026-1147,2026-07-08 17:50:53,Fake Invoice Redirector #47,PHISHING,URL,https://auth-gateway.example.com/verify-account/prompt?session_id=7038,Security Vendor,A – Highly Reliable,65,MEDIUM,57,MONITORING,2026-07-04 19:46:20,2026-07-08 17:50:53,CA,Synthetic telemetry record analyzing phishing activity linked to defensive indicator https://auth-gateway.example.com/verify-account/prompt?session_id=7038.,Initial Access,Phishing: Spearphishing Link,T1566.002,,
THR-2026-1148,2026-09-22 15:14:10,Path Traversal Web Probe #48,WEB THREATS,FILE HASH,70a8d1e51df1b84abae50d3064542bbe766e608941a17ee3a788320a29876444,Internal SOC,A – Highly Reliable,64,HIGH,78,NEW,2026-09-19 06:28:45,2026-09-22 15:14:10,GB,Synthetic telemetry record analyzing web threats activity linked to defensive indicator 70a8d1e51df1b84abae50d3064542bbe766e608941a17ee3a788320a29876444.,Command and Control,Web Service: Dead Drop Resolver,T1102.001,,
THR-2026-1149,2026-08-09 11:43:08,Admin Share Lateral Probe #49,RANSOMWARE,DOMAIN,sub71.cdn-cache.example.com,Community Submission,C – Fairly Reliable,83,HIGH,69,UNDER_REVIEW,2026-08-07 05:48:19,2026-08-09 11:43:08,SG,Synthetic telemetry record analyzing ransomware activity linked to defensive indicator sub71.cdn-cache.example.com.,Infiltration,Lateral Movement: SMB/Windows Admin Shares,T1021.002,,CAMP-DEFENSE-018
THR-2026-1150,2026-09-19 22:50:17,QR Code Phishing (Quishing) Test #50,SOCIAL ENGINEERING,IP ADDRESS,198.51.100.112,Community Submission,C – Fairly Reliable,61,LOW,32,NEW,2026-09-15 17:26:51,2026-09-19 22:50:17,NL,Synthetic telemetry record analyzing social engineering activity linked to defensive indicator 198.51.100.112.,Initial Access,Trusted Relationship,T1199,,
THR-2026-1151,2026-08-21 00:29:19,Anomalous SSH Bastion Brute Force #51,NETWORK THREATS,FILE HASH,64e6b6f9429b2af8f833a3e5b901d7a921d5469331e52216c5c7901547137bc7,Internal SOC,A – Highly Reliable,41,LOW,36,CLOSED,2026-08-19 23:08:10,2026-08-21 00:29:19,US,Synthetic telemetry record analyzing network threats activity linked to defensive indicator 64e6b6f9429b2af8f833a3e5b901d7a921d5469331e52216c5c7901547137bc7.,Discovery,Network Sniffing,T1040,,
THR-2026-1152,2026-07-08 07:58:40,Corporate SSO Impersonation Portal #52,PHISHING,IP ADDRESS,198.51.100.134,Unknown Source,D – Reliability Unknown,75,LOW,29,UNDER_REVIEW,2026-07-04 05:57:30,2026-07-08 07:58:40,US,Synthetic telemetry record analyzing phishing activity linked to defensive indicator 198.51.100.134.,Initial Access,Phishing: Spearphishing Link,T1566.002,,
THR-2026-1153,2026-07-08 13:02:43,Executive Pretexting Call Campaign #53,SOCIAL ENGINEERING,IP ADDRESS,192.0.2.202,Public Threat Feed,B – Usually Reliable,62,HIGH,62,CLOSED,2026-07-05 08:04:04,2026-07-08 13:02:43,BR,Synthetic telemetry record analyzing social engineering activity linked to defensive indicator 192.0.2.202.,,,,,CAMP-DEFENSE-006
THR-2026-1154,2026-07-14 04:40:13,Encrypted Payload Delivery Simulation #54,MALWARE,URL,https://update-service.example.org/update/agent-installer?session_id=2324,Unknown Source,D – Reliability Unknown,33,LOW,35,CLOSED,2026-07-10 11:24:22,2026-07-14 04:40:13,BR,Synthetic telemetry record analyzing malware activity linked to defensive indicator https://update-service.example.org/update/agent-installer?session_id=2324.,Execution,User Execution: Malicious File,T1204.002,,CAMP-DEFENSE-003
THR-2026-1155,2026-07-18 16:50:29,Urgent Security Notification Lure #55,PHISHING,IP ADDRESS,198.51.100.66,Unknown Source,D – Reliability Unknown,85,HIGH,79,NEW,2026-07-15 10:24:14,2026-07-18 16:50:29,AU,Synthetic telemetry record analyzing phishing activity linked to defensive indicator 198.51.100.66.,Initial Access,Phishing: Spearphishing Voice,T1566.004,,CAMP-DEFENSE-021
THR-2026-1156,2026-08-31 08:03:40,MFA Fatigue Authentication Surge #56,ACCOUNT SECURITY,EMAIL/SENDER DOMAIN,payroll-alert@example.org,Research Report,B – Usually Reliable,79,LOW,36,MONITORING,2026-08-28 08:38:23,2026-08-31 08:03:40,CA,Synthetic telemetry record analyzing account security activity linked to defensive indicator payroll-alert@example.org.,,,,,CAMP-DEFENSE-020
THR-2026-1157,2026-07-23 18:48:45,Synthetic Token Theft Activity #57,CREDENTIAL THREATS,URL,https://security-alert.example.net/download/security-patch.bin?session_id=4493,Unknown Source,D – Reliability Unknown,52,LOW,25,NEW,2026-07-23 14:33:00,2026-07-23 18:48:45,NL,Synthetic telemetry record analyzing credential threats activity linked to defensive indicator https://security-alert.example.net/download/security-patch.bin?session_id=4493.,Credential Access,Credentials in Files,T1552.001,,CAMP-DEFENSE-006
THR-2026-1158,2026-08-31 23:38:10,Port 445 Scanning in Perimeter #58,NETWORK THREATS,FILE HASH,452c275bc4cdee996da46e795d464216c5127b154bf2475498ee96f037b4d835,Security Vendor,A – Highly Reliable,70,MEDIUM,42,UNDER_REVIEW,2026-08-27 09:25:43,2026-08-31 23:38:10,CH,Synthetic telemetry record analyzing network threats activity linked to defensive indicator 452c275bc4cdee996da46e795d464216c5127b154bf2475498ee96f037b4d835.,Discovery,Network Sniffing,T1040,,
THR-2026-1159,2026-07-06 07:44:55,Cross-Site Scripting Injection Probe #59,WEB THREATS,URL,https://security-alert.example.net/invoice/preview-doc.pdf?session_id=9964,Public Threat Feed,B – Usually Reliable,55,LOW,30,CLOSED,2026-07-04 17:35:54,2026-07-06 07:44:55,AU,Synthetic telemetry record analyzing web threats activity linked to defensive indicator https://security-alert.example.net/invoice/preview-doc.pdf?session_id=9964.,Command and Control,Web Service: Dead Drop Resolver,T1102.001,CVE-2026-6623,CAMP-DEFENSE-015
THR-2026-1160,2026-09-24 02:51:32,Anomalous SSH Bastion Brute Force #60,NETWORK THREATS,FILE HASH,dbd1dd6abcb4019b71dd30757d99df1442749b1a81c3f77c7ffa17f2d7199f7e,Public Threat Feed,B – Usually Reliable,41,LOW,39,UNDER_REVIEW,2026-09-19 07:32:54,2026-09-24 02:51:32,DE,Synthetic telemetry record analyzing network threats activity linked to defensive indicator dbd1dd6abcb4019b71dd30757d99df1442749b1a81c3f77c7ffa17f2d7199f7e.,Discovery,Network Service Scanning,T1046,,
THR-2026-1161,2026-07-27 15:12:52,Spear-Phishing Credential Harvester #61,PHISHING,FILE HASH,bb84a28ec7f730a2ba6cd537c47ee648700b13ed94149c21ac86e2445d0a3afe,Public Threat Feed,B – Usually Reliable,51,MEDIUM,48,UNDER_REVIEW,2026-07-24 07:17:04,2026-07-27 15:12:52,GB,Synthetic telemetry record analyzing phishing activity linked to defensive indicator bb84a28ec7f730a2ba6cd537c47ee648700b13ed94149c21ac86e2445d0a3afe.,Initial Access,Phishing: Spearphishing Link,T1566.002,,
THR-2026-1162,2026-07-31 13:53:41,DNS Tunneling Exfiltration Signature #62,NETWORK THREATS,URL,https://session-manager.invalid/secure/portal/auth?session_id=7374,Internal SOC,A – Highly Reliable,84,MEDIUM,53,UNDER_REVIEW,2026-07-30 16:38:13,2026-07-31 13:53:41,BR,Synthetic telemetry record analyzing network threats activity linked to defensive indicator https://session-manager.invalid/secure/portal/auth?session_id=7374.,Discovery,Network Service Scanning,T1046,,
THR-2026-1163,2026-09-14 22:23:49,ShadowLocker Ransomware Activity #63,RANSOMWARE,IP ADDRESS,192.0.2.171,Security Vendor,A – Highly Reliable,71,HIGH,79,MONITORING,2026-09-10 10:15:46,2026-09-14 22:23:49,DE,Synthetic telemetry record analyzing ransomware activity linked to defensive indicator 192.0.2.171.,Impact,Data Encrypted for Impact,T1486,CVE-2026-7734,
THR-2026-1164,2026-07-09 15:57:00,ICMP Covert Beaconing Pattern #64,NETWORK THREATS,IP ADDRESS,198.51.100.55,Unknown Source,D – Reliability Unknown,46,LOW,39,NEW,2026-07-05 03:10:10,2026-07-09 15:57:00,DE,Synthetic telemetry record analyzing network threats activity linked to defensive indicator 198.51.100.55.,Discovery,Network Sniffing,T1040,,
THR-2026-1165,2026-08-20 15:07:49,Executive Pretexting Call Campaign #65,SOCIAL ENGINEERING,CVE ID,CVE-2026-4401,Security Vendor,A – Highly Reliable,90,CRITICAL,92,CLOSED,2026-08-17 21:02:27,2026-08-20 15:07:49,US,Synthetic telemetry record analyzing social engineering activity linked to defensive indicator CVE-2026-4401.,,,,CVE-2026-4401,
THR-2026-1166,2026-09-30 05:16:00,Public Facing API Auth Bypass #66,VULNERABILITY EXPOSURE,URL,https://client-token.example.org/invoice/preview-doc.pdf?session_id=5981,Unknown Source,D – Reliability Unknown,62,MEDIUM,41,UNDER_REVIEW,2026-09-26 18:27:48,2026-09-30 05:16:00,DE,Synthetic telemetry record analyzing vulnerability exposure activity linked to defensive indicator https://client-token.example.org/invoice/preview-doc.pdf?session_id=5981.,Initial Access,Exploit Public-Facing Application,T1190,CVE-2026-4401,
THR-2026-1167,2026-07-04 06:31:41,Generic Modular Loader Simulation #67,MALWARE,EMAIL/SENDER DOMAIN,support-desk@example.com,Security Vendor,A – Highly Reliable,79,MEDIUM,46,UNDER_REVIEW,2026-07-02 14:06:39,2026-07-04 06:31:41,SG,Synthetic telemetry record analyzing malware activity linked to defensive indicator support-desk@example.com.,Execution,User Execution: Malicious File,T1204.002,,
THR-2026-1168,2026-07-06 16:12:14,Legacy WebDAV Exploit Sweep #68,VULNERABILITY EXPOSURE,IP ADDRESS,192.0.2.16,Research Report,B – Usually Reliable,70,MEDIUM,41,MONITORING,2026-07-03 19:52:36,2026-07-06 16:12:14,JP,Synthetic telemetry record analyzing vulnerability exposure activity linked to defensive indicator 192.0.2.16.,Lateral Movement,Exploitation of Remote Services,T1210,CVE-2026-1042,CAMP-DEFENSE-013
THR-2026-1169,2026-08-17 06:44:31,Corporate SSO Impersonation Portal #69,PHISHING,CVE ID,CVE-2026-5512,Research Report,B – Usually Reliable,72,LOW,27,FALSE_POSITIVE,2026-08-13 19:24:55,2026-08-17 06:44:31,NL,Synthetic telemetry record analyzing phishing activity linked to defensive indicator CVE-2026-5512.,Initial Access,Phishing: Spearphishing Attachment,T1566.001,CVE-2026-5512,
THR-2026-1170,2026-08-28 10:14:04,Urgent Security Notification Lure #70,PHISHING,IP ADDRESS,198.51.100.126,Research Report,B – Usually Reliable,30,LOW,31,NEW,2026-08-24 04:27:59,2026-08-28 10:14:04,SG,Synthetic telemetry record analyzing phishing activity linked to defensive indicator 198.51.100.126.,Initial Access,Phishing: Spearphishing Voice,T1566.004,,CAMP-DEFENSE-016
THR-2026-1171,2026-08-21 00:26:41,Cross-Site Scripting Injection Probe #71,WEB THREATS,DOMAIN,sub33.corp-portal-test.invalid,Internal SOC,A – Highly Reliable,81,MEDIUM,46,CLOSED,2026-08-19 17:52:20,2026-08-21 00:26:41,US,Synthetic telemetry record analyzing web threats activity linked to defensive indicator sub33.corp-portal-test.invalid.,Initial Access,Exploit Public-Facing Application,T1190,,CAMP-DEFENSE-011
THR-2026-1172,2026-09-27 03:29:54,Urgent Security Notification Lure #72,PHISHING,EMAIL/SENDER DOMAIN,billing-verify@corporate-demo.invalid,Unknown Source,D – Reliability Unknown,80,MEDIUM,58,NEW,2026-09-25 22:11:03,2026-09-27 03:29:54,CA,Synthetic telemetry record analyzing phishing activity linked to defensive indicator billing-verify@corporate-demo.invalid.,Initial Access,Phishing: Spearphishing Voice,T1566.004,,CAMP-DEFENSE-004
THR-2026-1173,2026-09-01 05:51:26,Kerberoasting Probe Telemetry #73,CREDENTIAL THREATS,DOMAIN,sub10.corp-portal-test.invalid,Unknown Source,D – Reliability Unknown,94,CRITICAL,91,UNDER_REVIEW,2026-08-27 08:49:27,2026-09-01 05:51:26,DE,Synthetic telemetry record analyzing credential threats activity linked to defensive indicator sub10.corp-portal-test.invalid.,Credential Access,Credentials in Files,T1552.001,,
THR-2026-1174,2026-09-16 06:13:47,Admin Share Lateral Probe #74,RANSOMWARE,EMAIL/SENDER DOMAIN,payroll-alert@corporate-demo.invalid,Public Threat Feed,B – Usually Reliable,83,CRITICAL,88,NEW,2026-09-16 00:39:31,2026-09-16 06:13:47,SG,Synthetic telemetry record analyzing ransomware activity linked to defensive indicator payroll-alert@corporate-demo.invalid.,Impact,Data Encrypted for Impact,T1486,,
THR-2026-1175,2026-07-13 07:29:27,Misconfigured Cloud Bucket Scraping #75,DATA EXPOSURE,DOMAIN,service.invoice-verify.invalid,Research Report,B – Usually Reliable,37,LOW,35,MONITORING,2026-07-09 20:06:09,2026-07-13 07:29:27,GB,Synthetic telemetry record analyzing data exposure activity linked to defensive indicator service.invoice-verify.invalid.,,,,,CAMP-DEFENSE-023
THR-2026-1176,2026-09-22 10:03:08,Password Spraying against ADFS Demo #76,CREDENTIAL THREATS,FILE HASH,bb3176b9651f00d6c4f7a3977e5bf18f87b273075417df6153e733b0fd1ef064,Security Vendor,A – Highly Reliable,62,HIGH,66,CLOSED,2026-09-18 10:37:15,2026-09-22 10:03:08,BR,Synthetic telemetry record analyzing credential threats activity linked to defensive indicator bb3176b9651f00d6c4f7a3977e5bf18f87b273075417df6153e733b0fd1ef064.,Credential Access,Credentials in Files,T1552.001,,
THR-2026-1177,2026-07-23 20:12:04,ICMP Covert Beaconing Pattern #77,NETWORK THREATS,EMAIL/SENDER DOMAIN,billing-verify@corporate-demo.invalid,Internal SOC,A – Highly Reliable,51,LOW,32,MONITORING,2026-07-21 07:49:30,2026-07-23 20:12:04,CH,Synthetic telemetry record analyzing network threats activity linked to defensive indicator billing-verify@corporate-demo.invalid.,Discovery,Network Service Scanning,T1046,,
THR-2026-1178,2026-08-15 20:37:47,Executive Pretexting Call Campaign #78,SOCIAL ENGINEERING,DOMAIN,sub22.doc-share.example.org,Community Submission,C – Fairly Reliable,89,HIGH,71,CLOSED,2026-08-12 07:34:13,2026-08-15 20:37:47,FR,Synthetic telemetry record analyzing social engineering activity linked to defensive indicator sub22.doc-share.example.org.,Initial Access,Trusted Relationship,T1199,,
THR-2026-1179,2026-07-21 01:31:27,Edge Gateway Remote Buffer Trigger #79,VULNERABILITY EXPOSURE,EMAIL/SENDER DOMAIN,hr-notices@corporate-demo.invalid,Security Vendor,A – Highly Reliable,71,CRITICAL,90,UNDER_REVIEW,2026-07-19 16:23:27,2026-07-21 01:31:27,US,Synthetic telemetry record analyzing vulnerability exposure activity linked to defensive indicator hr-notices@corporate-demo.invalid.,Lateral Movement,Exploitation of Remote Services,T1210,CVE-2026-3390,CAMP-DEFENSE-025
THR-2026-1180,2026-09-19 20:35:25,Extortion Double-Dip Campaign #80,RANSOMWARE,EMAIL/SENDER DOMAIN,hr-notices@example.net,Community Submission,C – Fairly Reliable,91,CRITICAL,85,FALSE_POSITIVE,2026-09-15 05:23:45,2026-09-19 20:35:25,CH,Synthetic telemetry record analyzing ransomware activity linked to defensive indicator hr-notices@example.net.,Impact,Data Encrypted for Impact,T1486,,CAMP-DEFENSE-016
THR-2026-1181,2026-09-21 10:53:52,ShadowLocker Ransomware Activity #81,RANSOMWARE,CVE ID,CVE-2026-1042,Unknown Source,D – Reliability Unknown,88,CRITICAL,92,MONITORING,2026-09-19 08:19:21,2026-09-21 10:53:52,GB,Synthetic telemetry record analyzing ransomware activity linked to defensive indicator CVE-2026-1042.,Impact,Data Encrypted for Impact,T1486,CVE-2026-1042,
THR-2026-1182,2026-09-06 09:56:55,Spear-Phishing Credential Harvester #82,PHISHING,CVE ID,CVE-2026-6623,Internal SOC,A – Highly Reliable,38,LOW,25,NEW,2026-09-02 20:13:16,2026-09-06 09:56:55,NL,Synthetic telemetry record analyzing phishing activity linked to defensive indicator CVE-2026-6623.,Initial Access,Phishing: Spearphishing Attachment,T1566.001,CVE-2026-6623,
THR-2026-1183,2026-07-12 12:58:20,DNS Tunneling Exfiltration Signature #83,NETWORK THREATS,CVE ID,CVE-2026-5512,Internal SOC,A – Highly Reliable,66,MEDIUM,54,NEW,2026-07-08 17:51:21,2026-07-12 12:58:20,SG,Synthetic telemetry record analyzing network threats activity linked to defensive indicator CVE-2026-5512.,Command and Control,Protocol Tunneling,T1572,CVE-2026-5512,
THR-2026-1184,2026-08-30 07:47:55,Impossible Travel Anomaly #84,ACCOUNT SECURITY,DOMAIN,sub66.invoice-verify.invalid,Research Report,B – Usually Reliable,28,INFORMATIONAL,12,NEW,2026-08-25 19:25:39,2026-08-30 07:47:55,CA,Synthetic telemetry record analyzing account security activity linked to defensive indicator sub66.invoice-verify.invalid.,Persistence,Create Account: Local Account,T1136.001,CVE-2026-3390,
THR-2026-1185,2026-07-15 22:46:05,Path Traversal Web Probe #85,WEB THREATS,FILE HASH,5f5217b090aa43c38607bf9058b959e81f36349b8fd82a5e3972f7e11f96c7b1,Internal SOC,A – Highly Reliable,66,HIGH,77,UNDER_REVIEW,2026-07-15 03:40:24,2026-07-15 22:46:05,DE,Synthetic telemetry record analyzing web threats activity linked to defensive indicator 5f5217b090aa43c38607bf9058b959e81f36349b8fd82a5e3972f7e11f96c7b1.,,,,,CAMP-DEFENSE-024
THR-2026-1186,2026-08-11 07:11:07,OAuth High-Privilege Consent Grant #86,ACCOUNT SECURITY,FILE HASH,fdf90cc4bf2595ee95e4e39642abe6275112e757b6953d72f4668c4e5578296d,Security Vendor,A – Highly Reliable,56,LOW,24,UNDER_REVIEW,2026-08-07 07:00:37,2026-08-11 07:11:07,AU,Synthetic telemetry record analyzing account security activity linked to defensive indicator fdf90cc4bf2595ee95e4e39642abe6275112e757b6953d72f4668c4e5578296d.,Persistence,Create Account: Local Account,T1136.001,CVE-2026-7734,
THR-2026-1187,2026-08-26 21:30:10,Watering Hole Redirector Demo #87,SOCIAL ENGINEERING,IP ADDRESS,198.51.100.60,Unknown Source,D – Reliability Unknown,68,MEDIUM,53,MONITORING,2026-08-26 03:08:46,2026-08-26 21:30:10,BR,Synthetic telemetry record analyzing social engineering activity linked to defensive indicator 198.51.100.60.,Execution,User Execution: Malicious Link,T1204.001,,
THR-2026-1188,2026-07-05 05:48:24,Fake Invoice Redirector #88,PHISHING,FILE HASH,62ef8a712849dc762d0dc960e3588052cbd3fb854594cd30ac92267837736836,Research Report,B – Usually Reliable,59,MEDIUM,47,UNDER_REVIEW,2026-07-01 19:37:25,2026-07-05 05:48:24,GB,Synthetic telemetry record analyzing phishing activity linked to defensive indicator 62ef8a712849dc762d0dc960e3588052cbd3fb854594cd30ac92267837736836.,Initial Access,Phishing: Spearphishing Attachment,T1566.001,CVE-2026-1188,
THR-2026-1189,2026-07-06 05:37:28,Unauthenticated Deserialization Scan #89,VULNERABILITY EXPOSURE,DOMAIN,sub25.auth-gateway.example.com,Public Threat Feed,B – Usually Reliable,89,HIGH,65,UNDER_REVIEW,2026-07-04 22:56:14,2026-07-06 05:37:28,DE,Synthetic telemetry record analyzing vulnerability exposure activity linked to defensive indicator sub25.auth-gateway.example.com.,Privilege Escalation,Exploitation for Privilege Escalation,T1068,CVE-2026-9956,
THR-2026-1190,2026-07-07 21:04:46,Exfiltration via Public Cloud Storage #90,DATA EXPOSURE,EMAIL/SENDER DOMAIN,billing-verify@corporate-demo.invalid,Community Submission,C – Fairly Reliable,64,HIGH,74,NEW,2026-07-04 18:57:20,2026-07-07 21:04:46,JP,Synthetic telemetry record analyzing data exposure activity linked to defensive indicator billing-verify@corporate-demo.invalid.,Collection,Data from Cloud Storage,T1530,,
THR-2026-1191,2026-07-06 12:01:08,Password Spraying against ADFS Demo #91,CREDENTIAL THREATS,DOMAIN,sub40.update-service.example.org,Unknown Source,D – Reliability Unknown,81,CRITICAL,86,CLOSED,2026-07-01 13:18:01,2026-07-06 12:01:08,Global,Synthetic telemetry record analyzing credential threats activity linked to defensive indicator sub40.update-service.example.org.,Credential Access,OS Credential Dumping,T1003,,CAMP-DEFENSE-009
THR-2026-1192,2026-07-17 01:13:21,Synthetic Token Theft Activity #92,CREDENTIAL THREATS,IP ADDRESS,192.0.2.181,Public Threat Feed,B – Usually Reliable,62,MEDIUM,52,MONITORING,2026-07-14 09:44:32,2026-07-17 01:13:21,CA,Synthetic telemetry record analyzing credential threats activity linked to defensive indicator 192.0.2.181.,Credential Access,OS Credential Dumping,T1003,,
THR-2026-1193,2026-07-12 20:43:56,Anomalous SSH Bastion Brute Force #93,NETWORK THREATS,FILE HASH,8ecfefef8110a560241ec92b60fe9df220729ca6ed9eb6f94252a9cb05e3d6f8,Unknown Source,D – Reliability Unknown,42,LOW,31,FALSE_POSITIVE,2026-07-08 21:02:02,2026-07-12 20:43:56,AU,Synthetic telemetry record analyzing network threats activity linked to defensive indicator 8ecfefef8110a560241ec92b60fe9df220729ca6ed9eb6f94252a9cb05e3d6f8.,Discovery,Network Service Scanning,T1046,,
THR-2026-1194,2026-08-27 22:43:57,Edge Gateway Remote Buffer Trigger #94,VULNERABILITY EXPOSURE,CVE ID,CVE-2026-6623,Community Submission,C – Fairly Reliable,53,MEDIUM,49,UNDER_REVIEW,2026-08-23 21:54:20,2026-08-27 22:43:57,IN,Synthetic telemetry record analyzing vulnerability exposure activity linked to defensive indicator CVE-2026-6623.,,,,CVE-2026-6623,CAMP-DEFENSE-001
THR-2026-1195,2026-09-14 15:39:25,Anomalous SSH Bastion Brute Force #95,NETWORK THREATS,EMAIL/SENDER DOMAIN,support-desk@example.com,Public Threat Feed,B – Usually Reliable,66,LOW,32,NEW,2026-09-12 15:45:53,2026-09-14 15:39:25,GB,Synthetic telemetry record analyzing network threats activity linked to defensive indicator support-desk@example.com.,Command and Control,Protocol Tunneling,T1572,,CAMP-DEFENSE-008
THR-2026-1196,2026-08-27 17:20:33,Password Spraying against ADFS Demo #96,CREDENTIAL THREATS,URL,https://session-manager.invalid/download/security-patch.bin?session_id=5353,Security Vendor,A – Highly Reliable,71,LOW,29,CLOSED,2026-08-23 01:22:03,2026-08-27 17:20:33,JP,Synthetic telemetry record analyzing credential threats activity linked to defensive indicator https://session-manager.invalid/download/security-patch.bin?session_id=5353.,Credential Access,Brute Force: Password Spraying,T1110.003,,
THR-2026-1197,2026-08-25 05:16:04,Anomalous SSH Bastion Brute Force #97,NETWORK THREATS,URL,https://telemetry-sync.example.net/verify-account/prompt?session_id=8418,Community Submission,C – Fairly Reliable,46,MEDIUM,44,UNDER_REVIEW,2026-08-21 22:20:01,2026-08-25 05:16:04,GB,Synthetic telemetry record analyzing network threats activity linked to defensive indicator https://telemetry-sync.example.net/verify-account/prompt?session_id=8418.,,,,,
THR-2026-1198,2026-08-12 23:06:52,Extortion Double-Dip Campaign #98,RANSOMWARE,IP ADDRESS,192.0.2.95,Unknown Source,D – Reliability Unknown,80,CRITICAL,89,MONITORING,2026-08-12 12:01:45,2026-08-12 23:06:52,AU,Synthetic telemetry record analyzing ransomware activity linked to defensive indicator 192.0.2.95.,Infiltration,Lateral Movement: SMB/Windows Admin Shares,T1021.002,,
THR-2026-1199,2026-08-03 20:06:34,Exfiltration via Public Cloud Storage #99,DATA EXPOSURE,FILE HASH,1dff29f8accb1c18477403e0102726da1324e1795bf0632518386ba920adff5f,Unknown Source,D – Reliability Unknown,32,INFORMATIONAL,20,MONITORING,2026-07-31 10:39:50,2026-08-03 20:06:34,Global,Synthetic telemetry record analyzing data exposure activity linked to defensive indicator 1dff29f8accb1c18477403e0102726da1324e1795bf0632518386ba920adff5f.,Exfiltration,Exfiltration Over Web Service,T1567,,
THR-2026-1200,2026-07-11 23:06:26,DNS Tunneling Exfiltration Signature #00,NETWORK THREATS,CVE ID,CVE-2026-4401,Security Vendor,A – Highly Reliable,55,LOW,34,NEW,2026-07-09 15:34:17,2026-07-11 23:06:26,BR,Synthetic telemetry record analyzing network threats activity linked to defensive indicator CVE-2026-4401.,Command and Control,Protocol Tunneling,T1572,CVE-2026-4401,CAMP-DEFENSE-001
THR-2026-1201,2026-07-20 04:01:21,Fake Invoice Redirector #01,PHISHING,CVE ID,CVE-2026-1042,Security Vendor,A – Highly Reliable,40,INFORMATIONAL,16,UNDER_REVIEW,2026-07-15 12:07:51,2026-07-20 04:01:21,CH,Synthetic telemetry record analyzing phishing activity linked to defensive indicator CVE-2026-1042.,Initial Access,Phishing: Spearphishing Voice,T1566.004,CVE-2026-1042,CAMP-DEFENSE-005
THR-2026-1202,2026-08-20 16:23:01,Extortion Double-Dip Campaign #02,RANSOMWARE,IP ADDRESS,198.51.100.48,Public Threat Feed,B – Usually Reliable,31,LOW,34,NEW,2026-08-16 10:46:54,2026-08-20 16:23:01,Global,Synthetic telemetry record analyzing ransomware activity linked to defensive indicator 198.51.100.48.,Impact,Data Encrypted for Impact,T1486,,
THR-2026-1203,2026-07-11 15:33:52,Edge Gateway Remote Buffer Trigger #03,VULNERABILITY EXPOSURE,EMAIL/SENDER DOMAIN,billing-verify@corporate-demo.invalid,Security Vendor,A – Highly Reliable,52,LOW,40,NEW,2026-07-10 15:44:58,2026-07-11 15:33:52,IN,Synthetic telemetry record analyzing vulnerability exposure activity linked to defensive indicator billing-verify@corporate-demo.invalid.,Initial Access,Exploit Public-Facing Application,T1190,CVE-2026-9956,
THR-2026-1204,2026-09-19 19:48:52,Extortion Double-Dip Campaign #04,RANSOMWARE,EMAIL/SENDER DOMAIN,security-admin@example.org,Public Threat Feed,B – Usually Reliable,60,MEDIUM,47,CLOSED,2026-09-17 22:59:27,2026-09-19 19:48:52,CH,Synthetic telemetry record analyzing ransomware activity linked to defensive indicator security-admin@example.org.,,,,,
THR-2026-1205,2026-10-01 04:31:37,OAuth High-Privilege Consent Grant #05,ACCOUNT SECURITY,DOMAIN,sub87.support-desk.invalid,Security Vendor,A – Highly Reliable,67,MEDIUM,48,FALSE_POSITIVE,2026-09-29 08:53:46,2026-10-01 04:31:37,AU,Synthetic telemetry record analyzing account security activity linked to defensive indicator sub87.support-desk.invalid.,Persistence,Account Manipulation: Additional Credentials,T1098.001,,CAMP-DEFENSE-012
THR-2026-1206,2026-09-27 05:17:46,Memory Injection Testing Stub #06,MALWARE,IP ADDRESS,203.0.113.250,Research Report,B – Usually Reliable,77,MEDIUM,44,NEW,2026-09-26 06:48:13,2026-09-27 05:17:46,DE,Synthetic telemetry record analyzing malware activity linked to defensive indicator 203.0.113.250.,Execution,User Execution: Malicious File,T1204.002,,CAMP-DEFENSE-016
THR-2026-1207,2026-07-13 00:58:28,Anomalous SSH Bastion Brute Force #07,NETWORK THREATS,CVE ID,CVE-2026-7734,Security Vendor,A – Highly Reliable,50,MEDIUM,46,MONITORING,2026-07-10 05:58:53,2026-07-13 00:58:28,Global,Synthetic telemetry record analyzing network threats activity linked to defensive indicator CVE-2026-7734.,Command and Control,Protocol Tunneling,T1572,CVE-2026-7734,
THR-2026-1208,2026-07-25 13:18:19,Edge Gateway Remote Buffer Trigger #08,VULNERABILITY EXPOSURE,FILE HASH,d184c8e155bbabe1850460aa593252ecb9c3ec4687d6a3341069cf38bee6578b,Research Report,B – Usually Reliable,74,LOW,27,UNDER_REVIEW,2026-07-24 21:34:57,2026-07-25 13:18:19,Global,Synthetic telemetry record analyzing vulnerability exposure activity linked to defensive indicator d184c8e155bbabe1850460aa593252ecb9c3ec4687d6a3341069cf38bee6578b.,Initial Access,Exploit Public-Facing Application,T1190,CVE-2026-3390,
THR-2026-1209,2026-07-04 06:44:07,Dormant Administrator Account Activation #09,ACCOUNT SECURITY,URL,https://corp-portal-test.invalid/auth/login-redirect?session_id=6670,Community Submission,C – Fairly Reliable,56,MEDIUM,46,CLOSED,2026-06-29 23:46:04,2026-07-04 06:44:07,NL,Synthetic telemetry record analyzing account security activity linked to defensive indicator https://corp-portal-test.invalid/auth/login-redirect?session_id=6670.,Defense Evasion,Valid Accounts: Cloud Accounts,T1078.004,,
THR-2026-1210,2026-09-09 12:56:10,ICMP Covert Beaconing Pattern #10,NETWORK THREATS,CVE ID,CVE-2026-2189,Research Report,B – Usually Reliable,87,HIGH,76,UNDER_REVIEW,2026-09-05 01:17:07,2026-09-09 12:56:10,JP,Synthetic telemetry record analyzing network threats activity linked to defensive indicator CVE-2026-2189.,Discovery,Network Service Scanning,T1046,CVE-2026-2189,
THR-2026-1211,2026-09-10 17:15:39,Generic Modular Loader Simulation #11,MALWARE,DOMAIN,service.client-token.example.org,Public Threat Feed,B – Usually Reliable,71,LOW,24,NEW,2026-09-07 22:11:39,2026-09-10 17:15:39,FR,Synthetic telemetry record analyzing malware activity linked to defensive indicator service.client-token.example.org.,Execution,User Execution: Malicious File,T1204.002,CVE-2026-2189,CAMP-DEFENSE-013
THR-2026-1212,2026-08-10 23:48:12,Cross-Site Scripting Injection Probe #12,WEB THREATS,CVE ID,CVE-2026-8845,Security Vendor,A – Highly Reliable,49,MEDIUM,53,UNDER_REVIEW,2026-08-07 09:23:30,2026-08-10 23:48:12,Global,Synthetic telemetry record analyzing web threats activity linked to defensive indicator CVE-2026-8845.,Collection,Automated Collection: Web Scraping,T1119,CVE-2026-8845,CAMP-DEFENSE-011
THR-2026-1213,2026-09-23 13:00:54,ShadowLocker Ransomware Activity #13,RANSOMWARE,CVE ID,CVE-2026-6623,Public Threat Feed,B – Usually Reliable,66,LOW,23,NEW,2026-09-18 15:43:57,2026-09-23 13:00:54,IN,Synthetic telemetry record analyzing ransomware activity linked to defensive indicator CVE-2026-6623.,Impact,Inhibit System Recovery,T1490,CVE-2026-6623,CAMP-DEFENSE-009
THR-2026-1214,2026-08-13 03:07:48,Edge Gateway Remote Buffer Trigger #14,VULNERABILITY EXPOSURE,EMAIL/SENDER DOMAIN,hr-notices@example.net,Research Report,B – Usually Reliable,30,LOW,36,MONITORING,2026-08-11 08:11:59,2026-08-13 03:07:48,IN,Synthetic telemetry record analyzing vulnerability exposure activity linked to defensive indicator hr-notices@example.net.,Initial Access,Exploit Public-Facing Application,T1190,CVE-2026-5512,CAMP-DEFENSE-006
THR-2026-1215,2026-09-23 05:50:09,QR Code Phishing (Quishing) Test #15,SOCIAL ENGINEERING,IP ADDRESS,192.0.2.187,Unknown Source,D – Reliability Unknown,94,CRITICAL,88,MONITORING,2026-09-21 16:56:17,2026-09-23 05:50:09,US,Synthetic telemetry record analyzing social engineering activity linked to defensive indicator 192.0.2.187.,Initial Access,Trusted Relationship,T1199,,
THR-2026-1216,2026-09-16 11:39:09,Impossible Travel Anomaly #16,ACCOUNT SECURITY,EMAIL/SENDER DOMAIN,security-admin@example.org,Internal SOC,A – Highly Reliable,83,MEDIUM,43,MONITORING,2026-09-14 00:47:12,2026-09-16 11:39:09,CA,Synthetic telemetry record analyzing account security activity linked to defensive indicator security-admin@example.org.,Persistence,Account Manipulation: Additional Credentials,T1098.001,,
THR-2026-1217,2026-08-14 05:47:26,Anomalous SSH Bastion Brute Force #17,NETWORK THREATS,CVE ID,CVE-2026-1188,Community Submission,C – Fairly Reliable,60,MEDIUM,52,MONITORING,2026-08-11 20:46:19,2026-08-14 05:47:26,NL,Synthetic telemetry record analyzing network threats activity linked to defensive indicator CVE-2026-1188.,Discovery,Network Service Scanning,T1046,CVE-2026-1188,
THR-2026-1218,2026-09-03 13:24:17,Encrypted Payload Delivery Simulation #18,MALWARE,EMAIL/SENDER DOMAIN,billing-verify@corporate-demo.invalid,Public Threat Feed,B – Usually Reliable,85,MEDIUM,59,MONITORING,2026-09-03 09:41:58,2026-09-03 13:24:17,US,Synthetic telemetry record analyzing malware activity linked to defensive indicator billing-verify@corporate-demo.invalid.,Execution,User Execution: Malicious File,T1204.002,,CAMP-DEFENSE-004
THR-2026-1219,2026-07-04 00:41:56,ICMP Covert Beaconing Pattern #19,NETWORK THREATS,FILE HASH,8758a71db00db9e83674b926465cb0fda599c78c18b219228330450f26dfc6d9,Public Threat Feed,B – Usually Reliable,75,MEDIUM,50,MONITORING,2026-07-01 05:08:03,2026-07-04 00:41:56,JP,Synthetic telemetry record analyzing network threats activity linked to defensive indicator 8758a71db00db9e83674b926465cb0fda599c78c18b219228330450f26dfc6d9.,,,,CVE-2026-3390,
THR-2026-1220,2026-09-04 13:11:16,Path Traversal Web Probe #20,WEB THREATS,EMAIL/SENDER DOMAIN,security-admin@corporate-demo.invalid,Research Report,B – Usually Reliable,50,MEDIUM,50,FALSE_POSITIVE,2026-09-02 07:26:55,2026-09-04 13:11:16,SG,Synthetic telemetry record analyzing web threats activity linked to defensive indicator security-admin@corporate-demo.invalid.,Initial Access,Exploit Public-Facing Application,T1190,,CAMP-DEFENSE-023
THR-2026-1221,2026-09-03 00:31:42,Urgent Security Notification Lure #21,PHISHING,IP ADDRESS,198.51.100.63,Public Threat Feed,B – Usually Reliable,77,LOW,39,FALSE_POSITIVE,2026-09-01 22:03:26,2026-09-03 00:31:42,DE,Synthetic telemetry record analyzing phishing activity linked to defensive indicator 198.51.100.63.,Initial Access,Phishing: Spearphishing Attachment,T1566.001,,
THR-2026-1222,2026-08-30 02:58:39,InfoStealer Demo Artifact #22,MALWARE,CVE ID,CVE-2026-6623,Unknown Source,D – Reliability Unknown,58,MEDIUM,51,MONITORING,2026-08-27 06:39:37,2026-08-30 02:58:39,SG,Synthetic telemetry record analyzing malware activity linked to defensive indicator CVE-2026-6623.,,,,CVE-2026-6623,
THR-2026-1223,2026-08-20 17:20:15,Anomalous SSH Bastion Brute Force #23,NETWORK THREATS,IP ADDRESS,192.0.2.136,Security Vendor,A – Highly Reliable,50,MEDIUM,48,CLOSED,2026-08-17 08:24:25,2026-08-20 17:20:15,IN,Synthetic telemetry record analyzing network threats activity linked to defensive indicator 192.0.2.136.,Discovery,Network Sniffing,T1040,,
THR-2026-1224,2026-09-04 11:28:34,Public Facing API Auth Bypass #24,VULNERABILITY EXPOSURE,URL,https://corp-portal-test.invalid/update/agent-installer?session_id=8120,Security Vendor,A – Highly Reliable,77,LOW,30,MONITORING,2026-09-02 19:49:38,2026-09-04 11:28:34,IN,Synthetic telemetry record analyzing vulnerability exposure activity linked to defensive indicator https://corp-portal-test.invalid/update/agent-installer?session_id=8120.,Lateral Movement,Exploitation of Remote Services,T1210,CVE-2026-5512,
THR-2026-1225,2026-08-09 08:34:59,Encrypted Payload Delivery Simulation #25,MALWARE,FILE HASH,05d0998232e0bc8016844278360e3afb1c0054d5323e64611189734f48b3162e,Community Submission,C – Fairly Reliable,47,LOW,29,CLOSED,2026-08-05 14:13:31,2026-08-09 08:34:59,US,Synthetic telemetry record analyzing malware activity linked to defensive indicator 05d0998232e0bc8016844278360e3afb1c0054d5323e64611189734f48b3162e.,Defense Evasion,Obfuscated Files or Information,T1027,,
THR-2026-1226,2026-09-18 04:21:56,Unencrypted Diagnostic Log Leak #26,DATA EXPOSURE,CVE ID,CVE-2026-4401,Security Vendor,A – Highly Reliable,38,LOW,34,MONITORING,2026-09-17 22:38:11,2026-09-18 04:21:56,DE,Synthetic telemetry record analyzing data exposure activity linked to defensive indicator CVE-2026-4401.,Exfiltration,Exfiltration Over Alternative Protocol,T1048,CVE-2026-4401,
THR-2026-1227,2026-08-22 06:17:46,Kerberoasting Probe Telemetry #27,CREDENTIAL THREATS,DOMAIN,service.login-check.invalid,Community Submission,C – Fairly Reliable,78,LOW,36,UNDER_REVIEW,2026-08-21 22:57:06,2026-08-22 06:17:46,JP,Synthetic telemetry record analyzing credential threats activity linked to defensive indicator service.login-check.invalid.,,,,,
THR-2026-1228,2026-09-27 23:08:16,Edge Gateway Remote Buffer Trigger #28,VULNERABILITY EXPOSURE,URL,https://cdn-cache.example.com/secure/portal/auth?session_id=3161,Security Vendor,A – Highly Reliable,57,LOW,39,NEW,2026-09-27 21:55:07,2026-09-27 23:08:16,US,Synthetic telemetry record analyzing vulnerability exposure activity linked to defensive indicator https://cdn-cache.example.com/secure/portal/auth?session_id=3161.,Privilege Escalation,Exploitation for Privilege Escalation,T1068,CVE-2026-2189,CAMP-DEFENSE-020
THR-2026-1229,2026-09-19 01:23:19,Admin Share Lateral Probe #29,RANSOMWARE,CVE ID,CVE-2026-9956,Internal SOC,A – Highly Reliable,70,HIGH,75,UNDER_REVIEW,2026-09-18 11:36:46,2026-09-19 01:23:19,IN,Synthetic telemetry record analyzing ransomware activity linked to defensive indicator CVE-2026-9956.,Infiltration,Lateral Movement: SMB/Windows Admin Shares,T1021.002,CVE-2026-9956,
THR-2026-1230,2026-08-12 09:19:05,Port 445 Scanning in Perimeter #30,NETWORK THREATS,CVE ID,CVE-2026-5512,Internal SOC,A – Highly Reliable,79,HIGH,79,MONITORING,2026-08-10 05:41:19,2026-08-12 09:19:05,JP,Synthetic telemetry record analyzing network threats activity linked to defensive indicator CVE-2026-5512.,Discovery,Network Service Scanning,T1046,CVE-2026-5512,
THR-2026-1231,2026-09-24 19:13:09,Port 445 Scanning in Perimeter #31,NETWORK THREATS,FILE HASH,229a76a82d0a0b0e141baf12f6b75021a92c2dff7ac4ee70583f759849edec2d,Internal SOC,A – Highly Reliable,58,MEDIUM,42,CLOSED,2026-09-20 03:04:24,2026-09-24 19:13:09,US,Synthetic telemetry record analyzing network threats activity linked to defensive indicator 229a76a82d0a0b0e141baf12f6b75021a92c2dff7ac4ee70583f759849edec2d.,Discovery,Network Service Scanning,T1046,,
THR-2026-1232,2026-09-07 11:34:13,Compromised Service Account Pattern #32,CREDENTIAL THREATS,DOMAIN,service.corp-portal-test.invalid,Security Vendor,A – Highly Reliable,44,LOW,30,MONITORING,2026-09-06 10:37:15,2026-09-07 11:34:13,Global,Synthetic telemetry record analyzing credential threats activity linked to defensive indicator service.corp-portal-test.invalid.,Credential Access,Credentials in Files,T1552.001,,
THR-2026-1233,2026-09-03 02:33:40,Exfiltration via Public Cloud Storage #33,DATA EXPOSURE,IP ADDRESS,192.0.2.142,Unknown Source,D – Reliability Unknown,54,LOW,29,NEW,2026-08-30 13:37:10,2026-09-03 02:33:40,CA,Synthetic telemetry record analyzing data exposure activity linked to defensive indicator 192.0.2.142.,Exfiltration,Exfiltration Over Web Service,T1567,,
THR-2026-1234,2026-07-03 23:55:22,Path Traversal Web Probe #34,WEB THREATS,IP ADDRESS,198.51.100.68,Security Vendor,A – Highly Reliable,64,HIGH,62,MONITORING,2026-07-02 11:40:16,2026-07-03 23:55:22,AU,Synthetic telemetry record analyzing web threats activity linked to defensive indicator 198.51.100.68.,Collection,Automated Collection: Web Scraping,T1119,,CAMP-DEFENSE-018
THR-2026-1235,2026-07-14 21:52:09,Edge Gateway Remote Buffer Trigger #35,VULNERABILITY EXPOSURE,URL,https://update-service.example.org/secure/portal/auth?session_id=6517,Unknown Source,D – Reliability Unknown,38,LOW,27,NEW,2026-07-10 07:11:44,2026-07-14 21:52:09,GB,Synthetic telemetry record analyzing vulnerability exposure activity linked to defensive indicator https://update-service.example.org/secure/portal/auth?session_id=6517.,Initial Access,Exploit Public-Facing Application,T1190,CVE-2026-1188,
THR-2026-1236,2026-09-11 22:34:50,ICMP Covert Beaconing Pattern #36,NETWORK THREATS,FILE HASH,7ac4b881200eb7fd90253e31788b16bd0879a909b20b346f637973c566bb9002,Internal SOC,A – Highly Reliable,42,LOW,28,NEW,2026-09-07 13:14:34,2026-09-11 22:34:50,Global,Synthetic telemetry record analyzing network threats activity linked to defensive indicator 7ac4b881200eb7fd90253e31788b16bd0879a909b20b346f637973c566bb9002.,Command and Control,Protocol Tunneling,T1572,,
THR-2026-1237,2026-07-23 13:30:20,Executive Pretexting Call Campaign #37,SOCIAL ENGINEERING,URL,https://login-check.invalid/secure/portal/auth?session_id=7993,Security Vendor,A – Highly Reliable,45,LOW,31,NEW,2026-07-20 12:20:42,2026-07-23 13:30:20,GB,Synthetic telemetry record analyzing social engineering activity linked to defensive indicator https://login-check.invalid/secure/portal/auth?session_id=7993.,Initial Access,Replication Through Removable Media,T1091,,
THR-2026-1238,2026-07-24 03:08:55,Password Spraying against ADFS Demo #38,CREDENTIAL THREATS,CVE ID,CVE-2026-1042,Community Submission,C – Fairly Reliable,43,LOW,21,UNDER_REVIEW,2026-07-20 01:13:15,2026-07-24 03:08:55,DE,Synthetic telemetry record analyzing credential threats activity linked to defensive indicator CVE-2026-1042.,Credential Access,Brute Force: Password Spraying,T1110.003,CVE-2026-1042,CAMP-DEFENSE-010
THR-2026-1239,2026-08-02 19:26:49,QR Code Phishing (Quishing) Test #39,SOCIAL ENGINEERING,CVE ID,CVE-2026-7734,Security Vendor,A – Highly Reliable,23,INFORMATIONAL,16,UNDER_REVIEW,2026-08-02 03:33:31,2026-08-02 19:26:49,CH,Synthetic telemetry record analyzing social engineering activity linked to defensive indicator CVE-2026-7734.,Initial Access,Trusted Relationship,T1199,CVE-2026-7734,
THR-2026-1240,2026-08-17 19:10:23,InfoStealer Demo Artifact #40,MALWARE,FILE HASH,90cd4c35690fd3af8eb011a2eccbe8c1adde28236e19474738ae975b36112196,Unknown Source,D – Reliability Unknown,83,MEDIUM,60,MONITORING,2026-08-13 16:11:32,2026-08-17 19:10:23,FR,Synthetic telemetry record analyzing malware activity linked to defensive indicator 90cd4c35690fd3af8eb011a2eccbe8c1adde28236e19474738ae975b36112196.,Execution,User Execution: Malicious File,T1204.002,,CAMP-DEFENSE-012
THR-2026-1241,2026-08-31 19:08:29,Watering Hole Redirector Demo #41,SOCIAL ENGINEERING,DOMAIN,sub70.client-token.example.org,Security Vendor,A – Highly Reliable,40,INFORMATIONAL,9,MONITORING,2026-08-27 10:28:34,2026-08-31 19:08:29,CH,Synthetic telemetry record analyzing social engineering activity linked to defensive indicator sub70.client-token.example.org.,Initial Access,Trusted Relationship,T1199,,CAMP-DEFENSE-013
THR-2026-1242,2026-09-08 22:08:01,Server-Side Request Forgery Pattern #42,WEB THREATS,EMAIL/SENDER DOMAIN,hr-notices@example.org,Research Report,B – Usually Reliable,56,MEDIUM,43,NEW,2026-09-07 23:37:06,2026-09-08 22:08:01,FR,Synthetic telemetry record analyzing web threats activity linked to defensive indicator hr-notices@example.org.,,,,,
THR-2026-1243,2026-07-20 17:40:40,Fake Invoice Redirector #43,PHISHING,DOMAIN,sub98.security-alert.example.net,Research Report,B – Usually Reliable,49,INFORMATIONAL,7,CLOSED,2026-07-17 00:32:53,2026-07-20 17:40:40,SG,Synthetic telemetry record analyzing phishing activity linked to defensive indicator sub98.security-alert.example.net.,Initial Access,Phishing: Spearphishing Attachment,T1566.001,,CAMP-DEFENSE-021
THR-2026-1244,2026-08-30 09:44:20,Encrypted Payload Delivery Simulation #44,MALWARE,EMAIL/SENDER DOMAIN,payroll-alert@example.net,Unknown Source,D – Reliability Unknown,75,HIGH,64,CLOSED,2026-08-27 09:57:27,2026-08-30 09:44:20,NL,Synthetic telemetry record analyzing malware activity linked to defensive indicator payroll-alert@example.net.,,,,,
THR-2026-1245,2026-09-29 09:17:21,Compromised Service Account Pattern #45,CREDENTIAL THREATS,EMAIL/SENDER DOMAIN,security-admin@example.org,Security Vendor,A – Highly Reliable,54,LOW,24,MONITORING,2026-09-25 02:25:50,2026-09-29 09:17:21,NL,Synthetic telemetry record analyzing credential threats activity linked to defensive indicator security-admin@example.org.,Credential Access,Credentials in Files,T1552.001,,
THR-2026-1246,2026-08-13 19:24:19,Synthetic Token Theft Activity #46,CREDENTIAL THREATS,CVE ID,CVE-2026-5512,Unknown Source,D – Reliability Unknown,79,CRITICAL,90,UNDER_REVIEW,2026-08-12 19:56:42,2026-08-13 19:24:19,US,Synthetic telemetry record analyzing credential threats activity linked to defensive indicator CVE-2026-5512.,Credential Access,Brute Force: Password Spraying,T1110.003,CVE-2026-5512,
THR-2026-1247,2026-09-30 09:19:26,Path Traversal Web Probe #47,WEB THREATS,FILE HASH,a0c94e1efaef15bd6c4a1ea4c39e6877a3e2c5fa688ef8eb0244d41694ad2dfc,Security Vendor,A – Highly Reliable,67,MEDIUM,57,UNDER_REVIEW,2026-09-28 12:25:16,2026-09-30 09:19:26,IN,Synthetic telemetry record analyzing web threats activity linked to defensive indicator a0c94e1efaef15bd6c4a1ea4c39e6877a3e2c5fa688ef8eb0244d41694ad2dfc.,,,,,CAMP-DEFENSE-022
THR-2026-1248,2026-09-12 12:13:24,Extortion Double-Dip Campaign #48,RANSOMWARE,FILE HASH,1cad8a7ca44dcf0ff51eda830db458abb78471eb4d3e56ffdc74f8f95ba0e1a1,Unknown Source,D – Reliability Unknown,71,MEDIUM,51,UNDER_REVIEW,2026-09-07 18:30:28,2026-09-12 12:13:24,GB,Synthetic telemetry record analyzing ransomware activity linked to defensive indicator 1cad8a7ca44dcf0ff51eda830db458abb78471eb4d3e56ffdc74f8f95ba0e1a1.,Impact,Data Encrypted for Impact,T1486,,
THR-2026-1249,2026-09-24 01:47:52,Port 445 Scanning in Perimeter #49,NETWORK THREATS,EMAIL/SENDER DOMAIN,hr-notices@example.com,Research Report,B – Usually Reliable,83,MEDIUM,45,CLOSED,2026-09-22 01:52:25,2026-09-24 01:47:52,IN,Synthetic telemetry record analyzing network threats activity linked to defensive indicator hr-notices@example.com.,,,,,
THR-2026-1250,2026-09-11 16:27:10,Server-Side Request Forgery Pattern #50,WEB THREATS,IP ADDRESS,192.0.2.83,Research Report,B – Usually Reliable,55,LOW,39,NEW,2026-09-10 22:15:24,2026-09-11 16:27:10,GB,Synthetic telemetry record analyzing web threats activity linked to defensive indicator 192.0.2.83.,Initial Access,Exploit Public-Facing Application,T1190,,
THR-2026-1251,2026-07-24 15:18:39,Impossible Travel Anomaly #51,ACCOUNT SECURITY,CVE ID,CVE-2026-9956,Unknown Source,D – Reliability Unknown,66,MEDIUM,43,MONITORING,2026-07-23 17:43:29,2026-07-24 15:18:39,NL,Synthetic telemetry record analyzing account security activity linked to defensive indicator CVE-2026-9956.,Persistence,Create Account: Local Account,T1136.001,CVE-2026-9956,CAMP-DEFENSE-022
THR-2026-1252,2026-08-03 11:00:59,Kerberoasting Probe Telemetry #52,CREDENTIAL THREATS,CVE ID,CVE-2026-3390,Security Vendor,A – Highly Reliable,56,INFORMATIONAL,13,NEW,2026-07-30 15:46:57,2026-08-03 11:00:59,DE,Synthetic telemetry record analyzing credential threats activity linked to defensive indicator CVE-2026-3390.,Credential Access,Brute Force: Password Spraying,T1110.003,CVE-2026-3390,CAMP-DEFENSE-021
THR-2026-1253,2026-08-16 08:17:08,Admin Share Lateral Probe #53,RANSOMWARE,IP ADDRESS,198.51.100.192,Public Threat Feed,B – Usually Reliable,64,LOW,32,FALSE_POSITIVE,2026-08-11 18:52:55,2026-08-16 08:17:08,US,Synthetic telemetry record analyzing ransomware activity linked to defensive indicator 198.51.100.192.,Infiltration,Lateral Movement: SMB/Windows Admin Shares,T1021.002,,
THR-2026-1254,2026-08-12 07:23:14,Memory Injection Testing Stub #54,MALWARE,EMAIL/SENDER DOMAIN,billing-verify@example.net,Public Threat Feed,B – Usually Reliable,78,LOW,30,NEW,2026-08-12 00:22:08,2026-08-12 07:23:14,CA,Synthetic telemetry record analyzing malware activity linked to defensive indicator billing-verify@example.net.,,,,,CAMP-DEFENSE-013
THR-2026-1255,2026-08-15 11:57:46,Exfiltration via Public Cloud Storage #55,DATA EXPOSURE,FILE HASH,f974c9c2667b44e4bf1ecee912293d07c09761a3651aac6f467dc3d5d25bc962,Public Threat Feed,B – Usually Reliable,79,CRITICAL,93,NEW,2026-08-11 14:51:01,2026-08-15 11:57:46,CH,Synthetic telemetry record analyzing data exposure activity linked to defensive indicator f974c9c2667b44e4bf1ecee912293d07c09761a3651aac6f467dc3d5d25bc962.,Exfiltration,Exfiltration Over Alternative Protocol,T1048,,
THR-2026-1256,2026-08-07 10:21:10,Extortion Double-Dip Campaign #56,RANSOMWARE,DOMAIN,service.update-service.example.org,Internal SOC,A – Highly Reliable,56,MEDIUM,45,NEW,2026-08-03 20:34:11,2026-08-07 10:21:10,IN,Synthetic telemetry record analyzing ransomware activity linked to defensive indicator service.update-service.example.org.,,,,,CAMP-DEFENSE-003
THR-2026-1257,2026-07-27 10:38:32,Path Traversal Web Probe #57,WEB THREATS,EMAIL/SENDER DOMAIN,hr-notices@example.com,Public Threat Feed,B – Usually Reliable,72,CRITICAL,84,UNDER_REVIEW,2026-07-22 18:07:23,2026-07-27 10:38:32,IN,Synthetic telemetry record analyzing web threats activity linked to defensive indicator hr-notices@example.com.,Command and Control,Web Service: Dead Drop Resolver,T1102.001,,
THR-2026-1258,2026-07-30 12:55:42,Misconfigured Cloud Bucket Scraping #58,DATA EXPOSURE,IP ADDRESS,203.0.113.42,Community Submission,C – Fairly Reliable,59,MEDIUM,42,MONITORING,2026-07-29 23:37:16,2026-07-30 12:55:42,US,Synthetic telemetry record analyzing data exposure activity linked to defensive indicator 203.0.113.42.,Exfiltration,Exfiltration Over Alternative Protocol,T1048,,
THR-2026-1259,2026-09-13 22:20:16,Spear-Phishing Credential Harvester #59,PHISHING,URL,https://telemetry-sync.example.net/auth/login-redirect?session_id=9834,Public Threat Feed,B – Usually Reliable,70,HIGH,61,CLOSED,2026-09-11 22:48:51,2026-09-13 22:20:16,SG,Synthetic telemetry record analyzing phishing activity linked to defensive indicator https://telemetry-sync.example.net/auth/login-redirect?session_id=9834.,Initial Access,Phishing: Spearphishing Attachment,T1566.001,,CAMP-DEFENSE-017
THR-2026-1260,2026-07-17 13:55:37,Sensitive API Endpoint Exposure #60,DATA EXPOSURE,CVE ID,CVE-2026-8845,Research Report,B – Usually Reliable,84,MEDIUM,59,MONITORING,2026-07-14 12:00:49,2026-07-17 13:55:37,CA,Synthetic telemetry record analyzing data exposure activity linked to defensive indicator CVE-2026-8845.,,,,CVE-2026-8845,
THR-2026-1261,2026-07-14 00:33:58,Legacy WebDAV Exploit Sweep #61,VULNERABILITY EXPOSURE,DOMAIN,sub32.security-alert.example.net,Security Vendor,A – Highly Reliable,66,HIGH,67,MONITORING,2026-07-11 12:22:26,2026-07-14 00:33:58,GB,Synthetic telemetry record analyzing vulnerability exposure activity linked to defensive indicator sub32.security-alert.example.net.,Privilege Escalation,Exploitation for Privilege Escalation,T1068,CVE-2026-2189,
THR-2026-1262,2026-08-12 16:16:52,Unauthenticated Deserialization Scan #62,VULNERABILITY EXPOSURE,FILE HASH,b1774819ba1424696b4ecad8aaab94b1bd05799eafa0a2d1a72cddda90c24f67,Research Report,B – Usually Reliable,42,LOW,23,MONITORING,2026-08-07 20:27:55,2026-08-12 16:16:52,DE,Synthetic telemetry record analyzing vulnerability exposure activity linked to defensive indicator b1774819ba1424696b4ecad8aaab94b1bd05799eafa0a2d1a72cddda90c24f67.,Lateral Movement,Exploitation of Remote Services,T1210,CVE-2026-3390,CAMP-DEFENSE-008
THR-2026-1263,2026-08-20 20:45:34,Misconfigured Cloud Bucket Scraping #63,DATA EXPOSURE,EMAIL/SENDER DOMAIN,hr-notices@example.net,Security Vendor,A – Highly Reliable,75,HIGH,77,UNDER_REVIEW,2026-08-17 20:44:56,2026-08-20 20:45:34,BR,Synthetic telemetry record analyzing data exposure activity linked to defensive indicator hr-notices@example.net.,Collection,Data from Cloud Storage,T1530,,CAMP-DEFENSE-016
THR-2026-1264,2026-08-29 00:46:58,Urgent Security Notification Lure #64,PHISHING,FILE HASH,e93c392bf639425ca11d0264f44243f2b9819cbf25c683b368e243d0284c691d,Unknown Source,D – Reliability Unknown,61,INFORMATIONAL,8,UNDER_REVIEW,2026-08-26 02:56:34,2026-08-29 00:46:58,AU,Synthetic telemetry record analyzing phishing activity linked to defensive indicator e93c392bf639425ca11d0264f44243f2b9819cbf25c683b368e243d0284c691d.,Initial Access,Phishing: Spearphishing Link,T1566.002,,
THR-2026-1265,2026-09-21 08:49:14,Generic Modular Loader Simulation #65,MALWARE,FILE HASH,f19e6df05ce48c8a5a93c7bfbbcbf9daefcb1215423ec5613d31c5d516a04ba7,Unknown Source,D – Reliability Unknown,60,MEDIUM,58,MONITORING,2026-09-16 12:25:41,2026-09-21 08:49:14,CH,Synthetic telemetry record analyzing malware activity linked to defensive indicator f19e6df05ce48c8a5a93c7bfbbcbf9daefcb1215423ec5613d31c5d516a04ba7.,Defense Evasion,Obfuscated Files or Information,T1027,,
THR-2026-1266,2026-08-29 04:13:24,VSS Shadow Copy Invalidation Stub #66,RANSOMWARE,CVE ID,CVE-2026-1188,Research Report,B – Usually Reliable,55,MEDIUM,53,NEW,2026-08-24 09:49:21,2026-08-29 04:13:24,NL,Synthetic telemetry record analyzing ransomware activity linked to defensive indicator CVE-2026-1188.,Infiltration,Lateral Movement: SMB/Windows Admin Shares,T1021.002,CVE-2026-1188,
THR-2026-1267,2026-09-01 23:53:53,Server-Side Request Forgery Pattern #67,WEB THREATS,EMAIL/SENDER DOMAIN,payroll-alert@example.org,Public Threat Feed,B – Usually Reliable,73,MEDIUM,41,UNDER_REVIEW,2026-08-29 23:37:00,2026-09-01 23:53:53,GB,Synthetic telemetry record analyzing web threats activity linked to defensive indicator payroll-alert@example.org.,Initial Access,Exploit Public-Facing Application,T1190,,
THR-2026-1268,2026-09-25 15:49:26,OAuth High-Privilege Consent Grant #68,ACCOUNT SECURITY,FILE HASH,2bcfa36f890fb9cd3f70ca65259cff37b37de2a34ba4ab0fd2bba59c5fa6c09e,Public Threat Feed,B – Usually Reliable,46,MEDIUM,56,MONITORING,2026-09-23 11:16:45,2026-09-25 15:49:26,JP,Synthetic telemetry record analyzing account security activity linked to defensive indicator 2bcfa36f890fb9cd3f70ca65259cff37b37de2a34ba4ab0fd2bba59c5fa6c09e.,Persistence,Create Account: Local Account,T1136.001,,
THR-2026-1269,2026-09-24 13:12:06,Unencrypted Diagnostic Log Leak #69,DATA EXPOSURE,URL,https://client-token.example.org/session/token-exchange?session_id=7645,Public Threat Feed,B – Usually Reliable,87,HIGH,77,UNDER_REVIEW,2026-09-22 00:06:53,2026-09-24 13:12:06,NL,Synthetic telemetry record analyzing data exposure activity linked to defensive indicator https://client-token.example.org/session/token-exchange?session_id=7645.,Exfiltration,Exfiltration Over Alternative Protocol,T1048,,CAMP-DEFENSE-015
THR-2026-1270,2026-07-20 15:20:14,Legacy WebDAV Exploit Sweep #70,VULNERABILITY EXPOSURE,CVE ID,CVE-2026-5512,Community Submission,C – Fairly Reliable,79,MEDIUM,59,NEW,2026-07-20 02:31:09,2026-07-20 15:20:14,US,Synthetic telemetry record analyzing vulnerability exposure activity linked to defensive indicator CVE-2026-5512.,,,,CVE-2026-5512,CAMP-DEFENSE-020
THR-2026-1271,2026-08-26 11:51:27,Anomalous SSH Bastion Brute Force #71,NETWORK THREATS,DOMAIN,service.login-check.invalid,Security Vendor,A – Highly Reliable,38,INFORMATIONAL,17,CLOSED,2026-08-21 16:30:58,2026-08-26 11:51:27,FR,Synthetic telemetry record analyzing network threats activity linked to defensive indicator service.login-check.invalid.,Discovery,Network Service Scanning,T1046,CVE-2026-9956,CAMP-DEFENSE-018
THR-2026-1272,2026-08-12 08:57:25,Encrypted Payload Delivery Simulation #72,MALWARE,DOMAIN,service.security-alert.example.net,Community Submission,C – Fairly Reliable,75,HIGH,71,MONITORING,2026-08-07 23:57:54,2026-08-12 08:57:25,CH,Synthetic telemetry record analyzing malware activity linked to defensive indicator service.security-alert.example.net.,Command and Control,Application Layer Protocol,T1071,,
THR-2026-1273,2026-09-30 00:09:58,Memory Injection Testing Stub #73,MALWARE,EMAIL/SENDER DOMAIN,support-desk@corporate-demo.invalid,Security Vendor,A – Highly Reliable,45,MEDIUM,52,MONITORING,2026-09-25 09:06:41,2026-09-30 00:09:58,DE,Synthetic telemetry record analyzing malware activity linked to defensive indicator support-desk@corporate-demo.invalid.,,,,,
THR-2026-1274,2026-07-11 09:40:48,Dormant Administrator Account Activation #74,ACCOUNT SECURITY,EMAIL/SENDER DOMAIN,support-desk@example.org,Internal SOC,A – Highly Reliable,80,MEDIUM,44,UNDER_REVIEW,2026-07-06 15:38:32,2026-07-11 09:40:48,AU,Synthetic telemetry record analyzing account security activity linked to defensive indicator support-desk@example.org.,Persistence,Create Account: Local Account,T1136.001,,
THR-2026-1275,2026-07-11 07:17:40,Executive Pretexting Call Campaign #75,SOCIAL ENGINEERING,EMAIL/SENDER DOMAIN,billing-verify@corporate-demo.invalid,Unknown Source,D – Reliability Unknown,71,MEDIUM,46,CLOSED,2026-07-08 00:51:32,2026-07-11 07:17:40,US,Synthetic telemetry record analyzing social engineering activity linked to defensive indicator billing-verify@corporate-demo.invalid.,Initial Access,Replication Through Removable Media,T1091,CVE-2026-4401,
THR-2026-1276,2026-08-08 05:54:18,Kerberoasting Probe Telemetry #76,CREDENTIAL THREATS,URL,https://corp-portal-test.invalid/session/token-exchange?session_id=5129,Security Vendor,A – Highly Reliable,66,MEDIUM,49,CLOSED,2026-08-03 13:19:40,2026-08-08 05:54:18,JP,Synthetic telemetry record analyzing credential threats activity linked to defensive indicator https://corp-portal-test.invalid/session/token-exchange?session_id=5129.,Credential Access,Credentials in Files,T1552.001,,
THR-2026-1277,2026-09-20 19:31:45,Fake Invoice Redirector #77,PHISHING,FILE HASH,af7afb81adb54616736fa4a2cbd9e64a75e39c3aea8b21502d827a80bc1a466f,Security Vendor,A – Highly Reliable,75,MEDIUM,54,NEW,2026-09-16 06:18:36,2026-09-20 19:31:45,DE,Synthetic telemetry record analyzing phishing activity linked to defensive indicator af7afb81adb54616736fa4a2cbd9e64a75e39c3aea8b21502d827a80bc1a466f.,,,,,
THR-2026-1278,2026-07-09 12:59:49,Dormant Administrator Account Activation #78,ACCOUNT SECURITY,IP ADDRESS,198.51.100.61,Security Vendor,A – Highly Reliable,46,LOW,21,MONITORING,2026-07-06 07:17:42,2026-07-09 12:59:49,SG,Synthetic telemetry record analyzing account security activity linked to defensive indicator 198.51.100.61.,Defense Evasion,Valid Accounts: Cloud Accounts,T1078.004,,CAMP-DEFENSE-010
THR-2026-1279,2026-07-17 01:43:57,Impossible Travel Anomaly #79,ACCOUNT SECURITY,DOMAIN,sub51.update-service.example.org,Internal SOC,A – Highly Reliable,45,MEDIUM,51,UNDER_REVIEW,2026-07-12 23:35:55,2026-07-17 01:43:57,GB,Synthetic telemetry record analyzing account security activity linked to defensive indicator sub51.update-service.example.org.,Persistence,Account Manipulation: Additional Credentials,T1098.001,,CAMP-DEFENSE-024
THR-2026-1280,2026-08-26 20:40:18,OAuth High-Privilege Consent Grant #80,ACCOUNT SECURITY,IP ADDRESS,192.0.2.190,Security Vendor,A – Highly Reliable,92,CRITICAL,83,MONITORING,2026-08-23 13:39:44,2026-08-26 20:40:18,CA,Synthetic telemetry record analyzing account security activity linked to defensive indicator 192.0.2.190.,Persistence,Account Manipulation: Additional Credentials,T1098.001,,
THR-2026-1281,2026-08-04 13:15:35,Extortion Double-Dip Campaign #81,RANSOMWARE,FILE HASH,59030e74da0daee187d11d5a8f0629b19e93dea9934e53c40e536d54d1691b2a,Community Submission,C – Fairly Reliable,65,MEDIUM,58,MONITORING,2026-07-31 21:28:44,2026-08-04 13:15:35,BR,Synthetic telemetry record analyzing ransomware activity linked to defensive indicator 59030e74da0daee187d11d5a8f0629b19e93dea9934e53c40e536d54d1691b2a.,Infiltration,Lateral Movement: SMB/Windows Admin Shares,T1021.002,,CAMP-DEFENSE-019
THR-2026-1282,2026-09-20 22:03:36,Anomalous SSH Bastion Brute Force #82,NETWORK THREATS,DOMAIN,sub50.auth-gateway.example.com,Research Report,B – Usually Reliable,50,MEDIUM,60,NEW,2026-09-18 09:46:38,2026-09-20 22:03:36,IN,Synthetic telemetry record analyzing network threats activity linked to defensive indicator sub50.auth-gateway.example.com.,Discovery,Network Service Scanning,T1046,,CAMP-DEFENSE-021
THR-2026-1283,2026-08-19 22:02:29,Memory Injection Testing Stub #83,MALWARE,URL,https://invoice-verify.invalid/secure/portal/auth?session_id=6034,Public Threat Feed,B – Usually Reliable,54,MEDIUM,52,UNDER_REVIEW,2026-08-16 02:16:45,2026-08-19 22:02:29,DE,Synthetic telemetry record analyzing malware activity linked to defensive indicator https://invoice-verify.invalid/secure/portal/auth?session_id=6034.,Command and Control,Application Layer Protocol,T1071,,
THR-2026-1284,2026-09-07 22:42:56,ICMP Covert Beaconing Pattern #84,NETWORK THREATS,EMAIL/SENDER DOMAIN,support-desk@corporate-demo.invalid,Security Vendor,A – Highly Reliable,66,MEDIUM,42,UNDER_REVIEW,2026-09-03 17:01:37,2026-09-07 22:42:56,DE,Synthetic telemetry record analyzing network threats activity linked to defensive indicator support-desk@corporate-demo.invalid.,Discovery,Network Sniffing,T1040,,CAMP-DEFENSE-004
THR-2026-1285,2026-07-19 02:30:17,Generic Modular Loader Simulation #85,MALWARE,CVE ID,CVE-2026-8845,Security Vendor,A – Highly Reliable,72,MEDIUM,46,CLOSED,2026-07-16 11:57:54,2026-07-19 02:30:17,SG,Synthetic telemetry record analyzing malware activity linked to defensive indicator CVE-2026-8845.,Command and Control,Application Layer Protocol,T1071,CVE-2026-8845,
THR-2026-1286,2026-09-30 10:47:41,Extortion Double-Dip Campaign #86,RANSOMWARE,FILE HASH,0599fe6c8f40161cac70ff9273c562c7fb681e2758c4d2e1baed59d2915192de,Security Vendor,A – Highly Reliable,49,MEDIUM,51,CLOSED,2026-09-26 07:31:47,2026-09-30 10:47:41,SG,Synthetic telemetry record analyzing ransomware activity linked to defensive indicator 0599fe6c8f40161cac70ff9273c562c7fb681e2758c4d2e1baed59d2915192de.,Impact,Data Encrypted for Impact,T1486,,CAMP-DEFENSE-011
THR-2026-1287,2026-09-26 19:42:52,Compromised Service Account Pattern #87,CREDENTIAL THREATS,FILE HASH,8990fb3ab1b8d43bdb3dfa93e42a416ca9db3b160f9d0ce44b347dad191f19bc,Community Submission,C – Fairly Reliable,73,HIGH,72,UNDER_REVIEW,2026-09-24 06:17:18,2026-09-26 19:42:52,CA,Synthetic telemetry record analyzing credential threats activity linked to defensive indicator 8990fb3ab1b8d43bdb3dfa93e42a416ca9db3b160f9d0ce44b347dad191f19bc.,Credential Access,Brute Force: Password Spraying,T1110.003,,
THR-2026-1288,2026-07-04 14:11:05,Public Facing API Auth Bypass #88,VULNERABILITY EXPOSURE,DOMAIN,sub60.support-desk.invalid,Internal SOC,A – Highly Reliable,78,HIGH,65,UNDER_REVIEW,2026-07-03 11:14:48,2026-07-04 14:11:05,US,Synthetic telemetry record analyzing vulnerability exposure activity linked to defensive indicator sub60.support-desk.invalid.,Privilege Escalation,Exploitation for Privilege Escalation,T1068,CVE-2026-7734,
THR-2026-1289,2026-09-27 23:55:02,MFA Fatigue Authentication Surge #89,ACCOUNT SECURITY,EMAIL/SENDER DOMAIN,payroll-alert@example.com,Unknown Source,D – Reliability Unknown,75,MEDIUM,51,MONITORING,2026-09-27 18:07:49,2026-09-27 23:55:02,DE,Synthetic telemetry record analyzing account security activity linked to defensive indicator payroll-alert@example.com.,Persistence,Account Manipulation: Additional Credentials,T1098.001,,CAMP-DEFENSE-022
THR-2026-1290,2026-08-15 09:11:15,Memory Injection Testing Stub #90,MALWARE,EMAIL/SENDER DOMAIN,payroll-alert@corporate-demo.invalid,Unknown Source,D – Reliability Unknown,54,LOW,30,CLOSED,2026-08-10 20:38:07,2026-08-15 09:11:15,IN,Synthetic telemetry record analyzing malware activity linked to defensive indicator payroll-alert@corporate-demo.invalid.,Command and Control,Application Layer Protocol,T1071,,CAMP-DEFENSE-025
THR-2026-1291,2026-07-19 05:59:06,DNS Tunneling Exfiltration Signature #91,NETWORK THREATS,FILE HASH,5b166c07df6532d26f82e2709976c6f164bdb5dc693b10c1ae59e44a98256668,Public Threat Feed,B – Usually Reliable,52,LOW,39,CLOSED,2026-07-14 19:12:19,2026-07-19 05:59:06,GB,Synthetic telemetry record analyzing network threats activity linked to defensive indicator 5b166c07df6532d26f82e2709976c6f164bdb5dc693b10c1ae59e44a98256668.,Discovery,Network Service Scanning,T1046,,
THR-2026-1292,2026-08-20 17:08:50,ShadowLocker Ransomware Activity #92,RANSOMWARE,IP ADDRESS,198.51.100.191,Community Submission,C – Fairly Reliable,53,MEDIUM,43,CLOSED,2026-08-18 00:29:23,2026-08-20 17:08:50,CA,Synthetic telemetry record analyzing ransomware activity linked to defensive indicator 198.51.100.191.,Impact,Inhibit System Recovery,T1490,,
THR-2026-1293,2026-07-20 10:02:02,Spear-Phishing Credential Harvester #93,PHISHING,URL,https://support-desk.invalid/session/token-exchange?session_id=5303,Public Threat Feed,B – Usually Reliable,73,HIGH,67,UNDER_REVIEW,2026-07-16 11:14:42,2026-07-20 10:02:02,GB,Synthetic telemetry record analyzing phishing activity linked to defensive indicator https://support-desk.invalid/session/token-exchange?session_id=5303.,Initial Access,Phishing: Spearphishing Link,T1566.002,,
THR-2026-1294,2026-08-14 20:02:06,Password Spraying against ADFS Demo #94,CREDENTIAL THREATS,CVE ID,CVE-2026-4401,Security Vendor,A – Highly Reliable,52,MEDIUM,58,FALSE_POSITIVE,2026-08-13 03:01:44,2026-08-14 20:02:06,JP,Synthetic telemetry record analyzing credential threats activity linked to defensive indicator CVE-2026-4401.,Credential Access,Credentials in Files,T1552.001,CVE-2026-4401,
THR-2026-1295,2026-07-21 20:27:57,Port 445 Scanning in Perimeter #95,NETWORK THREATS,EMAIL/SENDER DOMAIN,billing-verify@example.com,Unknown Source,D – Reliability Unknown,80,HIGH,79,UNDER_REVIEW,2026-07-18 13:39:46,2026-07-21 20:27:57,FR,Synthetic telemetry record analyzing network threats activity linked to defensive indicator billing-verify@example.com.,Discovery,Network Service Scanning,T1046,,
THR-2026-1296,2026-07-19 07:39:07,Public Facing API Auth Bypass #96,VULNERABILITY EXPOSURE,FILE HASH,85146fa1728cf993f14477818847af2cd1000677dff0a3abe75327cd595e87fb,Security Vendor,A – Highly Reliable,77,MEDIUM,51,NEW,2026-07-17 10:48:42,2026-07-19 07:39:07,NL,Synthetic telemetry record analyzing vulnerability exposure activity linked to defensive indicator 85146fa1728cf993f14477818847af2cd1000677dff0a3abe75327cd595e87fb.,Initial Access,Exploit Public-Facing Application,T1190,CVE-2026-8845,
THR-2026-1297,2026-07-26 05:45:08,Admin Share Lateral Probe #97,RANSOMWARE,CVE ID,CVE-2026-9956,Internal SOC,A – Highly Reliable,50,MEDIUM,59,FALSE_POSITIVE,2026-07-25 15:10:04,2026-07-26 05:45:08,GB,Synthetic telemetry record analyzing ransomware activity linked to defensive indicator CVE-2026-9956.,,,,CVE-2026-9956,CAMP-DEFENSE-019
THR-2026-1298,2026-08-10 17:12:25,Anomalous SSH Bastion Brute Force #98,NETWORK THREATS,URL,https://auth-gateway.example.com/invoice/preview-doc.pdf?session_id=7989,Internal SOC,A – Highly Reliable,36,LOW,38,CLOSED,2026-08-07 06:23:49,2026-08-10 17:12:25,NL,Synthetic telemetry record analyzing network threats activity linked to defensive indicator https://auth-gateway.example.com/invoice/preview-doc.pdf?session_id=7989.,Discovery,Network Sniffing,T1040,,CAMP-DEFENSE-002
THR-2026-1299,2026-08-17 17:01:18,Fake IT Helpdesk Remote Access Lure #99,SOCIAL ENGINEERING,DOMAIN,sub53.session-manager.invalid,Community Submission,C – Fairly Reliable,50,MEDIUM,55,MONITORING,2026-08-15 19:31:41,2026-08-17 17:01:18,SG,Synthetic telemetry record analyzing social engineering activity linked to defensive indicator sub53.session-manager.invalid.,Execution,User Execution: Malicious Link,T1204.001,,
THR-2026-1300,2026-09-01 07:15:22,Compromised Service Account Pattern #00,CREDENTIAL THREATS,EMAIL/SENDER DOMAIN,billing-verify@example.com,Unknown Source,D – Reliability Unknown,62,HIGH,74,UNDER_REVIEW,2026-08-30 16:38:43,2026-09-01 07:15:22,AU,Synthetic telemetry record analyzing credential threats activity linked to defensive indicator billing-verify@example.com.,Credential Access,OS Credential Dumping,T1003,,CAMP-DEFENSE-021
THR-2026-1301,2026-08-31 03:31:21,Kerberoasting Probe Telemetry #01,CREDENTIAL THREATS,EMAIL/SENDER DOMAIN,security-admin@example.org,Public Threat Feed,B – Usually Reliable,45,LOW,30,CLOSED,2026-08-26 18:15:22,2026-08-31 03:31:21,CA,Synthetic telemetry record analyzing credential threats activity linked to defensive indicator security-admin@example.org.,Credential Access,Credentials in Files,T1552.001,,
THR-2026-1302,2026-08-24 09:28:19,QR Code Phishing (Quishing) Test #02,SOCIAL ENGINEERING,DOMAIN,sub30.security-alert.example.net,Community Submission,C – Fairly Reliable,66,MEDIUM,41,UNDER_REVIEW,2026-08-20 13:35:13,2026-08-24 09:28:19,DE,Synthetic telemetry record analyzing social engineering activity linked to defensive indicator sub30.security-alert.example.net.,Execution,User Execution: Malicious Link,T1204.001,,CAMP-DEFENSE-009
THR-2026-1303,2026-07-07 02:40:41,Corporate SSO Impersonation Portal #03,PHISHING,IP ADDRESS,203.0.113.179,Research Report,B – Usually Reliable,77,HIGH,71,UNDER_REVIEW,2026-07-05 11:52:42,2026-07-07 02:40:41,DE,Synthetic telemetry record analyzing phishing activity linked to defensive indicator 203.0.113.179.,Initial Access,Phishing: Spearphishing Voice,T1566.004,,
THR-2026-1304,2026-08-18 05:28:50,Corporate SSO Impersonation Portal #04,PHISHING,DOMAIN,sub79.login-check.invalid,Security Vendor,A – Highly Reliable,56,LOW,36,NEW,2026-08-17 03:48:05,2026-08-18 05:28:50,BR,Synthetic telemetry record analyzing phishing activity linked to defensive indicator sub79.login-check.invalid.,Initial Access,Phishing: Spearphishing Link,T1566.002,,
THR-2026-1305,2026-09-10 15:31:53,Cross-Site Scripting Injection Probe #05,WEB THREATS,FILE HASH,381970a57a40ddc4df5894b9a699c0822d9252dedb840c4a7da652a44c5817d6,Community Submission,C – Fairly Reliable,66,LOW,21,MONITORING,2026-09-09 01:29:34,2026-09-10 15:31:53,IN,Synthetic telemetry record analyzing web threats activity linked to defensive indicator 381970a57a40ddc4df5894b9a699c0822d9252dedb840c4a7da652a44c5817d6.,Initial Access,Exploit Public-Facing Application,T1190,,
THR-2026-1306,2026-08-21 11:18:20,VSS Shadow Copy Invalidation Stub #06,RANSOMWARE,DOMAIN,sub45.support-desk.invalid,Community Submission,C – Fairly Reliable,37,LOW,32,UNDER_REVIEW,2026-08-20 02:57:03,2026-08-21 11:18:20,GB,Synthetic telemetry record analyzing ransomware activity linked to defensive indicator sub45.support-desk.invalid.,Impact,Data Encrypted for Impact,T1486,,
THR-2026-1307,2026-09-29 09:42:05,Executive Pretexting Call Campaign #07,SOCIAL ENGINEERING,IP ADDRESS,198.51.100.69,Security Vendor,A – Highly Reliable,63,HIGH,78,MONITORING,2026-09-24 13:33:40,2026-09-29 09:42:05,NL,Synthetic telemetry record analyzing social engineering activity linked to defensive indicator 198.51.100.69.,Execution,User Execution: Malicious Link,T1204.001,,
THR-2026-1308,2026-08-17 23:00:07,Path Traversal Web Probe #08,WEB THREATS,DOMAIN,sub76.auth-gateway.example.com,Community Submission,C – Fairly Reliable,77,MEDIUM,52,UNDER_REVIEW,2026-08-15 05:11:48,2026-08-17 23:00:07,DE,Synthetic telemetry record analyzing web threats activity linked to defensive indicator sub76.auth-gateway.example.com.,Initial Access,Exploit Public-Facing Application,T1190,,CAMP-DEFENSE-016
THR-2026-1309,2026-09-30 04:43:26,Kerberoasting Probe Telemetry #09,CREDENTIAL THREATS,CVE ID,CVE-2026-7734,Community Submission,C – Fairly Reliable,76,CRITICAL,92,NEW,2026-09-25 15:08:48,2026-09-30 04:43:26,AU,Synthetic telemetry record analyzing credential threats activity linked to defensive indicator CVE-2026-7734.,Credential Access,Credentials in Files,T1552.001,CVE-2026-7734,
THR-2026-1310,2026-09-25 05:16:17,Admin Share Lateral Probe #10,RANSOMWARE,URL,https://corp-portal-test.invalid/auth/login-redirect?session_id=1647,Public Threat Feed,B – Usually Reliable,88,HIGH,68,NEW,2026-09-20 23:35:07,2026-09-25 05:16:17,Global,Synthetic telemetry record analyzing ransomware activity linked to defensive indicator https://corp-portal-test.invalid/auth/login-redirect?session_id=1647.,,,,CVE-2026-6623,
THR-2026-1311,2026-07-31 06:33:04,Cross-Site Scripting Injection Probe #11,WEB THREATS,IP ADDRESS,192.0.2.15,Unknown Source,D – Reliability Unknown,63,HIGH,69,NEW,2026-07-27 19:48:54,2026-07-31 06:33:04,US,Synthetic telemetry record analyzing web threats activity linked to defensive indicator 192.0.2.15.,Initial Access,Exploit Public-Facing Application,T1190,,
THR-2026-1312,2026-09-22 10:26:57,OAuth High-Privilege Consent Grant #12,ACCOUNT SECURITY,FILE HASH,ba4835cf34b81f12186bac8384d8a128a5474a0b805d6454e0f704ea50d4c24b,Public Threat Feed,B – Usually Reliable,64,LOW,29,UNDER_REVIEW,2026-09-19 06:20:03,2026-09-22 10:26:57,JP,Synthetic telemetry record analyzing account security activity linked to defensive indicator ba4835cf34b81f12186bac8384d8a128a5474a0b805d6454e0f704ea50d4c24b.,Persistence,Account Manipulation: Additional Credentials,T1098.001,,
THR-2026-1313,2026-08-28 18:23:45,MFA Fatigue Authentication Surge #13,ACCOUNT SECURITY,FILE HASH,bd057146ecb6ecad381799fd55c868c13a9d9ae1eb51349675ec0defc850c3e5,Security Vendor,A – Highly Reliable,65,HIGH,65,MONITORING,2026-08-23 19:22:23,2026-08-28 18:23:45,AU,Synthetic telemetry record analyzing account security activity linked to defensive indicator bd057146ecb6ecad381799fd55c868c13a9d9ae1eb51349675ec0defc850c3e5.,Defense Evasion,Valid Accounts: Cloud Accounts,T1078.004,,
THR-2026-1314,2026-09-26 16:13:46,InfoStealer Demo Artifact #14,MALWARE,IP ADDRESS,203.0.113.213,Community Submission,C – Fairly Reliable,51,MEDIUM,54,UNDER_REVIEW,2026-09-25 17:08:21,2026-09-26 16:13:46,US,Synthetic telemetry record analyzing malware activity linked to defensive indicator 203.0.113.213.,Execution,User Execution: Malicious File,T1204.002,CVE-2026-1042,CAMP-DEFENSE-013
THR-2026-1315,2026-07-23 05:53:44,ShadowLocker Ransomware Activity #15,RANSOMWARE,IP ADDRESS,192.0.2.153,Public Threat Feed,B – Usually Reliable,83,HIGH,74,MONITORING,2026-07-22 01:31:20,2026-07-23 05:53:44,SG,Synthetic telemetry record analyzing ransomware activity linked to defensive indicator 192.0.2.153.,,,,,CAMP-DEFENSE-018
THR-2026-1316,2026-09-25 22:17:22,Executive Pretexting Call Campaign #16,SOCIAL ENGINEERING,FILE HASH,5d1410c4818ea9c81028efe5bc8fb25e3896cb86089dd08e958b0548663260e4,Internal SOC,A – Highly Reliable,30,LOW,39,NEW,2026-09-23 10:53:51,2026-09-25 22:17:22,BR,Synthetic telemetry record analyzing social engineering activity linked to defensive indicator 5d1410c4818ea9c81028efe5bc8fb25e3896cb86089dd08e958b0548663260e4.,,,,,
THR-2026-1317,2026-08-13 17:20:23,Watering Hole Redirector Demo #17,SOCIAL ENGINEERING,DOMAIN,service.auth-gateway.example.com,Security Vendor,A – Highly Reliable,24,INFORMATIONAL,20,UNDER_REVIEW,2026-08-11 19:39:31,2026-08-13 17:20:23,CH,Synthetic telemetry record analyzing social engineering activity linked to defensive indicator service.auth-gateway.example.com.,Execution,User Execution: Malicious Link,T1204.001,,CAMP-DEFENSE-009
THR-2026-1318,2026-09-16 06:53:02,Unauthenticated Deserialization Scan #18,VULNERABILITY EXPOSURE,IP ADDRESS,198.51.100.29,Community Submission,C – Fairly Reliable,70,CRITICAL,96,FALSE_POSITIVE,2026-09-12 05:57:17,2026-09-16 06:53:02,NL,Synthetic telemetry record analyzing vulnerability exposure activity linked to defensive indicator 198.51.100.29.,Privilege Escalation,Exploitation for Privilege Escalation,T1068,CVE-2026-4401,
THR-2026-1319,2026-09-22 23:16:55,Cross-Site Scripting Injection Probe #19,WEB THREATS,URL,https://update-service.example.org/auth/login-redirect?session_id=6907,Security Vendor,A – Highly Reliable,43,LOW,26,CLOSED,2026-09-20 23:36:16,2026-09-22 23:16:55,IN,Synthetic telemetry record analyzing web threats activity linked to defensive indicator https://update-service.example.org/auth/login-redirect?session_id=6907.,Collection,Automated Collection: Web Scraping,T1119,,CAMP-DEFENSE-024
THR-2026-1320,2026-08-28 12:42:51,Server-Side Request Forgery Pattern #20,WEB THREATS,URL,https://session-manager.invalid/secure/portal/auth?session_id=8773,Security Vendor,A – Highly Reliable,85,MEDIUM,54,NEW,2026-08-28 10:00:06,2026-08-28 12:42:51,IN,Synthetic telemetry record analyzing web threats activity linked to defensive indicator https://session-manager.invalid/secure/portal/auth?session_id=8773.,Initial Access,Exploit Public-Facing Application,T1190,,CAMP-DEFENSE-014
THR-2026-1321,2026-07-06 01:37:29,Cross-Site Scripting Injection Probe #21,WEB THREATS,CVE ID,CVE-2026-6623,Internal SOC,A – Highly Reliable,74,LOW,32,NEW,2026-07-02 16:22:10,2026-07-06 01:37:29,IN,Synthetic telemetry record analyzing web threats activity linked to defensive indicator CVE-2026-6623.,Command and Control,Web Service: Dead Drop Resolver,T1102.001,CVE-2026-6623,CAMP-DEFENSE-002
THR-2026-1322,2026-08-13 17:25:59,Memory Injection Testing Stub #22,MALWARE,URL,https://security-alert.example.net/download/security-patch.bin?session_id=3797,Research Report,B – Usually Reliable,83,HIGH,70,UNDER_REVIEW,2026-08-11 16:52:50,2026-08-13 17:25:59,GB,Synthetic telemetry record analyzing malware activity linked to defensive indicator https://security-alert.example.net/download/security-patch.bin?session_id=3797.,Command and Control,Application Layer Protocol,T1071,,CAMP-DEFENSE-018
THR-2026-1323,2026-07-11 16:48:46,Password Spraying against ADFS Demo #23,CREDENTIAL THREATS,FILE HASH,e612a4a84cf81a36df523ab341cea338435c8cd4313805db3c2e9e1894007704,Internal SOC,A – Highly Reliable,46,LOW,35,MONITORING,2026-07-09 04:47:20,2026-07-11 16:48:46,IN,Synthetic telemetry record analyzing credential threats activity linked to defensive indicator e612a4a84cf81a36df523ab341cea338435c8cd4313805db3c2e9e1894007704.,,,,,
THR-2026-1324,2026-08-06 14:30:39,InfoStealer Demo Artifact #24,MALWARE,EMAIL/SENDER DOMAIN,billing-verify@corporate-demo.invalid,Public Threat Feed,B – Usually Reliable,22,INFORMATIONAL,14,UNDER_REVIEW,2026-08-03 18:26:26,2026-08-06 14:30:39,AU,Synthetic telemetry record analyzing malware activity linked to defensive indicator billing-verify@corporate-demo.invalid.,,,,,
THR-2026-1325,2026-07-22 16:58:16,OAuth High-Privilege Consent Grant #25,ACCOUNT SECURITY,CVE ID,CVE-2026-1042,Security Vendor,A – Highly Reliable,62,LOW,29,NEW,2026-07-17 19:24:48,2026-07-22 16:58:16,SG,Synthetic telemetry record analyzing account security activity linked to defensive indicator CVE-2026-1042.,Defense Evasion,Valid Accounts: Cloud Accounts,T1078.004,CVE-2026-1042,
THR-2026-1326,2026-07-16 09:22:42,Path Traversal Web Probe #26,WEB THREATS,FILE HASH,d6a6be3ee78dcc8be825cde07a9b40c2f00e710ab7eb6b94d6a6ffa0800cecaa,Unknown Source,D – Reliability Unknown,93,CRITICAL,87,UNDER_REVIEW,2026-07-15 13:11:51,2026-07-16 09:22:42,US,Synthetic telemetry record analyzing web threats activity linked to defensive indicator d6a6be3ee78dcc8be825cde07a9b40c2f00e710ab7eb6b94d6a6ffa0800cecaa.,Command and Control,Web Service: Dead Drop Resolver,T1102.001,,CAMP-DEFENSE-001
THR-2026-1327,2026-08-13 00:03:43,Password Spraying against ADFS Demo #27,CREDENTIAL THREATS,DOMAIN,service.login-check.invalid,Internal SOC,A – Highly Reliable,74,HIGH,73,MONITORING,2026-08-11 02:50:01,2026-08-13 00:03:43,DE,Synthetic telemetry record analyzing credential threats activity linked to defensive indicator service.login-check.invalid.,Credential Access,Brute Force: Password Spraying,T1110.003,,CAMP-DEFENSE-017
THR-2026-1328,2026-09-29 05:40:02,Server-Side Request Forgery Pattern #28,WEB THREATS,IP ADDRESS,198.51.100.205,Internal SOC,A – Highly Reliable,78,HIGH,73,UNDER_REVIEW,2026-09-24 11:04:26,2026-09-29 05:40:02,CH,Synthetic telemetry record analyzing web threats activity linked to defensive indicator 198.51.100.205.,Command and Control,Web Service: Dead Drop Resolver,T1102.001,,CAMP-DEFENSE-022
THR-2026-1329,2026-07-27 23:33:06,OAuth High-Privilege Consent Grant #29,ACCOUNT SECURITY,CVE ID,CVE-2026-6623,Community Submission,C – Fairly Reliable,45,MEDIUM,53,CLOSED,2026-07-24 06:45:01,2026-07-27 23:33:06,CA,Synthetic telemetry record analyzing account security activity linked to defensive indicator CVE-2026-6623.,Persistence,Create Account: Local Account,T1136.001,CVE-2026-6623,CAMP-DEFENSE-003
THR-2026-1330,2026-09-29 05:51:02,SQLi Pattern on Public Gateway #30,WEB THREATS,FILE HASH,21822961312633c9aa121ff964ad47d514bbe7dce90bc4e9630db5c85787e461,Internal SOC,A – Highly Reliable,76,HIGH,79,MONITORING,2026-09-26 06:14:37,2026-09-29 05:51:02,CA,Synthetic telemetry record analyzing web threats activity linked to defensive indicator 21822961312633c9aa121ff964ad47d514bbe7dce90bc4e9630db5c85787e461.,Initial Access,Exploit Public-Facing Application,T1190,,CAMP-DEFENSE-004
THR-2026-1331,2026-09-02 16:44:52,Generic Modular Loader Simulation #31,MALWARE,IP ADDRESS,203.0.113.226,Internal SOC,A – Highly Reliable,61,MEDIUM,52,UNDER_REVIEW,2026-08-30 09:17:22,2026-09-02 16:44:52,NL,Synthetic telemetry record analyzing malware activity linked to defensive indicator 203.0.113.226.,Execution,User Execution: Malicious File,T1204.002,,
THR-2026-1332,2026-08-29 16:21:02,Path Traversal Web Probe #32,WEB THREATS,CVE ID,CVE-2026-6623,Internal SOC,A – Highly Reliable,56,LOW,34,MONITORING,2026-08-28 01:28:39,2026-08-29 16:21:02,JP,Synthetic telemetry record analyzing web threats activity linked to defensive indicator CVE-2026-6623.,,,,CVE-2026-6623,
THR-2026-1333,2026-08-23 11:38:27,Impossible Travel Anomaly #33,ACCOUNT SECURITY,CVE ID,CVE-2026-1042,Research Report,B – Usually Reliable,55,INFORMATIONAL,6,MONITORING,2026-08-22 17:50:55,2026-08-23 11:38:27,CH,Synthetic telemetry record analyzing account security activity linked to defensive indicator CVE-2026-1042.,,,,CVE-2026-1042,
THR-2026-1334,2026-08-22 03:43:02,Misconfigured Cloud Bucket Scraping #34,DATA EXPOSURE,DOMAIN,sub93.telemetry-sync.example.net,Community Submission,C – Fairly Reliable,39,LOW,21,UNDER_REVIEW,2026-08-17 13:01:27,2026-08-22 03:43:02,CA,Synthetic telemetry record analyzing data exposure activity linked to defensive indicator sub93.telemetry-sync.example.net.,Exfiltration,Exfiltration Over Alternative Protocol,T1048,,
THR-2026-1335,2026-08-20 06:46:23,Path Traversal Web Probe #35,WEB THREATS,CVE ID,CVE-2026-6623,Security Vendor,A – Highly Reliable,71,MEDIUM,47,NEW,2026-08-16 08:00:46,2026-08-20 06:46:23,DE,Synthetic telemetry record analyzing web threats activity linked to defensive indicator CVE-2026-6623.,Initial Access,Exploit Public-Facing Application,T1190,CVE-2026-6623,
THR-2026-1336,2026-07-30 06:38:55,VSS Shadow Copy Invalidation Stub #36,RANSOMWARE,EMAIL/SENDER DOMAIN,billing-verify@example.org,Community Submission,C – Fairly Reliable,34,LOW,34,UNDER_REVIEW,2026-07-29 17:47:12,2026-07-30 06:38:55,DE,Synthetic telemetry record analyzing ransomware activity linked to defensive indicator billing-verify@example.org.,Impact,Inhibit System Recovery,T1490,,CAMP-DEFENSE-001
THR-2026-1337,2026-09-11 14:56:56,Fake Invoice Redirector #37,PHISHING,IP ADDRESS,198.51.100.155,Security Vendor,A – Highly Reliable,50,MEDIUM,42,NEW,2026-09-10 07:12:31,2026-09-11 14:56:56,NL,Synthetic telemetry record analyzing phishing activity linked to defensive indicator 198.51.100.155.,,,,,CAMP-DEFENSE-003
THR-2026-1338,2026-09-23 06:20:27,Admin Share Lateral Probe #38,RANSOMWARE,EMAIL/SENDER DOMAIN,security-admin@example.com,Public Threat Feed,B – Usually Reliable,92,CRITICAL,98,UNDER_REVIEW,2026-09-23 02:49:01,2026-09-23 06:20:27,JP,Synthetic telemetry record analyzing ransomware activity linked to defensive indicator security-admin@example.com.,Infiltration,Lateral Movement: SMB/Windows Admin Shares,T1021.002,,
THR-2026-1339,2026-08-03 10:10:27,Edge Gateway Remote Buffer Trigger #39,VULNERABILITY EXPOSURE,CVE ID,CVE-2026-7734,Public Threat Feed,B – Usually Reliable,77,CRITICAL,94,NEW,2026-07-29 22:54:51,2026-08-03 10:10:27,SG,Synthetic telemetry record analyzing vulnerability exposure activity linked to defensive indicator CVE-2026-7734.,Privilege Escalation,Exploitation for Privilege Escalation,T1068,CVE-2026-7734,
THR-2026-1340,2026-07-26 11:22:39,Compromised Service Account Pattern #40,CREDENTIAL THREATS,IP ADDRESS,198.51.100.128,Unknown Source,D – Reliability Unknown,61,LOW,30,UNDER_REVIEW,2026-07-23 08:16:01,2026-07-26 11:22:39,AU,Synthetic telemetry record analyzing credential threats activity linked to defensive indicator 198.51.100.128.,Credential Access,OS Credential Dumping,T1003,,
THR-2026-1341,2026-07-25 22:34:46,Exfiltration via Public Cloud Storage #41,DATA EXPOSURE,DOMAIN,service.cdn-cache.example.com,Internal SOC,A – Highly Reliable,70,MEDIUM,46,MONITORING,2026-07-25 07:26:00,2026-07-25 22:34:46,SG,Synthetic telemetry record analyzing data exposure activity linked to defensive indicator service.cdn-cache.example.com.,Exfiltration,Exfiltration Over Web Service,T1567,,
THR-2026-1342,2026-07-14 06:22:36,Unauthenticated Deserialization Scan #42,VULNERABILITY EXPOSURE,DOMAIN,sub45.auth-gateway.example.com,Community Submission,C – Fairly Reliable,73,MEDIUM,58,CLOSED,2026-07-09 20:18:43,2026-07-14 06:22:36,IN,Synthetic telemetry record analyzing vulnerability exposure activity linked to defensive indicator sub45.auth-gateway.example.com.,Privilege Escalation,Exploitation for Privilege Escalation,T1068,CVE-2026-1188,CAMP-DEFENSE-015
THR-2026-1343,2026-09-29 23:08:22,Corporate SSO Impersonation Portal #43,PHISHING,CVE ID,CVE-2026-5512,Public Threat Feed,B – Usually Reliable,79,CRITICAL,97,NEW,2026-09-27 21:36:20,2026-09-29 23:08:22,JP,Synthetic telemetry record analyzing phishing activity linked to defensive indicator CVE-2026-5512.,Initial Access,Phishing: Spearphishing Attachment,T1566.001,CVE-2026-5512,
THR-2026-1344,2026-07-25 12:59:07,Kerberoasting Probe Telemetry #44,CREDENTIAL THREATS,URL,https://login-check.invalid/session/token-exchange?session_id=7869,Unknown Source,D – Reliability Unknown,72,CRITICAL,85,MONITORING,2026-07-22 19:15:47,2026-07-25 12:59:07,SG,Synthetic telemetry record analyzing credential threats activity linked to defensive indicator https://login-check.invalid/session/token-exchange?session_id=7869.,Credential Access,Credentials in Files,T1552.001,,CAMP-DEFENSE-024
THR-2026-1345,2026-08-02 23:44:46,Cross-Site Scripting Injection Probe #45,WEB THREATS,EMAIL/SENDER DOMAIN,hr-notices@example.com,Research Report,B – Usually Reliable,79,LOW,23,MONITORING,2026-08-01 14:34:36,2026-08-02 23:44:46,FR,Synthetic telemetry record analyzing web threats activity linked to defensive indicator hr-notices@example.com.,,,,,
THR-2026-1346,2026-08-23 17:54:54,Admin Share Lateral Probe #46,RANSOMWARE,FILE HASH,86891ed25c1b55baf86ec785193a349601b492cda9cacadfa9538d7c2b348582,Unknown Source,D – Reliability Unknown,80,LOW,39,UNDER_REVIEW,2026-08-22 05:06:30,2026-08-23 17:54:54,IN,Synthetic telemetry record analyzing ransomware activity linked to defensive indicator 86891ed25c1b55baf86ec785193a349601b492cda9cacadfa9538d7c2b348582.,Impact,Inhibit System Recovery,T1490,,
THR-2026-1347,2026-09-07 23:20:06,Public Facing API Auth Bypass #47,VULNERABILITY EXPOSURE,EMAIL/SENDER DOMAIN,billing-verify@corporate-demo.invalid,Research Report,B – Usually Reliable,36,LOW,24,UNDER_REVIEW,2026-09-04 02:26:21,2026-09-07 23:20:06,DE,Synthetic telemetry record analyzing vulnerability exposure activity linked to defensive indicator billing-verify@corporate-demo.invalid.,Initial Access,Exploit Public-Facing Application,T1190,CVE-2026-2189,CAMP-DEFENSE-012
THR-2026-1348,2026-09-26 17:39:13,VSS Shadow Copy Invalidation Stub #48,RANSOMWARE,DOMAIN,sub25.session-manager.invalid,Research Report,B – Usually Reliable,70,CRITICAL,94,MONITORING,2026-09-23 16:17:51,2026-09-26 17:39:13,US,Synthetic telemetry record analyzing ransomware activity linked to defensive indicator sub25.session-manager.invalid.,Impact,Data Encrypted for Impact,T1486,,CAMP-DEFENSE-024
THR-2026-1349,2026-09-21 20:58:38,Spear-Phishing Credential Harvester #49,PHISHING,DOMAIN,service.session-manager.invalid,Security Vendor,A – Highly Reliable,79,HIGH,80,NEW,2026-09-19 15:22:14,2026-09-21 20:58:38,NL,Synthetic telemetry record analyzing phishing activity linked to defensive indicator service.session-manager.invalid.,Initial Access,Phishing: Spearphishing Link,T1566.002,,
THR-2026-1350,2026-09-21 16:52:15,Server-Side Request Forgery Pattern #50,WEB THREATS,FILE HASH,b661eb30e591a081d1e9f7a1a99d414e1051940df898e259caa2671986ed6d57,Security Vendor,A – Highly Reliable,86,HIGH,79,NEW,2026-09-18 06:05:16,2026-09-21 16:52:15,GB,Synthetic telemetry record analyzing web threats activity linked to defensive indicator b661eb30e591a081d1e9f7a1a99d414e1051940df898e259caa2671986ed6d57.,Command and Control,Web Service: Dead Drop Resolver,T1102.001,,CAMP-DEFENSE-024
THR-2026-1351,2026-07-28 10:20:01,DNS Tunneling Exfiltration Signature #51,NETWORK THREATS,CVE ID,CVE-2026-6623,Internal SOC,A – Highly Reliable,85,MEDIUM,50,CLOSED,2026-07-27 03:19:45,2026-07-28 10:20:01,DE,Synthetic telemetry record analyzing network threats activity linked to defensive indicator CVE-2026-6623.,Discovery,Network Sniffing,T1040,CVE-2026-6623,
THR-2026-1352,2026-08-14 15:50:11,Password Spraying against ADFS Demo #52,CREDENTIAL THREATS,FILE HASH,0259441fdb211dbebb6365ee32b3c22dd788363b342dcafe0668b3ee53684e14,Public Threat Feed,B – Usually Reliable,55,INFORMATIONAL,10,MONITORING,2026-08-11 03:05:46,2026-08-14 15:50:11,CH,Synthetic telemetry record analyzing credential threats activity linked to defensive indicator 0259441fdb211dbebb6365ee32b3c22dd788363b342dcafe0668b3ee53684e14.,Credential Access,OS Credential Dumping,T1003,,CAMP-DEFENSE-005
THR-2026-1353,2026-09-21 19:21:40,Compromised Service Account Pattern #53,CREDENTIAL THREATS,FILE HASH,1ef2d5cf4fd5a5cccd00e65ca13f143343a1a8a25fe0b72418e4b89d014d6827,Research Report,B – Usually Reliable,84,MEDIUM,44,CLOSED,2026-09-21 16:03:44,2026-09-21 19:21:40,JP,Synthetic telemetry record analyzing credential threats activity linked to defensive indicator 1ef2d5cf4fd5a5cccd00e65ca13f143343a1a8a25fe0b72418e4b89d014d6827.,Credential Access,Brute Force: Password Spraying,T1110.003,,CAMP-DEFENSE-020
THR-2026-1354,2026-09-13 12:28:10,Watering Hole Redirector Demo #54,SOCIAL ENGINEERING,FILE HASH,8650a56287b29ae78273a7bd98b3c3350bf22aaa7753c2c20ba1a104cff5e84c,Community Submission,C – Fairly Reliable,56,LOW,35,UNDER_REVIEW,2026-09-11 19:48:28,2026-09-13 12:28:10,Global,Synthetic telemetry record analyzing social engineering activity linked to defensive indicator 8650a56287b29ae78273a7bd98b3c3350bf22aaa7753c2c20ba1a104cff5e84c.,Initial Access,Replication Through Removable Media,T1091,,CAMP-DEFENSE-010
THR-2026-1355,2026-09-28 11:41:00,DNS Tunneling Exfiltration Signature #55,NETWORK THREATS,FILE HASH,de3dd7a6240dd079f2b49d426b67566d2526b9cc2ba024ec305e8908651b6878,Community Submission,C – Fairly Reliable,42,LOW,30,NEW,2026-09-27 15:19:02,2026-09-28 11:41:00,AU,Synthetic telemetry record analyzing network threats activity linked to defensive indicator de3dd7a6240dd079f2b49d426b67566d2526b9cc2ba024ec305e8908651b6878.,Discovery,Network Service Scanning,T1046,,
THR-2026-1356,2026-07-24 16:26:54,Impossible Travel Anomaly #56,ACCOUNT SECURITY,IP ADDRESS,198.51.100.155,Unknown Source,D – Reliability Unknown,72,HIGH,69,MONITORING,2026-07-21 22:16:12,2026-07-24 16:26:54,AU,Synthetic telemetry record analyzing account security activity linked to defensive indicator 198.51.100.155.,Persistence,Account Manipulation: Additional Credentials,T1098.001,,
THR-2026-1357,2026-08-10 08:22:07,MFA Fatigue Authentication Surge #57,ACCOUNT SECURITY,CVE ID,CVE-2026-2189,Security Vendor,A – Highly Reliable,72,CRITICAL,85,CLOSED,2026-08-05 10:27:48,2026-08-10 08:22:07,AU,Synthetic telemetry record analyzing account security activity linked to defensive indicator CVE-2026-2189.,Persistence,Create Account: Local Account,T1136.001,CVE-2026-2189,
THR-2026-1358,2026-09-11 18:08:14,InfoStealer Demo Artifact #58,MALWARE,IP ADDRESS,198.51.100.238,Internal SOC,A – Highly Reliable,94,CRITICAL,97,MONITORING,2026-09-09 22:27:35,2026-09-11 18:08:14,IN,Synthetic telemetry record analyzing malware activity linked to defensive indicator 198.51.100.238.,Execution,User Execution: Malicious File,T1204.002,,CAMP-DEFENSE-024
THR-2026-1359,2026-09-11 12:05:06,ShadowLocker Ransomware Activity #59,RANSOMWARE,URL,https://security-alert.example.net/session/token-exchange?session_id=9247,Internal SOC,A – Highly Reliable,89,CRITICAL,94,NEW,2026-09-11 10:51:31,2026-09-11 12:05:06,SG,Synthetic telemetry record analyzing ransomware activity linked to defensive indicator https://security-alert.example.net/session/token-exchange?session_id=9247.,Impact,Data Encrypted for Impact,T1486,,CAMP-DEFENSE-008
THR-2026-1360,2026-07-24 15:56:50,Encrypted Payload Delivery Simulation #60,MALWARE,FILE HASH,5d49240077b3a3aab318444e1e1c94b917c484491389ea500dab2f232ef6810e,Public Threat Feed,B – Usually Reliable,82,CRITICAL,90,MONITORING,2026-07-21 02:13:49,2026-07-24 15:56:50,NL,Synthetic telemetry record analyzing malware activity linked to defensive indicator 5d49240077b3a3aab318444e1e1c94b917c484491389ea500dab2f232ef6810e.,Execution,User Execution: Malicious File,T1204.002,,
THR-2026-1361,2026-09-02 00:32:33,Server-Side Request Forgery Pattern #61,WEB THREATS,EMAIL/SENDER DOMAIN,billing-verify@example.com,Internal SOC,A – Highly Reliable,89,HIGH,69,CLOSED,2026-08-28 22:07:12,2026-09-02 00:32:33,DE,Synthetic telemetry record analyzing web threats activity linked to defensive indicator billing-verify@example.com.,Collection,Automated Collection: Web Scraping,T1119,,CAMP-DEFENSE-017
THR-2026-1362,2026-09-02 11:06:53,Anomalous SSH Bastion Brute Force #62,NETWORK THREATS,FILE HASH,a40a562a9e0773a4e9d6ab895e66d3d86be825376569e40d2ce67aaad2eabaf5,Public Threat Feed,B – Usually Reliable,77,HIGH,65,NEW,2026-08-29 15:19:28,2026-09-02 11:06:53,Global,Synthetic telemetry record analyzing network threats activity linked to defensive indicator a40a562a9e0773a4e9d6ab895e66d3d86be825376569e40d2ce67aaad2eabaf5.,Command and Control,Protocol Tunneling,T1572,,CAMP-DEFENSE-004
THR-2026-1363,2026-08-29 17:56:36,Dormant Administrator Account Activation #63,ACCOUNT SECURITY,FILE HASH,987602f10dbb488d0007467fe8c4e1c3d715419ab396b5ec26ff2d961f08246c,Public Threat Feed,B – Usually Reliable,84,HIGH,62,NEW,2026-08-28 23:22:18,2026-08-29 17:56:36,Global,Synthetic telemetry record analyzing account security activity linked to defensive indicator 987602f10dbb488d0007467fe8c4e1c3d715419ab396b5ec26ff2d961f08246c.,Persistence,Create Account: Local Account,T1136.001,,CAMP-DEFENSE-013
THR-2026-1364,2026-07-23 22:34:33,Server-Side Request Forgery Pattern #64,WEB THREATS,FILE HASH,1a0086cc1a2a7e9dde910f6616daed8443b8446a6563e61cd94e6b402e3cf9a2,Public Threat Feed,B – Usually Reliable,47,MEDIUM,45,NEW,2026-07-21 19:50:01,2026-07-23 22:34:33,DE,Synthetic telemetry record analyzing web threats activity linked to defensive indicator 1a0086cc1a2a7e9dde910f6616daed8443b8446a6563e61cd94e6b402e3cf9a2.,Collection,Automated Collection: Web Scraping,T1119,,
THR-2026-1365,2026-08-19 02:28:31,Port 445 Scanning in Perimeter #65,NETWORK THREATS,FILE HASH,70b2936b40c30fae6eae67ad1685d1461020fe785ad3351b42243f11e4620daf,Unknown Source,D – Reliability Unknown,81,HIGH,76,UNDER_REVIEW,2026-08-14 03:05:11,2026-08-19 02:28:31,CA,Synthetic telemetry record analyzing network threats activity linked to defensive indicator 70b2936b40c30fae6eae67ad1685d1461020fe785ad3351b42243f11e4620daf.,Discovery,Network Service Scanning,T1046,,CAMP-DEFENSE-008
THR-2026-1366,2026-07-29 21:01:46,SQLi Pattern on Public Gateway #66,WEB THREATS,IP ADDRESS,198.51.100.129,Public Threat Feed,B – Usually Reliable,81,MEDIUM,46,UNDER_REVIEW,2026-07-26 12:25:23,2026-07-29 21:01:46,CA,Synthetic telemetry record analyzing web threats activity linked to defensive indicator 198.51.100.129.,Collection,Automated Collection: Web Scraping,T1119,,
THR-2026-1367,2026-08-21 23:29:45,Extortion Double-Dip Campaign #67,RANSOMWARE,EMAIL/SENDER DOMAIN,payroll-alert@example.net,Internal SOC,A – Highly Reliable,71,LOW,35,NEW,2026-08-19 20:03:45,2026-08-21 23:29:45,SG,Synthetic telemetry record analyzing ransomware activity linked to defensive indicator payroll-alert@example.net.,Impact,Inhibit System Recovery,T1490,,
THR-2026-1368,2026-08-19 12:49:26,Compromised Service Account Pattern #68,CREDENTIAL THREATS,CVE ID,CVE-2026-9956,Research Report,B – Usually Reliable,58,MEDIUM,45,MONITORING,2026-08-16 01:49:43,2026-08-19 12:49:26,BR,Synthetic telemetry record analyzing credential threats activity linked to defensive indicator CVE-2026-9956.,Credential Access,OS Credential Dumping,T1003,CVE-2026-9956,
THR-2026-1369,2026-09-26 03:27:49,Fake Invoice Redirector #69,PHISHING,URL,https://security-alert.example.net/update/agent-installer?session_id=4829,Security Vendor,A – Highly Reliable,61,MEDIUM,48,CLOSED,2026-09-24 11:18:38,2026-09-26 03:27:49,CA,Synthetic telemetry record analyzing phishing activity linked to defensive indicator https://security-alert.example.net/update/agent-installer?session_id=4829.,,,,,
THR-2026-1370,2026-08-08 17:16:46,Compromised Service Account Pattern #70,CREDENTIAL THREATS,EMAIL/SENDER DOMAIN,security-admin@example.com,Public Threat Feed,B – Usually Reliable,80,CRITICAL,81,NEW,2026-08-06 11:21:17,2026-08-08 17:16:46,FR,Synthetic telemetry record analyzing credential threats activity linked to defensive indicator security-admin@example.com.,Credential Access,Credentials in Files,T1552.001,,
THR-2026-1371,2026-08-31 08:49:13,MFA Fatigue Authentication Surge #71,ACCOUNT SECURITY,FILE HASH,4e8e2f1d668ff636f4ffb53deaa87199eac8b577ebb77148d3edf3e5cf0ff5d2,Public Threat Feed,B – Usually Reliable,82,HIGH,79,NEW,2026-08-30 13:45:58,2026-08-31 08:49:13,CA,Synthetic telemetry record analyzing account security activity linked to defensive indicator 4e8e2f1d668ff636f4ffb53deaa87199eac8b577ebb77148d3edf3e5cf0ff5d2.,Persistence,Account Manipulation: Additional Credentials,T1098.001,,
THR-2026-1372,2026-08-21 08:56:20,Synthetic Token Theft Activity #72,CREDENTIAL THREATS,FILE HASH,7d2e05de5b5c5ad520d73b3b9d37cd025efc07034118544c29e4eeed6acf0485,Security Vendor,A – Highly Reliable,31,INFORMATIONAL,10,CLOSED,2026-08-20 08:11:24,2026-08-21 08:56:20,BR,Synthetic telemetry record analyzing credential threats activity linked to defensive indicator 7d2e05de5b5c5ad520d73b3b9d37cd025efc07034118544c29e4eeed6acf0485.,Credential Access,Brute Force: Password Spraying,T1110.003,,CAMP-DEFENSE-003
THR-2026-1373,2026-09-21 17:34:57,Fake IT Helpdesk Remote Access Lure #73,SOCIAL ENGINEERING,FILE HASH,6732bd31ca8105f1fd5737e705ce0a9b06038c029512a487637003f601cb2001,Research Report,B – Usually Reliable,79,HIGH,66,UNDER_REVIEW,2026-09-20 21:51:24,2026-09-21 17:34:57,US,Synthetic telemetry record analyzing social engineering activity linked to defensive indicator 6732bd31ca8105f1fd5737e705ce0a9b06038c029512a487637003f601cb2001.,Execution,User Execution: Malicious Link,T1204.001,,CAMP-DEFENSE-018
THR-2026-1374,2026-09-12 16:15:50,ICMP Covert Beaconing Pattern #74,NETWORK THREATS,DOMAIN,sub64.support-desk.invalid,Internal SOC,A – Highly Reliable,41,LOW,21,NEW,2026-09-08 09:29:12,2026-09-12 16:15:50,JP,Synthetic telemetry record analyzing network threats activity linked to defensive indicator sub64.support-desk.invalid.,Discovery,Network Sniffing,T1040,,CAMP-DEFENSE-009
THR-2026-1375,2026-09-29 01:04:13,Watering Hole Redirector Demo #75,SOCIAL ENGINEERING,IP ADDRESS,192.0.2.109,Community Submission,C – Fairly Reliable,58,MEDIUM,41,NEW,2026-09-28 16:29:45,2026-09-29 01:04:13,BR,Synthetic telemetry record analyzing social engineering activity linked to defensive indicator 192.0.2.109.,Initial Access,Replication Through Removable Media,T1091,,CAMP-DEFENSE-025
THR-2026-1376,2026-09-12 13:21:18,Corporate SSO Impersonation Portal #76,PHISHING,IP ADDRESS,198.51.100.150,Security Vendor,A – Highly Reliable,62,MEDIUM,49,UNDER_REVIEW,2026-09-10 11:45:46,2026-09-12 13:21:18,Global,Synthetic telemetry record analyzing phishing activity linked to defensive indicator 198.51.100.150.,Initial Access,Phishing: Spearphishing Link,T1566.002,,
THR-2026-1377,2026-09-30 20:06:04,Watering Hole Redirector Demo #77,SOCIAL ENGINEERING,FILE HASH,4ca1a03415d5d014a1a71c70954915edeca1e33509052daa75f13aa710ee3d0a,Community Submission,C – Fairly Reliable,65,MEDIUM,53,MONITORING,2026-09-29 17:25:34,2026-09-30 20:06:04,DE,Synthetic telemetry record analyzing social engineering activity linked to defensive indicator 4ca1a03415d5d014a1a71c70954915edeca1e33509052daa75f13aa710ee3d0a.,Initial Access,Replication Through Removable Media,T1091,,
THR-2026-1378,2026-07-30 07:44:19,Impossible Travel Anomaly #78,ACCOUNT SECURITY,DOMAIN,sub38.update-service.example.org,Research Report,B – Usually Reliable,50,MEDIUM,58,UNDER_REVIEW,2026-07-25 08:46:55,2026-07-30 07:44:19,JP,Synthetic telemetry record analyzing account security activity linked to defensive indicator sub38.update-service.example.org.,Persistence,Create Account: Local Account,T1136.001,,
THR-2026-1379,2026-07-28 17:18:27,OAuth High-Privilege Consent Grant #79,ACCOUNT SECURITY,FILE HASH,6312d5a3e6eb684ff9ba76755f78d67ea3d9116907b18048eed935ce3709d7a5,Research Report,B – Usually Reliable,74,MEDIUM,46,NEW,2026-07-26 11:00:00,2026-07-28 17:18:27,JP,Synthetic telemetry record analyzing account security activity linked to defensive indicator 6312d5a3e6eb684ff9ba76755f78d67ea3d9116907b18048eed935ce3709d7a5.,Persistence,Create Account: Local Account,T1136.001,,
THR-2026-1380,2026-09-29 05:07:23,OAuth High-Privilege Consent Grant #80,ACCOUNT SECURITY,CVE ID,CVE-2026-7734,Public Threat Feed,B – Usually Reliable,72,MEDIUM,58,FALSE_POSITIVE,2026-09-25 14:23:19,2026-09-29 05:07:23,US,Synthetic telemetry record analyzing account security activity linked to defensive indicator CVE-2026-7734.,Persistence,Account Manipulation: Additional Credentials,T1098.001,CVE-2026-7734,
THR-2026-1381,2026-07-29 01:11:59,Admin Share Lateral Probe #81,RANSOMWARE,IP ADDRESS,203.0.113.3,Unknown Source,D – Reliability Unknown,89,CRITICAL,86,MONITORING,2026-07-28 12:48:21,2026-07-29 01:11:59,NL,Synthetic telemetry record analyzing ransomware activity linked to defensive indicator 203.0.113.3.,,,,,CAMP-DEFENSE-012
THR-2026-1382,2026-08-10 20:32:29,Impossible Travel Anomaly #82,ACCOUNT SECURITY,IP ADDRESS,198.51.100.67,Community Submission,C – Fairly Reliable,52,LOW,26,NEW,2026-08-10 16:23:24,2026-08-10 20:32:29,US,Synthetic telemetry record analyzing account security activity linked to defensive indicator 198.51.100.67.,Persistence,Account Manipulation: Additional Credentials,T1098.001,,CAMP-DEFENSE-006
THR-2026-1383,2026-09-21 02:39:52,Admin Share Lateral Probe #83,RANSOMWARE,URL,https://client-token.example.org/api/v1/health-check?session_id=6636,Internal SOC,A – Highly Reliable,48,LOW,31,MONITORING,2026-09-16 16:29:46,2026-09-21 02:39:52,CH,Synthetic telemetry record analyzing ransomware activity linked to defensive indicator https://client-token.example.org/api/v1/health-check?session_id=6636.,Impact,Inhibit System Recovery,T1490,,CAMP-DEFENSE-013
THR-2026-1384,2026-07-14 15:22:57,Kerberoasting Probe Telemetry #84,CREDENTIAL THREATS,EMAIL/SENDER DOMAIN,hr-notices@example.org,Security Vendor,A – Highly Reliable,67,LOW,26,MONITORING,2026-07-13 04:02:15,2026-07-14 15:22:57,DE,Synthetic telemetry record analyzing credential threats activity linked to defensive indicator hr-notices@example.org.,Credential Access,Brute Force: Password Spraying,T1110.003,,CAMP-DEFENSE-019
THR-2026-1385,2026-09-26 03:28:06,Extortion Double-Dip Campaign #85,RANSOMWARE,URL,https://corp-portal-test.invalid/download/security-patch.bin?session_id=3649,Community Submission,C – Fairly Reliable,70,HIGH,73,NEW,2026-09-22 05:51:33,2026-09-26 03:28:06,CA,Synthetic telemetry record analyzing ransomware activity linked to defensive indicator https://corp-portal-test.invalid/download/security-patch.bin?session_id=3649.,Impact,Inhibit System Recovery,T1490,,CAMP-DEFENSE-002
THR-2026-1386,2026-08-09 10:56:06,Public Facing API Auth Bypass #86,VULNERABILITY EXPOSURE,DOMAIN,service.invoice-verify.invalid,Public Threat Feed,B – Usually Reliable,44,INFORMATIONAL,5,CLOSED,2026-08-08 01:35:33,2026-08-09 10:56:06,IN,Synthetic telemetry record analyzing vulnerability exposure activity linked to defensive indicator service.invoice-verify.invalid.,Privilege Escalation,Exploitation for Privilege Escalation,T1068,CVE-2026-2189,
THR-2026-1387,2026-08-22 04:34:47,Encrypted Payload Delivery Simulation #87,MALWARE,EMAIL/SENDER DOMAIN,hr-notices@example.org,Research Report,B – Usually Reliable,34,INFORMATIONAL,16,UNDER_REVIEW,2026-08-18 16:13:15,2026-08-22 04:34:47,GB,Synthetic telemetry record analyzing malware activity linked to defensive indicator hr-notices@example.org.,Execution,User Execution: Malicious File,T1204.002,,
THR-2026-1388,2026-08-27 21:02:02,Unencrypted Diagnostic Log Leak #88,DATA EXPOSURE,CVE ID,CVE-2026-4401,Public Threat Feed,B – Usually Reliable,69,LOW,21,MONITORING,2026-08-23 09:21:28,2026-08-27 21:02:02,SG,Synthetic telemetry record analyzing data exposure activity linked to defensive indicator CVE-2026-4401.,Exfiltration,Exfiltration Over Alternative Protocol,T1048,CVE-2026-4401,CAMP-DEFENSE-019
THR-2026-1389,2026-09-21 19:07:17,ShadowLocker Ransomware Activity #89,RANSOMWARE,URL,https://login-check.invalid/invoice/preview-doc.pdf?session_id=3723,Unknown Source,D – Reliability Unknown,52,LOW,31,NEW,2026-09-20 00:39:41,2026-09-21 19:07:17,JP,Synthetic telemetry record analyzing ransomware activity linked to defensive indicator https://login-check.invalid/invoice/preview-doc.pdf?session_id=3723.,,,,,CAMP-DEFENSE-025
THR-2026-1390,2026-07-16 18:43:19,Kerberoasting Probe Telemetry #90,CREDENTIAL THREATS,CVE ID,CVE-2026-6623,Community Submission,C – Fairly Reliable,61,MEDIUM,45,UNDER_REVIEW,2026-07-14 08:30:29,2026-07-16 18:43:19,GB,Synthetic telemetry record analyzing credential threats activity linked to defensive indicator CVE-2026-6623.,Credential Access,Brute Force: Password Spraying,T1110.003,CVE-2026-6623,
THR-2026-1391,2026-07-19 17:18:19,Memory Injection Testing Stub #91,MALWARE,EMAIL/SENDER DOMAIN,payroll-alert@example.org,Unknown Source,D – Reliability Unknown,52,MEDIUM,58,UNDER_REVIEW,2026-07-16 13:54:41,2026-07-19 17:18:19,US,Synthetic telemetry record analyzing malware activity linked to defensive indicator payroll-alert@example.org.,Command and Control,Application Layer Protocol,T1071,,CAMP-DEFENSE-025
THR-2026-1392,2026-09-13 11:48:12,Edge Gateway Remote Buffer Trigger #92,VULNERABILITY EXPOSURE,FILE HASH,1c1e1827e1052d916ce6cedacbadfa0fe3a197115ce978377a6567570c0d4713,Community Submission,C – Fairly Reliable,67,LOW,26,UNDER_REVIEW,2026-09-12 10:43:37,2026-09-13 11:48:12,GB,Synthetic telemetry record analyzing vulnerability exposure activity linked to defensive indicator 1c1e1827e1052d916ce6cedacbadfa0fe3a197115ce978377a6567570c0d4713.,Lateral Movement,Exploitation of Remote Services,T1210,CVE-2026-7734,
THR-2026-1393,2026-09-05 06:14:58,Port 445 Scanning in Perimeter #93,NETWORK THREATS,FILE HASH,a27da8717b554b30bf88f32d95c5b483bc1f9fcee6d244242da4acebbbe2fa14,Unknown Source,D – Reliability Unknown,60,INFORMATIONAL,15,CLOSED,2026-09-03 02:15:16,2026-09-05 06:14:58,Global,Synthetic telemetry record analyzing network threats activity linked to defensive indicator a27da8717b554b30bf88f32d95c5b483bc1f9fcee6d244242da4acebbbe2fa14.,Command and Control,Protocol Tunneling,T1572,,
THR-2026-1394,2026-07-21 23:02:16,Anomalous SSH Bastion Brute Force #94,NETWORK THREATS,CVE ID,CVE-2026-8845,Unknown Source,D – Reliability Unknown,83,HIGH,61,MONITORING,2026-07-21 06:50:27,2026-07-21 23:02:16,JP,Synthetic telemetry record analyzing network threats activity linked to defensive indicator CVE-2026-8845.,Command and Control,Protocol Tunneling,T1572,CVE-2026-8845,CAMP-DEFENSE-019
THR-2026-1395,2026-08-28 18:18:51,Synthetic Token Theft Activity #95,CREDENTIAL THREATS,CVE ID,CVE-2026-1042,Unknown Source,D – Reliability Unknown,55,MEDIUM,58,UNDER_REVIEW,2026-08-24 20:01:33,2026-08-28 18:18:51,CH,Synthetic telemetry record analyzing credential threats activity linked to defensive indicator CVE-2026-1042.,Credential Access,OS Credential Dumping,T1003,CVE-2026-1042,
THR-2026-1396,2026-08-12 15:35:21,Public Facing API Auth Bypass #96,VULNERABILITY EXPOSURE,DOMAIN,sub48.invoice-verify.invalid,Security Vendor,A – Highly Reliable,80,HIGH,66,NEW,2026-08-11 16:56:42,2026-08-12 15:35:21,DE,Synthetic telemetry record analyzing vulnerability exposure activity linked to defensive indicator sub48.invoice-verify.invalid.,,,,CVE-2026-3390,
THR-2026-1397,2026-09-30 06:54:25,Path Traversal Web Probe #97,WEB THREATS,EMAIL/SENDER DOMAIN,payroll-alert@example.org,Community Submission,C – Fairly Reliable,72,HIGH,74,NEW,2026-09-30 05:17:36,2026-09-30 06:54:25,US,Synthetic telemetry record analyzing web threats activity linked to defensive indicator payroll-alert@example.org.,Command and Control,Web Service: Dead Drop Resolver,T1102.001,,CAMP-DEFENSE-013
THR-2026-1398,2026-08-19 09:57:46,MFA Fatigue Authentication Surge #98,ACCOUNT SECURITY,URL,https://doc-share.example.org/invoice/preview-doc.pdf?session_id=4032,Internal SOC,A – Highly Reliable,59,INFORMATIONAL,12,NEW,2026-08-17 23:45:29,2026-08-19 09:57:46,FR,Synthetic telemetry record analyzing account security activity linked to defensive indicator https://doc-share.example.org/invoice/preview-doc.pdf?session_id=4032.,,,,,CAMP-DEFENSE-008
THR-2026-1399,2026-09-22 21:32:56,OAuth High-Privilege Consent Grant #99,ACCOUNT SECURITY,DOMAIN,service.corp-portal-test.invalid,Research Report,B – Usually Reliable,74,LOW,21,NEW,2026-09-18 03:35:33,2026-09-22 21:32:56,BR,Synthetic telemetry record analyzing account security activity linked to defensive indicator service.corp-portal-test.invalid.,,,,,
THR-2026-1400,2026-07-10 07:07:24,Corporate SSO Impersonation Portal #00,PHISHING,URL,https://doc-share.example.org/session/token-exchange?session_id=7557,Internal SOC,A – Highly Reliable,75,HIGH,62,MONITORING,2026-07-06 13:19:12,2026-07-10 07:07:24,US,Synthetic telemetry record analyzing phishing activity linked to defensive indicator https://doc-share.example.org/session/token-exchange?session_id=7557.,Initial Access,Phishing: Spearphishing Link,T1566.002,,CAMP-DEFENSE-017
THR-2026-1401,2026-09-15 17:20:01,Spear-Phishing Credential Harvester #01,PHISHING,EMAIL/SENDER DOMAIN,support-desk@example.org,Research Report,B – Usually Reliable,62,INFORMATIONAL,18,MONITORING,2026-09-14 08:46:06,2026-09-15 17:20:01,US,Synthetic telemetry record analyzing phishing activity linked to defensive indicator support-desk@example.org.,,,,,CAMP-DEFENSE-007
THR-2026-1402,2026-09-18 23:32:26,OAuth High-Privilege Consent Grant #02,ACCOUNT SECURITY,URL,https://corp-portal-test.invalid/download/security-patch.bin?session_id=8131,Public Threat Feed,B – Usually Reliable,37,INFORMATIONAL,16,UNDER_REVIEW,2026-09-17 23:32:05,2026-09-18 23:32:26,CA,Synthetic telemetry record analyzing account security activity linked to defensive indicator https://corp-portal-test.invalid/download/security-patch.bin?session_id=8131.,Defense Evasion,Valid Accounts: Cloud Accounts,T1078.004,,
THR-2026-1403,2026-07-12 22:04:04,Legacy WebDAV Exploit Sweep #03,VULNERABILITY EXPOSURE,EMAIL/SENDER DOMAIN,support-desk@corporate-demo.invalid,Research Report,B – Usually Reliable,61,MEDIUM,47,CLOSED,2026-07-09 03:49:17,2026-07-12 22:04:04,Global,Synthetic telemetry record analyzing vulnerability exposure activity linked to defensive indicator support-desk@corporate-demo.invalid.,Initial Access,Exploit Public-Facing Application,T1190,CVE-2026-1188,
THR-2026-1404,2026-09-22 07:39:09,InfoStealer Demo Artifact #04,MALWARE,FILE HASH,a92714cadf623a0e550e7acf08080bcb182af8ecf8a08fb1f61c86818a90b708,Public Threat Feed,B – Usually Reliable,51,INFORMATIONAL,7,NEW,2026-09-19 13:35:43,2026-09-22 07:39:09,JP,Synthetic telemetry record analyzing malware activity linked to defensive indicator a92714cadf623a0e550e7acf08080bcb182af8ecf8a08fb1f61c86818a90b708.,Command and Control,Application Layer Protocol,T1071,,CAMP-DEFENSE-006
THR-2026-1405,2026-07-24 05:18:23,Misconfigured Cloud Bucket Scraping #05,DATA EXPOSURE,DOMAIN,sub44.corp-portal-test.invalid,Internal SOC,A – Highly Reliable,79,LOW,34,UNDER_REVIEW,2026-07-23 09:07:13,2026-07-24 05:18:23,GB,Synthetic telemetry record analyzing data exposure activity linked to defensive indicator sub44.corp-portal-test.invalid.,Exfiltration,Exfiltration Over Web Service,T1567,,
THR-2026-1406,2026-07-17 14:45:24,DNS Tunneling Exfiltration Signature #06,NETWORK THREATS,URL,https://security-alert.example.net/api/v1/health-check?session_id=4692,Research Report,B – Usually Reliable,62,MEDIUM,42,MONITORING,2026-07-16 22:20:20,2026-07-17 14:45:24,BR,Synthetic telemetry record analyzing network threats activity linked to defensive indicator https://security-alert.example.net/api/v1/health-check?session_id=4692.,Discovery,Network Service Scanning,T1046,,
THR-2026-1407,2026-08-17 06:56:41,Spear-Phishing Credential Harvester #07,PHISHING,IP ADDRESS,203.0.113.87,Security Vendor,A – Highly Reliable,83,HIGH,76,NEW,2026-08-15 14:28:44,2026-08-17 06:56:41,Global,Synthetic telemetry record analyzing phishing activity linked to defensive indicator 203.0.113.87.,Initial Access,Phishing: Spearphishing Link,T1566.002,,
THR-2026-1408,2026-09-24 08:03:24,Corporate SSO Impersonation Portal #08,PHISHING,EMAIL/SENDER DOMAIN,hr-notices@corporate-demo.invalid,Community Submission,C – Fairly Reliable,61,INFORMATIONAL,20,FALSE_POSITIVE,2026-09-20 23:25:17,2026-09-24 08:03:24,JP,Synthetic telemetry record analyzing phishing activity linked to defensive indicator hr-notices@corporate-demo.invalid.,Initial Access,Phishing: Spearphishing Voice,T1566.004,,CAMP-DEFENSE-017
THR-2026-1409,2026-08-28 14:07:09,Compromised Service Account Pattern #09,CREDENTIAL THREATS,FILE HASH,4525ffbc3afcd9b6c1c53fe83eb93a8cfac212bc43966112c040ea8d0d8d55b4,Unknown Source,D – Reliability Unknown,71,MEDIUM,52,MONITORING,2026-08-25 21:03:04,2026-08-28 14:07:09,FR,Synthetic telemetry record analyzing credential threats activity linked to defensive indicator 4525ffbc3afcd9b6c1c53fe83eb93a8cfac212bc43966112c040ea8d0d8d55b4.,Credential Access,OS Credential Dumping,T1003,,CAMP-DEFENSE-013
THR-2026-1410,2026-08-28 19:19:04,Generic Modular Loader Simulation #10,MALWARE,URL,https://client-token.example.org/session/token-exchange?session_id=2427,Community Submission,C – Fairly Reliable,48,MEDIUM,42,MONITORING,2026-08-26 05:12:51,2026-08-28 19:19:04,US,Synthetic telemetry record analyzing malware activity linked to defensive indicator https://client-token.example.org/session/token-exchange?session_id=2427.,,,,,
THR-2026-1411,2026-07-17 16:30:09,Exfiltration via Public Cloud Storage #11,DATA EXPOSURE,URL,https://cdn-cache.example.com/verify-account/prompt?session_id=8445,Unknown Source,D – Reliability Unknown,43,INFORMATIONAL,12,UNDER_REVIEW,2026-07-14 21:03:02,2026-07-17 16:30:09,IN,Synthetic telemetry record analyzing data exposure activity linked to defensive indicator https://cdn-cache.example.com/verify-account/prompt?session_id=8445.,Exfiltration,Exfiltration Over Alternative Protocol,T1048,CVE-2026-1042,CAMP-DEFENSE-008
THR-2026-1412,2026-08-04 08:47:05,Exfiltration via Public Cloud Storage #12,DATA EXPOSURE,DOMAIN,service.doc-share.example.org,Research Report,B – Usually Reliable,50,INFORMATIONAL,17,NEW,2026-08-01 00:52:48,2026-08-04 08:47:05,CA,Synthetic telemetry record analyzing data exposure activity linked to defensive indicator service.doc-share.example.org.,Exfiltration,Exfiltration Over Web Service,T1567,,CAMP-DEFENSE-024
THR-2026-1413,2026-08-07 02:10:05,Impossible Travel Anomaly #13,ACCOUNT SECURITY,CVE ID,CVE-2026-6623,Internal SOC,A – Highly Reliable,72,MEDIUM,57,CLOSED,2026-08-03 05:38:11,2026-08-07 02:10:05,AU,Synthetic telemetry record analyzing account security activity linked to defensive indicator CVE-2026-6623.,Persistence,Create Account: Local Account,T1136.001,CVE-2026-6623,
THR-2026-1414,2026-07-20 05:01:32,Executive Pretexting Call Campaign #14,SOCIAL ENGINEERING,DOMAIN,sub36.corp-portal-test.invalid,Unknown Source,D – Reliability Unknown,75,MEDIUM,57,UNDER_REVIEW,2026-07-16 17:27:38,2026-07-20 05:01:32,BR,Synthetic telemetry record analyzing social engineering activity linked to defensive indicator sub36.corp-portal-test.invalid.,Initial Access,Replication Through Removable Media,T1091,,CAMP-DEFENSE-021
THR-2026-1415,2026-07-30 21:12:46,Cross-Site Scripting Injection Probe #15,WEB THREATS,EMAIL/SENDER DOMAIN,hr-notices@example.org,Internal SOC,A – Highly Reliable,72,MEDIUM,58,MONITORING,2026-07-30 14:10:15,2026-07-30 21:12:46,AU,Synthetic telemetry record analyzing web threats activity linked to defensive indicator hr-notices@example.org.,Initial Access,Exploit Public-Facing Application,T1190,,
THR-2026-1416,2026-08-26 03:46:19,Edge Gateway Remote Buffer Trigger #16,VULNERABILITY EXPOSURE,DOMAIN,service.login-check.invalid,Internal SOC,A – Highly Reliable,85,CRITICAL,81,CLOSED,2026-08-25 08:13:43,2026-08-26 03:46:19,BR,Synthetic telemetry record analyzing vulnerability exposure activity linked to defensive indicator service.login-check.invalid.,Lateral Movement,Exploitation of Remote Services,T1210,CVE-2026-1188,CAMP-DEFENSE-017
THR-2026-1417,2026-08-11 19:20:51,OAuth High-Privilege Consent Grant #17,ACCOUNT SECURITY,EMAIL/SENDER DOMAIN,hr-notices@corporate-demo.invalid,Internal SOC,A – Highly Reliable,79,LOW,27,CLOSED,2026-08-09 17:06:21,2026-08-11 19:20:51,JP,Synthetic telemetry record analyzing account security activity linked to defensive indicator hr-notices@corporate-demo.invalid.,Defense Evasion,Valid Accounts: Cloud Accounts,T1078.004,,
THR-2026-1418,2026-09-28 14:25:31,Impossible Travel Anomaly #18,ACCOUNT SECURITY,URL,https://update-service.example.org/update/agent-installer?session_id=5783,Security Vendor,A – Highly Reliable,50,MEDIUM,48,MONITORING,2026-09-25 00:16:11,2026-09-28 14:25:31,DE,Synthetic telemetry record analyzing account security activity linked to defensive indicator https://update-service.example.org/update/agent-installer?session_id=5783.,Persistence,Account Manipulation: Additional Credentials,T1098.001,,CAMP-DEFENSE-021
THR-2026-1419,2026-07-03 23:11:45,Path Traversal Web Probe #19,WEB THREATS,URL,https://support-desk.invalid/update/agent-installer?session_id=8366,Internal SOC,A – Highly Reliable,54,INFORMATIONAL,15,UNDER_REVIEW,2026-06-30 23:20:18,2026-07-03 23:11:45,NL,Synthetic telemetry record analyzing web threats activity linked to defensive indicator https://support-desk.invalid/update/agent-installer?session_id=8366.,Initial Access,Exploit Public-Facing Application,T1190,,
THR-2026-1420,2026-07-30 14:56:39,Exfiltration via Public Cloud Storage #20,DATA EXPOSURE,EMAIL/SENDER DOMAIN,support-desk@example.org,Internal SOC,A – Highly Reliable,74,MEDIUM,43,CLOSED,2026-07-26 17:00:25,2026-07-30 14:56:39,BR,Synthetic telemetry record analyzing data exposure activity linked to defensive indicator support-desk@example.org.,Exfiltration,Exfiltration Over Web Service,T1567,,
THR-2026-1421,2026-09-11 09:03:26,Unauthenticated Deserialization Scan #21,VULNERABILITY EXPOSURE,CVE ID,CVE-2026-2189,Unknown Source,D – Reliability Unknown,78,HIGH,77,CLOSED,2026-09-10 19:23:22,2026-09-11 09:03:26,BR,Synthetic telemetry record analyzing vulnerability exposure activity linked to defensive indicator CVE-2026-2189.,Initial Access,Exploit Public-Facing Application,T1190,CVE-2026-2189,
THR-2026-1422,2026-07-08 20:34:22,Misconfigured Cloud Bucket Scraping #22,DATA EXPOSURE,IP ADDRESS,198.51.100.1,Security Vendor,A – Highly Reliable,68,LOW,22,NEW,2026-07-04 23:36:27,2026-07-08 20:34:22,FR,Synthetic telemetry record analyzing data exposure activity linked to defensive indicator 198.51.100.1.,Exfiltration,Exfiltration Over Alternative Protocol,T1048,,CAMP-DEFENSE-002
THR-2026-1423,2026-08-14 18:53:37,Generic Modular Loader Simulation #23,MALWARE,FILE HASH,2406128d934d2e3d890326c38c9c4a3e684f097796b44f2af0c2201d27ba9040,Security Vendor,A – Highly Reliable,63,MEDIUM,46,MONITORING,2026-08-11 18:49:02,2026-08-14 18:53:37,CA,Synthetic telemetry record analyzing malware activity linked to defensive indicator 2406128d934d2e3d890326c38c9c4a3e684f097796b44f2af0c2201d27ba9040.,Command and Control,Application Layer Protocol,T1071,,
THR-2026-1424,2026-09-14 18:55:25,VSS Shadow Copy Invalidation Stub #24,RANSOMWARE,EMAIL/SENDER DOMAIN,payroll-alert@example.net,Community Submission,C – Fairly Reliable,49,MEDIUM,43,NEW,2026-09-11 13:18:07,2026-09-14 18:55:25,DE,Synthetic telemetry record analyzing ransomware activity linked to defensive indicator payroll-alert@example.net.,Impact,Data Encrypted for Impact,T1486,,
THR-2026-1425,2026-09-29 22:02:11,Admin Share Lateral Probe #25,RANSOMWARE,FILE HASH,5c45c1fd655fc00fbad7cf9aec00a5b5a2cf3db9f9f90c2237d529a4b0b150c7,Security Vendor,A – Highly Reliable,45,LOW,21,UNDER_REVIEW,2026-09-29 18:03:54,2026-09-29 22:02:11,JP,Synthetic telemetry record analyzing ransomware activity linked to defensive indicator 5c45c1fd655fc00fbad7cf9aec00a5b5a2cf3db9f9f90c2237d529a4b0b150c7.,Infiltration,Lateral Movement: SMB/Windows Admin Shares,T1021.002,CVE-2026-3390,
THR-2026-1426,2026-08-05 15:51:00,Path Traversal Web Probe #26,WEB THREATS,DOMAIN,service.support-desk.invalid,Research Report,B – Usually Reliable,73,LOW,37,MONITORING,2026-08-04 17:47:04,2026-08-05 15:51:00,Global,Synthetic telemetry record analyzing web threats activity linked to defensive indicator service.support-desk.invalid.,Collection,Automated Collection: Web Scraping,T1119,,CAMP-DEFENSE-001
THR-2026-1427,2026-08-08 16:13:23,VSS Shadow Copy Invalidation Stub #27,RANSOMWARE,URL,https://update-service.example.org/api/v1/health-check?session_id=4521,Research Report,B – Usually Reliable,77,CRITICAL,85,MONITORING,2026-08-05 17:57:18,2026-08-08 16:13:23,CH,Synthetic telemetry record analyzing ransomware activity linked to defensive indicator https://update-service.example.org/api/v1/health-check?session_id=4521.,Impact,Data Encrypted for Impact,T1486,CVE-2026-9956,
THR-2026-1428,2026-09-19 11:06:02,Urgent Security Notification Lure #28,PHISHING,DOMAIN,sub93.invoice-verify.invalid,Internal SOC,A – Highly Reliable,38,LOW,31,NEW,2026-09-15 16:35:41,2026-09-19 11:06:02,JP,Synthetic telemetry record analyzing phishing activity linked to defensive indicator sub93.invoice-verify.invalid.,Initial Access,Phishing: Spearphishing Voice,T1566.004,,
THR-2026-1429,2026-07-22 07:35:09,Sensitive API Endpoint Exposure #29,DATA EXPOSURE,IP ADDRESS,203.0.113.137,Research Report,B – Usually Reliable,45,LOW,21,UNDER_REVIEW,2026-07-18 10:07:11,2026-07-22 07:35:09,DE,Synthetic telemetry record analyzing data exposure activity linked to defensive indicator 203.0.113.137.,Collection,Data from Cloud Storage,T1530,,
THR-2026-1430,2026-07-03 14:08:52,ICMP Covert Beaconing Pattern #30,NETWORK THREATS,CVE ID,CVE-2026-3390,Research Report,B – Usually Reliable,71,MEDIUM,53,UNDER_REVIEW,2026-07-02 08:17:43,2026-07-03 14:08:52,IN,Synthetic telemetry record analyzing network threats activity linked to defensive indicator CVE-2026-3390.,Discovery,Network Service Scanning,T1046,CVE-2026-3390,CAMP-DEFENSE-002
THR-2026-1431,2026-09-24 16:36:22,OAuth High-Privilege Consent Grant #31,ACCOUNT SECURITY,EMAIL/SENDER DOMAIN,security-admin@example.net,Community Submission,C – Fairly Reliable,72,LOW,36,NEW,2026-09-22 19:51:58,2026-09-24 16:36:22,GB,Synthetic telemetry record analyzing account security activity linked to defensive indicator security-admin@example.net.,Persistence,Account Manipulation: Additional Credentials,T1098.001,,
THR-2026-1432,2026-09-30 07:41:40,Extortion Double-Dip Campaign #32,RANSOMWARE,FILE HASH,4958702d76a2495058a346dba9ecf14be9af6720b1ce1e93bc9165e72125d186,Security Vendor,A – Highly Reliable,56,INFORMATIONAL,19,FALSE_POSITIVE,2026-09-28 05:39:36,2026-09-30 07:41:40,IN,Synthetic telemetry record analyzing ransomware activity linked to defensive indicator 4958702d76a2495058a346dba9ecf14be9af6720b1ce1e93bc9165e72125d186.,Impact,Data Encrypted for Impact,T1486,,CAMP-DEFENSE-020
THR-2026-1433,2026-09-11 22:59:25,OAuth High-Privilege Consent Grant #33,ACCOUNT SECURITY,CVE ID,CVE-2026-8845,Security Vendor,A – Highly Reliable,77,HIGH,73,NEW,2026-09-08 04:48:39,2026-09-11 22:59:25,US,Synthetic telemetry record analyzing account security activity linked to defensive indicator CVE-2026-8845.,Persistence,Create Account: Local Account,T1136.001,CVE-2026-8845,
THR-2026-1434,2026-09-15 19:03:16,Cross-Site Scripting Injection Probe #34,WEB THREATS,IP ADDRESS,192.0.2.66,Community Submission,C – Fairly Reliable,88,HIGH,69,MONITORING,2026-09-13 04:15:49,2026-09-15 19:03:16,GB,Synthetic telemetry record analyzing web threats activity linked to defensive indicator 192.0.2.66.,Initial Access,Exploit Public-Facing Application,T1190,,CAMP-DEFENSE-017
THR-2026-1435,2026-07-12 16:39:14,Admin Share Lateral Probe #35,RANSOMWARE,FILE HASH,ca681683004f6886ced9b5a29bc310c5680f110ef2ba2413c98fe93a87e94054,Internal SOC,A – Highly Reliable,45,INFORMATIONAL,19,NEW,2026-07-11 05:54:10,2026-07-12 16:39:14,CH,Synthetic telemetry record analyzing ransomware activity linked to defensive indicator ca681683004f6886ced9b5a29bc310c5680f110ef2ba2413c98fe93a87e94054.,,,,,
THR-2026-1436,2026-09-24 23:01:15,Compromised Service Account Pattern #36,CREDENTIAL THREATS,IP ADDRESS,198.51.100.188,Community Submission,C – Fairly Reliable,40,INFORMATIONAL,20,NEW,2026-09-23 10:57:31,2026-09-24 23:01:15,BR,Synthetic telemetry record analyzing credential threats activity linked to defensive indicator 198.51.100.188.,Credential Access,Credentials in Files,T1552.001,,
THR-2026-1437,2026-09-16 22:52:57,DNS Tunneling Exfiltration Signature #37,NETWORK THREATS,CVE ID,CVE-2026-1188,Public Threat Feed,B – Usually Reliable,79,CRITICAL,85,MONITORING,2026-09-13 00:34:26,2026-09-16 22:52:57,FR,Synthetic telemetry record analyzing network threats activity linked to defensive indicator CVE-2026-1188.,Command and Control,Protocol Tunneling,T1572,CVE-2026-1188,
THR-2026-1438,2026-08-11 01:16:36,ShadowLocker Ransomware Activity #38,RANSOMWARE,DOMAIN,service.telemetry-sync.example.net,Internal SOC,A – Highly Reliable,51,MEDIUM,60,NEW,2026-08-08 15:08:21,2026-08-11 01:16:36,BR,Synthetic telemetry record analyzing ransomware activity linked to defensive indicator service.telemetry-sync.example.net.,Infiltration,Lateral Movement: SMB/Windows Admin Shares,T1021.002,,
THR-2026-1439,2026-09-23 15:49:34,ICMP Covert Beaconing Pattern #39,NETWORK THREATS,FILE HASH,d636b98d363366a73fe26d608ae840fdc549af255075b63fdc787a1ee9f93486,Internal SOC,A – Highly Reliable,58,LOW,21,MONITORING,2026-09-20 08:45:37,2026-09-23 15:49:34,GB,Synthetic telemetry record analyzing network threats activity linked to defensive indicator d636b98d363366a73fe26d608ae840fdc549af255075b63fdc787a1ee9f93486.,Command and Control,Protocol Tunneling,T1572,,
THR-2026-1440,2026-08-18 04:45:08,Cross-Site Scripting Injection Probe #40,WEB THREATS,IP ADDRESS,198.51.100.64,Public Threat Feed,B – Usually Reliable,34,LOW,28,NEW,2026-08-17 14:17:25,2026-08-18 04:45:08,CA,Synthetic telemetry record analyzing web threats activity linked to defensive indicator 198.51.100.64.,Collection,Automated Collection: Web Scraping,T1119,,CAMP-DEFENSE-013
THR-2026-1441,2026-09-24 17:30:09,Fake IT Helpdesk Remote Access Lure #41,SOCIAL ENGINEERING,FILE HASH,5623d2d00b3805db71bf4950101b75f614b48ed10aaa9c16ac22c60801423c99,Security Vendor,A – Highly Reliable,56,LOW,28,FALSE_POSITIVE,2026-09-19 18:37:59,2026-09-24 17:30:09,CH,Synthetic telemetry record analyzing social engineering activity linked to defensive indicator 5623d2d00b3805db71bf4950101b75f614b48ed10aaa9c16ac22c60801423c99.,,,,,
THR-2026-1442,2026-09-13 11:47:59,ICMP Covert Beaconing Pattern #42,NETWORK THREATS,EMAIL/SENDER DOMAIN,payroll-alert@example.com,Community Submission,C – Fairly Reliable,42,LOW,22,UNDER_REVIEW,2026-09-11 01:41:10,2026-09-13 11:47:59,JP,Synthetic telemetry record analyzing network threats activity linked to defensive indicator payroll-alert@example.com.,Discovery,Network Service Scanning,T1046,,
THR-2026-1443,2026-08-23 13:07:51,Exfiltration via Public Cloud Storage #43,DATA EXPOSURE,EMAIL/SENDER DOMAIN,billing-verify@example.net,Research Report,B – Usually Reliable,74,CRITICAL,94,CLOSED,2026-08-21 07:51:32,2026-08-23 13:07:51,AU,Synthetic telemetry record analyzing data exposure activity linked to defensive indicator billing-verify@example.net.,Exfiltration,Exfiltration Over Alternative Protocol,T1048,,
THR-2026-1444,2026-08-05 16:34:54,DNS Tunneling Exfiltration Signature #44,NETWORK THREATS,IP ADDRESS,203.0.113.19,Research Report,B – Usually Reliable,50,MEDIUM,52,MONITORING,2026-07-31 19:17:13,2026-08-05 16:34:54,JP,Synthetic telemetry record analyzing network threats activity linked to defensive indicator 203.0.113.19.,Discovery,Network Service Scanning,T1046,,CAMP-DEFENSE-018
THR-2026-1445,2026-09-27 23:41:01,DNS Tunneling Exfiltration Signature #45,NETWORK THREATS,FILE HASH,bc097329b68bfc6cc69b702796e84f3d5b9ac04cde3eb63590a072ca017dcb66,Public Threat Feed,B – Usually Reliable,77,MEDIUM,52,MONITORING,2026-09-23 22:00:38,2026-09-27 23:41:01,SG,Synthetic telemetry record analyzing network threats activity linked to defensive indicator bc097329b68bfc6cc69b702796e84f3d5b9ac04cde3eb63590a072ca017dcb66.,,,,,
THR-2026-1446,2026-08-08 04:07:35,Executive Pretexting Call Campaign #46,SOCIAL ENGINEERING,URL,https://corp-portal-test.invalid/update/agent-installer?session_id=6992,Security Vendor,A – Highly Reliable,75,MEDIUM,56,CLOSED,2026-08-07 14:05:22,2026-08-08 04:07:35,CH,Synthetic telemetry record analyzing social engineering activity linked to defensive indicator https://corp-portal-test.invalid/update/agent-installer?session_id=6992.,,,,,
THR-2026-1447,2026-07-04 18:59:07,SQLi Pattern on Public Gateway #47,WEB THREATS,URL,https://corp-portal-test.invalid/download/security-patch.bin?session_id=9840,Public Threat Feed,B – Usually Reliable,39,LOW,38,UNDER_REVIEW,2026-06-29 19:38:59,2026-07-04 18:59:07,Global,Synthetic telemetry record analyzing web threats activity linked to defensive indicator https://corp-portal-test.invalid/download/security-patch.bin?session_id=9840.,Command and Control,Web Service: Dead Drop Resolver,T1102.001,CVE-2026-4401,
THR-2026-1448,2026-07-31 18:44:18,Spear-Phishing Credential Harvester #48,PHISHING,DOMAIN,sub79.security-alert.example.net,Research Report,B – Usually Reliable,91,CRITICAL,81,MONITORING,2026-07-30 09:17:39,2026-07-31 18:44:18,AU,Synthetic telemetry record analyzing phishing activity linked to defensive indicator sub79.security-alert.example.net.,Initial Access,Phishing: Spearphishing Voice,T1566.004,CVE-2026-7734,CAMP-DEFENSE-020
THR-2026-1449,2026-08-08 08:21:51,Server-Side Request Forgery Pattern #49,WEB THREATS,CVE ID,CVE-2026-1042,Unknown Source,D – Reliability Unknown,83,HIGH,71,MONITORING,2026-08-04 00:19:48,2026-08-08 08:21:51,JP,Synthetic telemetry record analyzing web threats activity linked to defensive indicator CVE-2026-1042.,Initial Access,Exploit Public-Facing Application,T1190,CVE-2026-1042,
THR-2026-1450,2026-07-12 09:45:14,SQLi Pattern on Public Gateway #50,WEB THREATS,IP ADDRESS,203.0.113.233,Community Submission,C – Fairly Reliable,61,HIGH,76,NEW,2026-07-08 14:18:13,2026-07-12 09:45:14,US,Synthetic telemetry record analyzing web threats activity linked to defensive indicator 203.0.113.233.,Command and Control,Web Service: Dead Drop Resolver,T1102.001,,
THR-2026-1451,2026-07-17 21:10:01,Memory Injection Testing Stub #51,MALWARE,EMAIL/SENDER DOMAIN,payroll-alert@example.com,Community Submission,C – Fairly Reliable,59,MEDIUM,50,NEW,2026-07-13 18:29:17,2026-07-17 21:10:01,AU,Synthetic telemetry record analyzing malware activity linked to defensive indicator payroll-alert@example.com.,,,,,
THR-2026-1452,2026-08-12 13:16:18,Memory Injection Testing Stub #52,MALWARE,IP ADDRESS,198.51.100.138,Public Threat Feed,B – Usually Reliable,45,LOW,33,NEW,2026-08-09 17:57:59,2026-08-12 13:16:18,Global,Synthetic telemetry record analyzing malware activity linked to defensive indicator 198.51.100.138.,Execution,User Execution: Malicious File,T1204.002,,
THR-2026-1453,2026-07-11 23:00:24,Extortion Double-Dip Campaign #53,RANSOMWARE,DOMAIN,service.telemetry-sync.example.net,Community Submission,C – Fairly Reliable,68,MEDIUM,49,MONITORING,2026-07-08 13:37:56,2026-07-11 23:00:24,BR,Synthetic telemetry record analyzing ransomware activity linked to defensive indicator service.telemetry-sync.example.net.,Infiltration,Lateral Movement: SMB/Windows Admin Shares,T1021.002,,
THR-2026-1454,2026-09-05 07:27:33,Compromised Service Account Pattern #54,CREDENTIAL THREATS,IP ADDRESS,198.51.100.193,Internal SOC,A – Highly Reliable,70,HIGH,79,UNDER_REVIEW,2026-09-01 13:57:05,2026-09-05 07:27:33,AU,Synthetic telemetry record analyzing credential threats activity linked to defensive indicator 198.51.100.193.,Credential Access,Credentials in Files,T1552.001,,
THR-2026-1455,2026-07-30 02:32:30,Extortion Double-Dip Campaign #55,RANSOMWARE,FILE HASH,72ffa926058eba0e1e7be867ca9c749ae03b10a55cb85aca52212ddf048f1ee5,Public Threat Feed,B – Usually Reliable,77,CRITICAL,92,UNDER_REVIEW,2026-07-27 05:23:44,2026-07-30 02:32:30,SG,Synthetic telemetry record analyzing ransomware activity linked to defensive indicator 72ffa926058eba0e1e7be867ca9c749ae03b10a55cb85aca52212ddf048f1ee5.,Impact,Data Encrypted for Impact,T1486,,CAMP-DEFENSE-018
THR-2026-1456,2026-07-11 18:58:53,Executive Pretexting Call Campaign #56,SOCIAL ENGINEERING,EMAIL/SENDER DOMAIN,security-admin@example.com,Security Vendor,A – Highly Reliable,45,INFORMATIONAL,6,NEW,2026-07-09 04:56:56,2026-07-11 18:58:53,GB,Synthetic telemetry record analyzing social engineering activity linked to defensive indicator security-admin@example.com.,Execution,User Execution: Malicious Link,T1204.001,,
THR-2026-1457,2026-08-05 09:13:08,Misconfigured Cloud Bucket Scraping #57,DATA EXPOSURE,CVE ID,CVE-2026-1042,Unknown Source,D – Reliability Unknown,20,INFORMATIONAL,8,FALSE_POSITIVE,2026-08-04 01:18:04,2026-08-05 09:13:08,Global,Synthetic telemetry record analyzing data exposure activity linked to defensive indicator CVE-2026-1042.,Collection,Data from Cloud Storage,T1530,CVE-2026-1042,
THR-2026-1458,2026-08-29 12:25:43,Synthetic Token Theft Activity #58,CREDENTIAL THREATS,CVE ID,CVE-2026-6623,Security Vendor,A – Highly Reliable,74,LOW,26,MONITORING,2026-08-29 09:37:55,2026-08-29 12:25:43,NL,Synthetic telemetry record analyzing credential threats activity linked to defensive indicator CVE-2026-6623.,Credential Access,OS Credential Dumping,T1003,CVE-2026-6623,
THR-2026-1459,2026-09-26 20:42:52,Encrypted Payload Delivery Simulation #59,MALWARE,EMAIL/SENDER DOMAIN,hr-notices@corporate-demo.invalid,Internal SOC,A – Highly Reliable,74,MEDIUM,45,UNDER_REVIEW,2026-09-23 06:43:18,2026-09-26 20:42:52,BR,Synthetic telemetry record analyzing malware activity linked to defensive indicator hr-notices@corporate-demo.invalid.,Defense Evasion,Obfuscated Files or Information,T1027,,
THR-2026-1460,2026-08-12 06:10:07,OAuth High-Privilege Consent Grant #60,ACCOUNT SECURITY,DOMAIN,service.corp-portal-test.invalid,Unknown Source,D – Reliability Unknown,59,MEDIUM,51,NEW,2026-08-09 05:34:18,2026-08-12 06:10:07,SG,Synthetic telemetry record analyzing account security activity linked to defensive indicator service.corp-portal-test.invalid.,Persistence,Account Manipulation: Additional Credentials,T1098.001,,
THR-2026-1461,2026-07-24 19:18:59,Anomalous SSH Bastion Brute Force #61,NETWORK THREATS,EMAIL/SENDER DOMAIN,hr-notices@example.net,Public Threat Feed,B – Usually Reliable,83,MEDIUM,46,UNDER_REVIEW,2026-07-22 19:32:24,2026-07-24 19:18:59,CH,Synthetic telemetry record analyzing network threats activity linked to defensive indicator hr-notices@example.net.,Command and Control,Protocol Tunneling,T1572,,
THR-2026-1462,2026-09-22 02:20:25,Legacy WebDAV Exploit Sweep #62,VULNERABILITY EXPOSURE,FILE HASH,293975acf9c4bb023efa92facf4b110795952a8225dd05460cb7f0ba85b1e2ac,Research Report,B – Usually Reliable,57,LOW,38,NEW,2026-09-19 23:56:25,2026-09-22 02:20:25,AU,Synthetic telemetry record analyzing vulnerability exposure activity linked to defensive indicator 293975acf9c4bb023efa92facf4b110795952a8225dd05460cb7f0ba85b1e2ac.,,,,CVE-2026-1042,CAMP-DEFENSE-021
THR-2026-1463,2026-08-17 00:14:20,Urgent Security Notification Lure #63,PHISHING,DOMAIN,service.auth-gateway.example.com,Public Threat Feed,B – Usually Reliable,45,MEDIUM,47,FALSE_POSITIVE,2026-08-16 20:58:41,2026-08-17 00:14:20,CA,Synthetic telemetry record analyzing phishing activity linked to defensive indicator service.auth-gateway.example.com.,,,,,
THR-2026-1464,2026-08-22 18:10:28,Generic Modular Loader Simulation #64,MALWARE,URL,https://doc-share.example.org/verify-account/prompt?session_id=6682,Community Submission,C – Fairly Reliable,49,LOW,29,MONITORING,2026-08-22 10:45:14,2026-08-22 18:10:28,CH,Synthetic telemetry record analyzing malware activity linked to defensive indicator https://doc-share.example.org/verify-account/prompt?session_id=6682.,,,,,CAMP-DEFENSE-015
THR-2026-1465,2026-08-01 04:24:42,Legacy WebDAV Exploit Sweep #65,VULNERABILITY EXPOSURE,URL,https://session-manager.invalid/api/v1/health-check?session_id=4502,Internal SOC,A – Highly Reliable,88,CRITICAL,95,NEW,2026-07-30 14:01:36,2026-08-01 04:24:42,AU,Synthetic telemetry record analyzing vulnerability exposure activity linked to defensive indicator https://session-manager.invalid/api/v1/health-check?session_id=4502.,,,,CVE-2026-8845,CAMP-DEFENSE-024
THR-2026-1466,2026-09-12 00:07:48,Server-Side Request Forgery Pattern #66,WEB THREATS,CVE ID,CVE-2026-1188,Community Submission,C – Fairly Reliable,67,HIGH,78,MONITORING,2026-09-10 08:31:06,2026-09-12 00:07:48,AU,Synthetic telemetry record analyzing web threats activity linked to defensive indicator CVE-2026-1188.,Collection,Automated Collection: Web Scraping,T1119,CVE-2026-1188,
THR-2026-1467,2026-09-26 21:29:52,Misconfigured Cloud Bucket Scraping #67,DATA EXPOSURE,IP ADDRESS,198.51.100.176,Research Report,B – Usually Reliable,60,LOW,36,CLOSED,2026-09-25 23:12:34,2026-09-26 21:29:52,IN,Synthetic telemetry record analyzing data exposure activity linked to defensive indicator 198.51.100.176.,Exfiltration,Exfiltration Over Web Service,T1567,,CAMP-DEFENSE-001
THR-2026-1468,2026-08-18 08:48:59,VSS Shadow Copy Invalidation Stub #68,RANSOMWARE,DOMAIN,service.cdn-cache.example.com,Research Report,B – Usually Reliable,82,HIGH,65,NEW,2026-08-17 06:46:29,2026-08-18 08:48:59,JP,Synthetic telemetry record analyzing ransomware activity linked to defensive indicator service.cdn-cache.example.com.,Impact,Inhibit System Recovery,T1490,,
THR-2026-1469,2026-07-10 11:14:36,Path Traversal Web Probe #69,WEB THREATS,IP ADDRESS,192.0.2.223,Community Submission,C – Fairly Reliable,89,HIGH,73,MONITORING,2026-07-08 20:35:03,2026-07-10 11:14:36,GB,Synthetic telemetry record analyzing web threats activity linked to defensive indicator 192.0.2.223.,Collection,Automated Collection: Web Scraping,T1119,,
THR-2026-1470,2026-07-09 10:26:48,Executive Pretexting Call Campaign #70,SOCIAL ENGINEERING,FILE HASH,d644e46565e5f7f9944cc88c61358f5a67f1a9732c0146ed78e802b9dce1804d,Community Submission,C – Fairly Reliable,80,HIGH,71,NEW,2026-07-08 15:18:44,2026-07-09 10:26:48,JP,Synthetic telemetry record analyzing social engineering activity linked to defensive indicator d644e46565e5f7f9944cc88c61358f5a67f1a9732c0146ed78e802b9dce1804d.,,,,,
THR-2026-1471,2026-09-10 19:46:05,Spear-Phishing Credential Harvester #71,PHISHING,IP ADDRESS,198.51.100.158,Security Vendor,A – Highly Reliable,53,MEDIUM,50,UNDER_REVIEW,2026-09-06 19:57:46,2026-09-10 19:46:05,Global,Synthetic telemetry record analyzing phishing activity linked to defensive indicator 198.51.100.158.,Initial Access,Phishing: Spearphishing Attachment,T1566.001,,CAMP-DEFENSE-019
THR-2026-1472,2026-07-31 06:45:43,Executive Pretexting Call Campaign #72,SOCIAL ENGINEERING,URL,https://cdn-cache.example.com/download/security-patch.bin?session_id=6378,Public Threat Feed,B – Usually Reliable,65,MEDIUM,55,FALSE_POSITIVE,2026-07-30 15:32:29,2026-07-31 06:45:43,US,Synthetic telemetry record analyzing social engineering activity linked to defensive indicator https://cdn-cache.example.com/download/security-patch.bin?session_id=6378.,Initial Access,Trusted Relationship,T1199,,CAMP-DEFENSE-018
THR-2026-1473,2026-07-04 19:03:05,Fake Invoice Redirector #73,PHISHING,CVE ID,CVE-2026-3390,Public Threat Feed,B – Usually Reliable,70,LOW,34,UNDER_REVIEW,2026-07-03 17:26:17,2026-07-04 19:03:05,NL,Synthetic telemetry record analyzing phishing activity linked to defensive indicator CVE-2026-3390.,Initial Access,Phishing: Spearphishing Link,T1566.002,CVE-2026-3390,
THR-2026-1474,2026-07-30 09:37:04,InfoStealer Demo Artifact #74,MALWARE,FILE HASH,c8b7fddc0842a7ea20f7b9b412cd8e20f55abfbeba00bb19599d1b359b953872,Community Submission,C – Fairly Reliable,75,MEDIUM,50,UNDER_REVIEW,2026-07-30 05:33:55,2026-07-30 09:37:04,AU,Synthetic telemetry record analyzing malware activity linked to defensive indicator c8b7fddc0842a7ea20f7b9b412cd8e20f55abfbeba00bb19599d1b359b953872.,,,,,CAMP-DEFENSE-018
THR-2026-1475,2026-08-17 01:24:49,Urgent Security Notification Lure #75,PHISHING,URL,https://support-desk.invalid/api/v1/health-check?session_id=3776,Community Submission,C – Fairly Reliable,47,MEDIUM,43,UNDER_REVIEW,2026-08-15 12:54:19,2026-08-17 01:24:49,CA,Synthetic telemetry record analyzing phishing activity linked to defensive indicator https://support-desk.invalid/api/v1/health-check?session_id=3776.,Initial Access,Phishing: Spearphishing Voice,T1566.004,,CAMP-DEFENSE-016
THR-2026-1476,2026-08-24 12:52:22,Anomalous SSH Bastion Brute Force #76,NETWORK THREATS,EMAIL/SENDER DOMAIN,hr-notices@corporate-demo.invalid,Research Report,B – Usually Reliable,75,CRITICAL,94,MONITORING,2026-08-22 16:19:22,2026-08-24 12:52:22,BR,Synthetic telemetry record analyzing network threats activity linked to defensive indicator hr-notices@corporate-demo.invalid.,,,,CVE-2026-7734,CAMP-DEFENSE-017
THR-2026-1477,2026-08-22 01:23:26,Legacy WebDAV Exploit Sweep #77,VULNERABILITY EXPOSURE,URL,https://doc-share.example.org/download/security-patch.bin?session_id=5632,Community Submission,C – Fairly Reliable,58,MEDIUM,59,MONITORING,2026-08-20 11:35:00,2026-08-22 01:23:26,CH,Synthetic telemetry record analyzing vulnerability exposure activity linked to defensive indicator https://doc-share.example.org/download/security-patch.bin?session_id=5632.,,,,CVE-2026-4401,
THR-2026-1478,2026-08-08 11:45:14,MFA Fatigue Authentication Surge #78,ACCOUNT SECURITY,EMAIL/SENDER DOMAIN,support-desk@example.com,Public Threat Feed,B – Usually Reliable,84,MEDIUM,59,CLOSED,2026-08-04 23:01:34,2026-08-08 11:45:14,GB,Synthetic telemetry record analyzing account security activity linked to defensive indicator support-desk@example.com.,Defense Evasion,Valid Accounts: Cloud Accounts,T1078.004,CVE-2026-5512,
THR-2026-1479,2026-09-19 11:15:14,Edge Gateway Remote Buffer Trigger #79,VULNERABILITY EXPOSURE,FILE HASH,d7ef5062ee11d57e77a894862500fe6be5289e47f069e1147d2a9dada6d9fdc4,Security Vendor,A – Highly Reliable,51,MEDIUM,53,MONITORING,2026-09-18 08:33:44,2026-09-19 11:15:14,BR,Synthetic telemetry record analyzing vulnerability exposure activity linked to defensive indicator d7ef5062ee11d57e77a894862500fe6be5289e47f069e1147d2a9dada6d9fdc4.,,,,CVE-2026-3390,
THR-2026-1480,2026-09-08 17:00:41,Encrypted Payload Delivery Simulation #80,MALWARE,URL,https://support-desk.invalid/session/token-exchange?session_id=6561,Security Vendor,A – Highly Reliable,47,INFORMATIONAL,19,FALSE_POSITIVE,2026-09-08 16:31:16,2026-09-08 17:00:41,CA,Synthetic telemetry record analyzing malware activity linked to defensive indicator https://support-desk.invalid/session/token-exchange?session_id=6561.,Execution,User Execution: Malicious File,T1204.002,,CAMP-DEFENSE-019
THR-2026-1481,2026-08-26 13:32:25,Server-Side Request Forgery Pattern #81,WEB THREATS,DOMAIN,sub91.update-service.example.org,Public Threat Feed,B – Usually Reliable,49,MEDIUM,56,NEW,2026-08-24 06:12:32,2026-08-26 13:32:25,FR,Synthetic telemetry record analyzing web threats activity linked to defensive indicator sub91.update-service.example.org.,Command and Control,Web Service: Dead Drop Resolver,T1102.001,,
THR-2026-1482,2026-09-01 15:57:48,Unencrypted Diagnostic Log Leak #82,DATA EXPOSURE,CVE ID,CVE-2026-2189,Internal SOC,A – Highly Reliable,72,HIGH,63,NEW,2026-08-29 22:21:53,2026-09-01 15:57:48,IN,Synthetic telemetry record analyzing data exposure activity linked to defensive indicator CVE-2026-2189.,Exfiltration,Exfiltration Over Alternative Protocol,T1048,CVE-2026-2189,
THR-2026-1483,2026-07-05 06:08:25,Anomalous SSH Bastion Brute Force #83,NETWORK THREATS,FILE HASH,d2bf19150f9f0518911d94736b850dbb60c48a6fe93968ff329b400915413fa6,Unknown Source,D – Reliability Unknown,82,CRITICAL,89,MONITORING,2026-07-02 06:12:19,2026-07-05 06:08:25,IN,Synthetic telemetry record analyzing network threats activity linked to defensive indicator d2bf19150f9f0518911d94736b850dbb60c48a6fe93968ff329b400915413fa6.,,,,,
THR-2026-1484,2026-07-16 08:00:45,Legacy WebDAV Exploit Sweep #84,VULNERABILITY EXPOSURE,DOMAIN,sub79.telemetry-sync.example.net,Internal SOC,A – Highly Reliable,70,MEDIUM,47,UNDER_REVIEW,2026-07-12 01:02:34,2026-07-16 08:00:45,AU,Synthetic telemetry record analyzing vulnerability exposure activity linked to defensive indicator sub79.telemetry-sync.example.net.,Initial Access,Exploit Public-Facing Application,T1190,CVE-2026-9956,CAMP-DEFENSE-005
THR-2026-1485,2026-08-30 06:47:07,Admin Share Lateral Probe #85,RANSOMWARE,IP ADDRESS,192.0.2.108,Public Threat Feed,B – Usually Reliable,71,MEDIUM,57,CLOSED,2026-08-28 16:32:47,2026-08-30 06:47:07,SG,Synthetic telemetry record analyzing ransomware activity linked to defensive indicator 192.0.2.108.,Infiltration,Lateral Movement: SMB/Windows Admin Shares,T1021.002,,
THR-2026-1486,2026-09-08 09:55:03,Port 445 Scanning in Perimeter #86,NETWORK THREATS,FILE HASH,fb3b39b71a9676c9f2e56cac512dca62ecd0cf27324a4128f028391e930bbf76,Security Vendor,A – Highly Reliable,44,INFORMATIONAL,6,CLOSED,2026-09-06 06:12:11,2026-09-08 09:55:03,JP,Synthetic telemetry record analyzing network threats activity linked to defensive indicator fb3b39b71a9676c9f2e56cac512dca62ecd0cf27324a4128f028391e930bbf76.,Command and Control,Protocol Tunneling,T1572,,
THR-2026-1487,2026-09-08 08:38:53,Fake Invoice Redirector #87,PHISHING,URL,https://auth-gateway.example.com/update/agent-installer?session_id=7268,Public Threat Feed,B – Usually Reliable,49,LOW,29,UNDER_REVIEW,2026-09-07 19:52:00,2026-09-08 08:38:53,Global,Synthetic telemetry record analyzing phishing activity linked to defensive indicator https://auth-gateway.example.com/update/agent-installer?session_id=7268.,Initial Access,Phishing: Spearphishing Voice,T1566.004,,
THR-2026-1488,2026-08-16 05:42:12,Synthetic Token Theft Activity #88,CREDENTIAL THREATS,DOMAIN,sub78.doc-share.example.org,Internal SOC,A – Highly Reliable,32,LOW,36,NEW,2026-08-15 01:41:51,2026-08-16 05:42:12,Global,Synthetic telemetry record analyzing credential threats activity linked to defensive indicator sub78.doc-share.example.org.,Credential Access,OS Credential Dumping,T1003,CVE-2026-4401,
THR-2026-1489,2026-09-25 20:29:50,Path Traversal Web Probe #89,WEB THREATS,DOMAIN,sub75.client-token.example.org,Research Report,B – Usually Reliable,79,MEDIUM,42,MONITORING,2026-09-25 15:04:14,2026-09-25 20:29:50,CH,Synthetic telemetry record analyzing web threats activity linked to defensive indicator sub75.client-token.example.org.,Command and Control,Web Service: Dead Drop Resolver,T1102.001,,
THR-2026-1490,2026-08-09 19:48:59,InfoStealer Demo Artifact #90,MALWARE,DOMAIN,service.support-desk.invalid,Internal SOC,A – Highly Reliable,58,INFORMATIONAL,20,UNDER_REVIEW,2026-08-07 15:49:32,2026-08-09 19:48:59,FR,Synthetic telemetry record analyzing malware activity linked to defensive indicator service.support-desk.invalid.,Command and Control,Application Layer Protocol,T1071,,CAMP-DEFENSE-009
THR-2026-1491,2026-08-07 12:46:26,Cross-Site Scripting Injection Probe #91,WEB THREATS,IP ADDRESS,192.0.2.93,Research Report,B – Usually Reliable,59,LOW,22,FALSE_POSITIVE,2026-08-04 21:34:43,2026-08-07 12:46:26,IN,Synthetic telemetry record analyzing web threats activity linked to defensive indicator 192.0.2.93.,Collection,Automated Collection: Web Scraping,T1119,,
THR-2026-1492,2026-08-10 19:12:53,Anomalous SSH Bastion Brute Force #92,NETWORK THREATS,FILE HASH,9f438cad6127eeff014df71e9963d74c96a105700a9b42991b2aef0c6620ddb7,Security Vendor,A – Highly Reliable,86,HIGH,79,MONITORING,2026-08-07 09:59:43,2026-08-10 19:12:53,GB,Synthetic telemetry record analyzing network threats activity linked to defensive indicator 9f438cad6127eeff014df71e9963d74c96a105700a9b42991b2aef0c6620ddb7.,Discovery,Network Sniffing,T1040,CVE-2026-7734,CAMP-DEFENSE-023
THR-2026-1493,2026-07-05 16:01:56,Urgent Security Notification Lure #93,PHISHING,DOMAIN,sub55.security-alert.example.net,Community Submission,C – Fairly Reliable,46,MEDIUM,60,MONITORING,2026-07-04 23:14:34,2026-07-05 16:01:56,CA,Synthetic telemetry record analyzing phishing activity linked to defensive indicator sub55.security-alert.example.net.,Initial Access,Phishing: Spearphishing Attachment,T1566.001,,CAMP-DEFENSE-019
THR-2026-1494,2026-08-07 12:11:32,SQLi Pattern on Public Gateway #94,WEB THREATS,EMAIL/SENDER DOMAIN,security-admin@corporate-demo.invalid,Public Threat Feed,B – Usually Reliable,34,LOW,30,MONITORING,2026-08-02 17:30:43,2026-08-07 12:11:32,NL,Synthetic telemetry record analyzing web threats activity linked to defensive indicator security-admin@corporate-demo.invalid.,Collection,Automated Collection: Web Scraping,T1119,,
THR-2026-1495,2026-09-02 13:10:04,Fake Invoice Redirector #95,PHISHING,EMAIL/SENDER DOMAIN,payroll-alert@example.org,Community Submission,C – Fairly Reliable,85,HIGH,77,MONITORING,2026-08-30 08:12:05,2026-09-02 13:10:04,AU,Synthetic telemetry record analyzing phishing activity linked to defensive indicator payroll-alert@example.org.,Initial Access,Phishing: Spearphishing Link,T1566.002,,CAMP-DEFENSE-021
THR-2026-1496,2026-08-12 23:51:45,Urgent Security Notification Lure #96,PHISHING,CVE ID,CVE-2026-5512,Unknown Source,D – Reliability Unknown,74,HIGH,66,NEW,2026-08-09 09:53:26,2026-08-12 23:51:45,NL,Synthetic telemetry record analyzing phishing activity linked to defensive indicator CVE-2026-5512.,Initial Access,Phishing: Spearphishing Attachment,T1566.001,CVE-2026-5512,
THR-2026-1497,2026-09-12 02:39:28,Spear-Phishing Credential Harvester #97,PHISHING,FILE HASH,129c554077ad406039fa8ec00eabd1f911f1f28fe9f5aa53b8c2db1512260365,Community Submission,C – Fairly Reliable,81,CRITICAL,83,MONITORING,2026-09-07 06:39:54,2026-09-12 02:39:28,CA,Synthetic telemetry record analyzing phishing activity linked to defensive indicator 129c554077ad406039fa8ec00eabd1f911f1f28fe9f5aa53b8c2db1512260365.,,,,,
THR-2026-1498,2026-07-13 15:12:09,Sensitive API Endpoint Exposure #98,DATA EXPOSURE,EMAIL/SENDER DOMAIN,hr-notices@example.net,Security Vendor,A – Highly Reliable,69,HIGH,79,CLOSED,2026-07-09 12:24:11,2026-07-13 15:12:09,GB,Synthetic telemetry record analyzing data exposure activity linked to defensive indicator hr-notices@example.net.,Collection,Data from Cloud Storage,T1530,,CAMP-DEFENSE-014
THR-2026-1499,2026-08-03 13:02:24,Executive Pretexting Call Campaign #99,SOCIAL ENGINEERING,CVE ID,CVE-2026-4401,Security Vendor,A – Highly Reliable,46,MEDIUM,59,CLOSED,2026-08-02 22:45:16,2026-08-03 13:02:24,US,Synthetic telemetry record analyzing social engineering activity linked to defensive indicator CVE-2026-4401.,Initial Access,Replication Through Removable Media,T1091,CVE-2026-4401,
THR-2026-1500,2026-07-13 10:25:01,Legacy WebDAV Exploit Sweep #00,VULNERABILITY EXPOSURE,URL,https://corp-portal-test.invalid/secure/portal/auth?session_id=1911,Unknown Source,D – Reliability Unknown,82,MEDIUM,55,UNDER_REVIEW,2026-07-12 00:44:56,2026-07-13 10:25:01,SG,Synthetic telemetry record analyzing vulnerability exposure activity linked to defensive indicator https://corp-portal-test.invalid/secure/portal/auth?session_id=1911.,Privilege Escalation,Exploitation for Privilege Escalation,T1068,CVE-2026-2189,
THR-2026-1501,2026-08-06 04:34:38,Anomalous SSH Bastion Brute Force #01,NETWORK THREATS,DOMAIN,sub19.security-alert.example.net,Community Submission,C – Fairly Reliable,74,MEDIUM,47,NEW,2026-08-05 23:48:08,2026-08-06 04:34:38,SG,Synthetic telemetry record analyzing network threats activity linked to defensive indicator sub19.security-alert.example.net.,Command and Control,Protocol Tunneling,T1572,,CAMP-DEFENSE-020
THR-2026-1502,2026-07-18 23:45:06,Exfiltration via Public Cloud Storage #02,DATA EXPOSURE,EMAIL/SENDER DOMAIN,security-admin@example.org,Research Report,B – Usually Reliable,58,LOW,37,MONITORING,2026-07-17 22:32:24,2026-07-18 23:45:06,DE,Synthetic telemetry record analyzing data exposure activity linked to defensive indicator security-admin@example.org.,Collection,Data from Cloud Storage,T1530,CVE-2026-3390,
THR-2026-1503,2026-09-21 00:31:10,Extortion Double-Dip Campaign #03,RANSOMWARE,DOMAIN,sub97.auth-gateway.example.com,Security Vendor,A – Highly Reliable,85,MEDIUM,41,UNDER_REVIEW,2026-09-17 20:43:40,2026-09-21 00:31:10,IN,Synthetic telemetry record analyzing ransomware activity linked to defensive indicator sub97.auth-gateway.example.com.,Impact,Inhibit System Recovery,T1490,,
THR-2026-1504,2026-07-24 08:41:09,Misconfigured Cloud Bucket Scraping #04,DATA EXPOSURE,EMAIL/SENDER DOMAIN,security-admin@example.com,Community Submission,C – Fairly Reliable,20,INFORMATIONAL,20,MONITORING,2026-07-20 06:49:42,2026-07-24 08:41:09,US,Synthetic telemetry record analyzing data exposure activity linked to defensive indicator security-admin@example.com.,Exfiltration,Exfiltration Over Alternative Protocol,T1048,,
THR-2026-1505,2026-07-23 06:06:18,QR Code Phishing (Quishing) Test #05,SOCIAL ENGINEERING,EMAIL/SENDER DOMAIN,hr-notices@example.org,Research Report,B – Usually Reliable,68,LOW,38,MONITORING,2026-07-20 07:22:03,2026-07-23 06:06:18,BR,Synthetic telemetry record analyzing social engineering activity linked to defensive indicator hr-notices@example.org.,Initial Access,Replication Through Removable Media,T1091,,
THR-2026-1506,2026-07-29 03:24:04,SQLi Pattern on Public Gateway #06,WEB THREATS,EMAIL/SENDER DOMAIN,security-admin@example.com,Security Vendor,A – Highly Reliable,77,MEDIUM,55,FALSE_POSITIVE,2026-07-28 22:05:33,2026-07-29 03:24:04,SG,Synthetic telemetry record analyzing web threats activity linked to defensive indicator security-admin@example.com.,Command and Control,Web Service: Dead Drop Resolver,T1102.001,,
THR-2026-1507,2026-07-21 08:43:49,Anomalous SSH Bastion Brute Force #07,NETWORK THREATS,CVE ID,CVE-2026-2189,Internal SOC,A – Highly Reliable,86,HIGH,66,MONITORING,2026-07-19 03:39:33,2026-07-21 08:43:49,CA,Synthetic telemetry record analyzing network threats activity linked to defensive indicator CVE-2026-2189.,Discovery,Network Service Scanning,T1046,CVE-2026-2189,CAMP-DEFENSE-011
THR-2026-1508,2026-08-06 18:29:22,Spear-Phishing Credential Harvester #08,PHISHING,URL,https://update-service.example.org/download/security-patch.bin?session_id=9598,Research Report,B – Usually Reliable,68,HIGH,77,UNDER_REVIEW,2026-08-03 09:25:45,2026-08-06 18:29:22,DE,Synthetic telemetry record analyzing phishing activity linked to defensive indicator https://update-service.example.org/download/security-patch.bin?session_id=9598.,Initial Access,Phishing: Spearphishing Attachment,T1566.001,,CAMP-DEFENSE-017
THR-2026-1509,2026-07-07 19:46:43,Server-Side Request Forgery Pattern #09,WEB THREATS,IP ADDRESS,198.51.100.228,Research Report,B – Usually Reliable,89,HIGH,65,NEW,2026-07-04 13:36:38,2026-07-07 19:46:43,DE,Synthetic telemetry record analyzing web threats activity linked to defensive indicator 198.51.100.228.,Command and Control,Web Service: Dead Drop Resolver,T1102.001,,
THR-2026-1510,2026-08-08 05:17:05,Anomalous SSH Bastion Brute Force #10,NETWORK THREATS,CVE ID,CVE-2026-1042,Community Submission,C – Fairly Reliable,73,MEDIUM,55,NEW,2026-08-04 12:02:46,2026-08-08 05:17:05,Global,Synthetic telemetry record analyzing network threats activity linked to defensive indicator CVE-2026-1042.,Discovery,Network Sniffing,T1040,CVE-2026-1042,
THR-2026-1511,2026-07-05 13:04:38,SQLi Pattern on Public Gateway #11,WEB THREATS,URL,https://doc-share.example.org/session/token-exchange?session_id=5315,Research Report,B – Usually Reliable,79,LOW,28,NEW,2026-07-02 16:08:12,2026-07-05 13:04:38,GB,Synthetic telemetry record analyzing web threats activity linked to defensive indicator https://doc-share.example.org/session/token-exchange?session_id=5315.,Collection,Automated Collection: Web Scraping,T1119,,
THR-2026-1512,2026-08-02 19:28:24,OAuth High-Privilege Consent Grant #12,ACCOUNT SECURITY,URL,https://invoice-verify.invalid/invoice/preview-doc.pdf?session_id=9169,Community Submission,C – Fairly Reliable,68,MEDIUM,56,NEW,2026-07-29 11:14:27,2026-08-02 19:28:24,NL,Synthetic telemetry record analyzing account security activity linked to defensive indicator https://invoice-verify.invalid/invoice/preview-doc.pdf?session_id=9169.,Persistence,Account Manipulation: Additional Credentials,T1098.001,,
THR-2026-1513,2026-09-27 22:09:34,Encrypted Payload Delivery Simulation #13,MALWARE,EMAIL/SENDER DOMAIN,security-admin@example.org,Unknown Source,D – Reliability Unknown,65,INFORMATIONAL,16,NEW,2026-09-25 02:22:02,2026-09-27 22:09:34,DE,Synthetic telemetry record analyzing malware activity linked to defensive indicator security-admin@example.org.,Command and Control,Application Layer Protocol,T1071,,
THR-2026-1514,2026-08-12 20:56:28,Public Facing API Auth Bypass #14,VULNERABILITY EXPOSURE,CVE ID,CVE-2026-1042,Internal SOC,A – Highly Reliable,67,LOW,28,CLOSED,2026-08-09 17:43:18,2026-08-12 20:56:28,JP,Synthetic telemetry record analyzing vulnerability exposure activity linked to defensive indicator CVE-2026-1042.,Privilege Escalation,Exploitation for Privilege Escalation,T1068,CVE-2026-1042,
THR-2026-1515,2026-09-15 10:22:56,Edge Gateway Remote Buffer Trigger #15,VULNERABILITY EXPOSURE,FILE HASH,e9180a938db69dce8ae826ccf0468ab53802edc9b48a1d331d430f27ca7d7d25,Research Report,B – Usually Reliable,71,HIGH,79,UNDER_REVIEW,2026-09-14 19:42:09,2026-09-15 10:22:56,AU,Synthetic telemetry record analyzing vulnerability exposure activity linked to defensive indicator e9180a938db69dce8ae826ccf0468ab53802edc9b48a1d331d430f27ca7d7d25.,Lateral Movement,Exploitation of Remote Services,T1210,CVE-2026-2189,
THR-2026-1516,2026-07-08 01:32:16,Generic Modular Loader Simulation #16,MALWARE,FILE HASH,b408ea1749a3a67e6fb071e9badf8a6aafd2febe0f085db0cffd309b0a09993d,Internal SOC,A – Highly Reliable,45,INFORMATIONAL,8,CLOSED,2026-07-03 13:49:51,2026-07-08 01:32:16,NL,Synthetic telemetry record analyzing malware activity linked to defensive indicator b408ea1749a3a67e6fb071e9badf8a6aafd2febe0f085db0cffd309b0a09993d.,Execution,User Execution: Malicious File,T1204.002,,
THR-2026-1517,2026-07-13 08:43:06,SQLi Pattern on Public Gateway #17,WEB THREATS,URL,https://client-token.example.org/secure/portal/auth?session_id=7334,Unknown Source,D – Reliability Unknown,43,LOW,38,NEW,2026-07-09 20:05:26,2026-07-13 08:43:06,FR,Synthetic telemetry record analyzing web threats activity linked to defensive indicator https://client-token.example.org/secure/portal/auth?session_id=7334.,Collection,Automated Collection: Web Scraping,T1119,,
THR-2026-1518,2026-07-20 07:49:40,Edge Gateway Remote Buffer Trigger #18,VULNERABILITY EXPOSURE,URL,https://client-token.example.org/invoice/preview-doc.pdf?session_id=4297,Internal SOC,A – Highly Reliable,89,HIGH,72,CLOSED,2026-07-18 04:51:27,2026-07-20 07:49:40,FR,Synthetic telemetry record analyzing vulnerability exposure activity linked to defensive indicator https://client-token.example.org/invoice/preview-doc.pdf?session_id=4297.,Lateral Movement,Exploitation of Remote Services,T1210,CVE-2026-1188,
THR-2026-1519,2026-09-20 05:58:07,Synthetic Token Theft Activity #19,CREDENTIAL THREATS,FILE HASH,9ab890e25fa89a6f99c74391ec4c049e6cc4cdcc9e2ea2baa2f420ea858610d1,Research Report,B – Usually Reliable,83,CRITICAL,94,CLOSED,2026-09-16 12:25:04,2026-09-20 05:58:07,GB,Synthetic telemetry record analyzing credential threats activity linked to defensive indicator 9ab890e25fa89a6f99c74391ec4c049e6cc4cdcc9e2ea2baa2f420ea858610d1.,Credential Access,Brute Force: Password Spraying,T1110.003,,CAMP-DEFENSE-013
THR-2026-1520,2026-07-30 11:32:56,Fake Invoice Redirector #20,PHISHING,DOMAIN,sub26.update-service.example.org,Unknown Source,D – Reliability Unknown,47,MEDIUM,58,FALSE_POSITIVE,2026-07-29 09:07:38,2026-07-30 11:32:56,AU,Synthetic telemetry record analyzing phishing activity linked to defensive indicator sub26.update-service.example.org.,,,,,
THR-2026-1521,2026-07-15 14:54:23,Watering Hole Redirector Demo #21,SOCIAL ENGINEERING,URL,https://support-desk.invalid/verify-account/prompt?session_id=2536,Research Report,B – Usually Reliable,47,LOW,30,NEW,2026-07-12 13:11:39,2026-07-15 14:54:23,DE,Synthetic telemetry record analyzing social engineering activity linked to defensive indicator https://support-desk.invalid/verify-account/prompt?session_id=2536.,Initial Access,Replication Through Removable Media,T1091,,CAMP-DEFENSE-006
THR-2026-1522,2026-09-18 17:17:35,Watering Hole Redirector Demo #22,SOCIAL ENGINEERING,URL,https://doc-share.example.org/api/v1/health-check?session_id=8115,Public Threat Feed,B – Usually Reliable,77,HIGH,64,NEW,2026-09-14 16:12:46,2026-09-18 17:17:35,CH,Synthetic telemetry record analyzing social engineering activity linked to defensive indicator https://doc-share.example.org/api/v1/health-check?session_id=8115.,Execution,User Execution: Malicious Link,T1204.001,,
THR-2026-1523,2026-07-25 04:16:56,Public Facing API Auth Bypass #23,VULNERABILITY EXPOSURE,EMAIL/SENDER DOMAIN,support-desk@example.net,Community Submission,C – Fairly Reliable,69,MEDIUM,55,NEW,2026-07-21 23:33:33,2026-07-25 04:16:56,US,Synthetic telemetry record analyzing vulnerability exposure activity linked to defensive indicator support-desk@example.net.,Privilege Escalation,Exploitation for Privilege Escalation,T1068,CVE-2026-2189,CAMP-DEFENSE-002
THR-2026-1524,2026-09-25 14:29:36,Extortion Double-Dip Campaign #24,RANSOMWARE,CVE ID,CVE-2026-5512,Public Threat Feed,B – Usually Reliable,79,LOW,29,UNDER_REVIEW,2026-09-21 23:51:09,2026-09-25 14:29:36,GB,Synthetic telemetry record analyzing ransomware activity linked to defensive indicator CVE-2026-5512.,Impact,Inhibit System Recovery,T1490,CVE-2026-5512,
THR-2026-1525,2026-08-20 04:04:10,Sensitive API Endpoint Exposure #25,DATA EXPOSURE,EMAIL/SENDER DOMAIN,hr-notices@example.com,Public Threat Feed,B – Usually Reliable,53,LOW,29,UNDER_REVIEW,2026-08-18 23:07:32,2026-08-20 04:04:10,GB,Synthetic telemetry record analyzing data exposure activity linked to defensive indicator hr-notices@example.com.,Collection,Data from Cloud Storage,T1530,,CAMP-DEFENSE-022
THR-2026-1526,2026-07-23 01:04:25,Anomalous SSH Bastion Brute Force #26,NETWORK THREATS,IP ADDRESS,192.0.2.67,Unknown Source,D – Reliability Unknown,65,MEDIUM,59,MONITORING,2026-07-20 18:06:54,2026-07-23 01:04:25,NL,Synthetic telemetry record analyzing network threats activity linked to defensive indicator 192.0.2.67.,Discovery,Network Service Scanning,T1046,,CAMP-DEFENSE-001
THR-2026-1527,2026-09-22 19:08:55,Fake IT Helpdesk Remote Access Lure #27,SOCIAL ENGINEERING,FILE HASH,0bbabafbf3cdd8579c48a8eeffc951e2cfe3ae9563f05873d21b32111f46a804,Research Report,B – Usually Reliable,77,MEDIUM,52,UNDER_REVIEW,2026-09-21 19:49:50,2026-09-22 19:08:55,DE,Synthetic telemetry record analyzing social engineering activity linked to defensive indicator 0bbabafbf3cdd8579c48a8eeffc951e2cfe3ae9563f05873d21b32111f46a804.,,,,,
THR-2026-1528,2026-09-08 19:49:54,Server-Side Request Forgery Pattern #28,WEB THREATS,DOMAIN,sub51.auth-gateway.example.com,Internal SOC,A – Highly Reliable,85,MEDIUM,46,UNDER_REVIEW,2026-09-06 15:51:20,2026-09-08 19:49:54,DE,Synthetic telemetry record analyzing web threats activity linked to defensive indicator sub51.auth-gateway.example.com.,,,,,
THR-2026-1529,2026-09-04 05:44:50,Fake Invoice Redirector #29,PHISHING,EMAIL/SENDER DOMAIN,security-admin@example.net,Research Report,B – Usually Reliable,71,MEDIUM,42,CLOSED,2026-09-02 14:04:02,2026-09-04 05:44:50,NL,Synthetic telemetry record analyzing phishing activity linked to defensive indicator security-admin@example.net.,Initial Access,Phishing: Spearphishing Voice,T1566.004,,CAMP-DEFENSE-014
THR-2026-1530,2026-08-25 23:24:08,Generic Modular Loader Simulation #30,MALWARE,URL,https://corp-portal-test.invalid/auth/login-redirect?session_id=4214,Internal SOC,A – Highly Reliable,62,LOW,26,UNDER_REVIEW,2026-08-25 17:04:01,2026-08-25 23:24:08,BR,Synthetic telemetry record analyzing malware activity linked to defensive indicator https://corp-portal-test.invalid/auth/login-redirect?session_id=4214.,Defense Evasion,Obfuscated Files or Information,T1027,,
THR-2026-1531,2026-09-22 16:49:14,Port 445 Scanning in Perimeter #31,NETWORK THREATS,DOMAIN,service.session-manager.invalid,Internal SOC,A – Highly Reliable,50,INFORMATIONAL,18,MONITORING,2026-09-18 18:13:45,2026-09-22 16:49:14,US,Synthetic telemetry record analyzing network threats activity linked to defensive indicator service.session-manager.invalid.,,,,,CAMP-DEFENSE-024
THR-2026-1532,2026-09-12 19:33:05,InfoStealer Demo Artifact #32,MALWARE,FILE HASH,5b8c1035f769bbdba204bf64d411c3a8d9fda2d68d555fa5479ebfa817897189,Security Vendor,A – Highly Reliable,38,LOW,25,NEW,2026-09-09 02:43:44,2026-09-12 19:33:05,US,Synthetic telemetry record analyzing malware activity linked to defensive indicator 5b8c1035f769bbdba204bf64d411c3a8d9fda2d68d555fa5479ebfa817897189.,Execution,User Execution: Malicious File,T1204.002,,CAMP-DEFENSE-019
THR-2026-1533,2026-09-22 17:19:15,DNS Tunneling Exfiltration Signature #33,NETWORK THREATS,FILE HASH,33f510d78845e0271ab0b7f55a419ef60cea37f8745ad19a6e655a5748fb4bd0,Internal SOC,A – Highly Reliable,49,MEDIUM,42,NEW,2026-09-19 09:43:49,2026-09-22 17:19:15,NL,Synthetic telemetry record analyzing network threats activity linked to defensive indicator 33f510d78845e0271ab0b7f55a419ef60cea37f8745ad19a6e655a5748fb4bd0.,,,,,
THR-2026-1534,2026-09-14 23:55:08,Synthetic Token Theft Activity #34,CREDENTIAL THREATS,CVE ID,CVE-2026-5512,Public Threat Feed,B – Usually Reliable,75,CRITICAL,87,MONITORING,2026-09-13 02:27:33,2026-09-14 23:55:08,GB,Synthetic telemetry record analyzing credential threats activity linked to defensive indicator CVE-2026-5512.,Credential Access,Credentials in Files,T1552.001,CVE-2026-5512,CAMP-DEFENSE-014
THR-2026-1535,2026-08-07 12:43:58,Synthetic Token Theft Activity #35,CREDENTIAL THREATS,URL,https://update-service.example.org/update/agent-installer?session_id=5889,Public Threat Feed,B – Usually Reliable,57,INFORMATIONAL,13,MONITORING,2026-08-05 09:20:57,2026-08-07 12:43:58,NL,Synthetic telemetry record analyzing credential threats activity linked to defensive indicator https://update-service.example.org/update/agent-installer?session_id=5889.,Credential Access,OS Credential Dumping,T1003,,CAMP-DEFENSE-002
THR-2026-1536,2026-08-06 02:52:44,Public Facing API Auth Bypass #36,VULNERABILITY EXPOSURE,FILE HASH,6092babceae70761b5da1fefabb79baf5b059f89f868d25e0882bbb0b3f51ef8,Research Report,B – Usually Reliable,65,LOW,39,CLOSED,2026-08-01 18:50:33,2026-08-06 02:52:44,AU,Synthetic telemetry record analyzing vulnerability exposure activity linked to defensive indicator 6092babceae70761b5da1fefabb79baf5b059f89f868d25e0882bbb0b3f51ef8.,Privilege Escalation,Exploitation for Privilege Escalation,T1068,CVE-2026-3390,
THR-2026-1537,2026-08-28 23:17:21,Generic Modular Loader Simulation #37,MALWARE,URL,https://session-manager.invalid/auth/login-redirect?session_id=7285,Research Report,B – Usually Reliable,75,HIGH,69,NEW,2026-08-27 07:23:15,2026-08-28 23:17:21,IN,Synthetic telemetry record analyzing malware activity linked to defensive indicator https://session-manager.invalid/auth/login-redirect?session_id=7285.,Defense Evasion,Obfuscated Files or Information,T1027,,
THR-2026-1538,2026-08-19 19:37:56,Public Facing API Auth Bypass #38,VULNERABILITY EXPOSURE,FILE HASH,7c6371892b1e3751a561f42fa971c5c5f90f141745813b4355e1c24294dc6d54,Public Threat Feed,B – Usually Reliable,67,LOW,33,MONITORING,2026-08-14 20:31:04,2026-08-19 19:37:56,Global,Synthetic telemetry record analyzing vulnerability exposure activity linked to defensive indicator 7c6371892b1e3751a561f42fa971c5c5f90f141745813b4355e1c24294dc6d54.,Initial Access,Exploit Public-Facing Application,T1190,CVE-2026-5512,
THR-2026-1539,2026-09-10 08:10:38,Unauthenticated Deserialization Scan #39,VULNERABILITY EXPOSURE,FILE HASH,a21818ad08f691906309850e88390d259ad8bd3c3da4036794663ee1711ec512,Unknown Source,D – Reliability Unknown,53,MEDIUM,54,MONITORING,2026-09-09 07:10:19,2026-09-10 08:10:38,JP,Synthetic telemetry record analyzing vulnerability exposure activity linked to defensive indicator a21818ad08f691906309850e88390d259ad8bd3c3da4036794663ee1711ec512.,Lateral Movement,Exploitation of Remote Services,T1210,CVE-2026-9956,
THR-2026-1540,2026-07-10 06:27:16,Kerberoasting Probe Telemetry #40,CREDENTIAL THREATS,CVE ID,CVE-2026-7734,Research Report,B – Usually Reliable,35,LOW,36,MONITORING,2026-07-09 12:21:59,2026-07-10 06:27:16,SG,Synthetic telemetry record analyzing credential threats activity linked to defensive indicator CVE-2026-7734.,Credential Access,OS Credential Dumping,T1003,CVE-2026-7734,
THR-2026-1541,2026-09-01 18:46:38,Server-Side Request Forgery Pattern #41,WEB THREATS,DOMAIN,sub46.doc-share.example.org,Community Submission,C – Fairly Reliable,31,LOW,39,UNDER_REVIEW,2026-08-29 00:53:14,2026-09-01 18:46:38,IN,Synthetic telemetry record analyzing web threats activity linked to defensive indicator sub46.doc-share.example.org.,Initial Access,Exploit Public-Facing Application,T1190,,
THR-2026-1542,2026-09-22 16:04:43,Compromised Service Account Pattern #42,CREDENTIAL THREATS,EMAIL/SENDER DOMAIN,payroll-alert@example.com,Research Report,B – Usually Reliable,50,MEDIUM,57,NEW,2026-09-18 08:49:31,2026-09-22 16:04:43,DE,Synthetic telemetry record analyzing credential threats activity linked to defensive indicator payroll-alert@example.com.,,,,,
THR-2026-1543,2026-09-19 13:23:19,Spear-Phishing Credential Harvester #43,PHISHING,DOMAIN,service.telemetry-sync.example.net,Research Report,B – Usually Reliable,51,MEDIUM,41,MONITORING,2026-09-19 06:19:01,2026-09-19 13:23:19,FR,Synthetic telemetry record analyzing phishing activity linked to defensive indicator service.telemetry-sync.example.net.,Initial Access,Phishing: Spearphishing Voice,T1566.004,,
THR-2026-1544,2026-09-12 14:48:19,Extortion Double-Dip Campaign #44,RANSOMWARE,FILE HASH,f6f00ecc329f16aba0b43b055bba65546409d1f5c98829ba226a5a72478dd3fc,Community Submission,C – Fairly Reliable,55,LOW,30,UNDER_REVIEW,2026-09-11 22:59:15,2026-09-12 14:48:19,SG,Synthetic telemetry record analyzing ransomware activity linked to defensive indicator f6f00ecc329f16aba0b43b055bba65546409d1f5c98829ba226a5a72478dd3fc.,Impact,Inhibit System Recovery,T1490,,
THR-2026-1545,2026-07-17 13:56:03,Path Traversal Web Probe #45,WEB THREATS,DOMAIN,sub91.update-service.example.org,Research Report,B – Usually Reliable,89,HIGH,67,CLOSED,2026-07-16 02:20:58,2026-07-17 13:56:03,US,Synthetic telemetry record analyzing web threats activity linked to defensive indicator sub91.update-service.example.org.,Command and Control,Web Service: Dead Drop Resolver,T1102.001,,CAMP-DEFENSE-019
THR-2026-1546,2026-08-16 20:39:32,Password Spraying against ADFS Demo #46,CREDENTIAL THREATS,FILE HASH,f7120e4f5e3d3b65c01f69146ca68c5b53b5170f4f9919d271f1bc55beddd363,Public Threat Feed,B – Usually Reliable,75,CRITICAL,84,MONITORING,2026-08-13 12:51:56,2026-08-16 20:39:32,IN,Synthetic telemetry record analyzing credential threats activity linked to defensive indicator f7120e4f5e3d3b65c01f69146ca68c5b53b5170f4f9919d271f1bc55beddd363.,Credential Access,Credentials in Files,T1552.001,,
THR-2026-1547,2026-08-25 07:19:45,Public Facing API Auth Bypass #47,VULNERABILITY EXPOSURE,FILE HASH,0a52580a718dd702ea7c5bb74805b35646c203892f7161e2ec316add06149d91,Internal SOC,A – Highly Reliable,44,LOW,31,NEW,2026-08-20 20:38:54,2026-08-25 07:19:45,Global,Synthetic telemetry record analyzing vulnerability exposure activity linked to defensive indicator 0a52580a718dd702ea7c5bb74805b35646c203892f7161e2ec316add06149d91.,Initial Access,Exploit Public-Facing Application,T1190,CVE-2026-2189,
THR-2026-1548,2026-09-09 02:53:30,OAuth High-Privilege Consent Grant #48,ACCOUNT SECURITY,IP ADDRESS,192.0.2.103,Unknown Source,D – Reliability Unknown,84,HIGH,62,NEW,2026-09-06 02:41:45,2026-09-09 02:53:30,CA,Synthetic telemetry record analyzing account security activity linked to defensive indicator 192.0.2.103.,Persistence,Account Manipulation: Additional Credentials,T1098.001,,CAMP-DEFENSE-009
THR-2026-1549,2026-07-21 21:14:40,Compromised Service Account Pattern #49,CREDENTIAL THREATS,CVE ID,CVE-2026-1042,Community Submission,C – Fairly Reliable,85,HIGH,78,CLOSED,2026-07-20 11:28:15,2026-07-21 21:14:40,IN,Synthetic telemetry record analyzing credential threats activity linked to defensive indicator CVE-2026-1042.,Credential Access,Brute Force: Password Spraying,T1110.003,CVE-2026-1042,
THR-2026-1550,2026-09-23 02:57:15,Password Spraying against ADFS Demo #50,CREDENTIAL THREATS,IP ADDRESS,192.0.2.65,Community Submission,C – Fairly Reliable,94,CRITICAL,83,CLOSED,2026-09-21 02:53:58,2026-09-23 02:57:15,GB,Synthetic telemetry record analyzing credential threats activity linked to defensive indicator 192.0.2.65.,,,,,
THR-2026-1551,2026-08-25 23:30:05,Unencrypted Diagnostic Log Leak #51,DATA EXPOSURE,EMAIL/SENDER DOMAIN,security-admin@corporate-demo.invalid,Internal SOC,A – Highly Reliable,59,INFORMATIONAL,7,NEW,2026-08-23 06:11:12,2026-08-25 23:30:05,JP,Synthetic telemetry record analyzing data exposure activity linked to defensive indicator security-admin@corporate-demo.invalid.,Exfiltration,Exfiltration Over Web Service,T1567,,CAMP-DEFENSE-025
THR-2026-1552,2026-09-13 13:30:47,Misconfigured Cloud Bucket Scraping #52,DATA EXPOSURE,URL,https://update-service.example.org/verify-account/prompt?session_id=4432,Public Threat Feed,B – Usually Reliable,51,MEDIUM,59,UNDER_REVIEW,2026-09-11 10:27:26,2026-09-13 13:30:47,SG,Synthetic telemetry record analyzing data exposure activity linked to defensive indicator https://update-service.example.org/verify-account/prompt?session_id=4432.,Collection,Data from Cloud Storage,T1530,,
THR-2026-1553,2026-07-22 05:33:06,Executive Pretexting Call Campaign #53,SOCIAL ENGINEERING,IP ADDRESS,203.0.113.227,Internal SOC,A – Highly Reliable,78,HIGH,64,MONITORING,2026-07-21 15:37:51,2026-07-22 05:33:06,GB,Synthetic telemetry record analyzing social engineering activity linked to defensive indicator 203.0.113.227.,Initial Access,Replication Through Removable Media,T1091,,CAMP-DEFENSE-015
THR-2026-1554,2026-09-20 14:20:49,Sensitive API Endpoint Exposure #54,DATA EXPOSURE,EMAIL/SENDER DOMAIN,billing-verify@example.net,Internal SOC,A – Highly Reliable,65,MEDIUM,50,MONITORING,2026-09-16 09:30:03,2026-09-20 14:20:49,AU,Synthetic telemetry record analyzing data exposure activity linked to defensive indicator billing-verify@example.net.,,,,,
THR-2026-1555,2026-09-04 20:02:55,QR Code Phishing (Quishing) Test #55,SOCIAL ENGINEERING,EMAIL/SENDER DOMAIN,support-desk@corporate-demo.invalid,Research Report,B – Usually Reliable,80,MEDIUM,48,MONITORING,2026-09-02 16:36:15,2026-09-04 20:02:55,DE,Synthetic telemetry record analyzing social engineering activity linked to defensive indicator support-desk@corporate-demo.invalid.,Initial Access,Replication Through Removable Media,T1091,CVE-2026-8845,CAMP-DEFENSE-004
THR-2026-1556,2026-08-30 23:59:51,MFA Fatigue Authentication Surge #56,ACCOUNT SECURITY,URL,https://update-service.example.org/invoice/preview-doc.pdf?session_id=3486,Internal SOC,A – Highly Reliable,25,INFORMATIONAL,12,MONITORING,2026-08-26 14:45:36,2026-08-30 23:59:51,AU,Synthetic telemetry record analyzing account security activity linked to defensive indicator https://update-service.example.org/invoice/preview-doc.pdf?session_id=3486.,Persistence,Account Manipulation: Additional Credentials,T1098.001,,
THR-2026-1557,2026-09-01 00:11:49,Memory Injection Testing Stub #57,MALWARE,FILE HASH,497dc21b1d344667a8cbe2aa8f7829fa4f4f9c896d583b0ec9657c225e456f56,Public Threat Feed,B – Usually Reliable,77,LOW,36,CLOSED,2026-08-27 00:23:46,2026-09-01 00:11:49,IN,Synthetic telemetry record analyzing malware activity linked to defensive indicator 497dc21b1d344667a8cbe2aa8f7829fa4f4f9c896d583b0ec9657c225e456f56.,Execution,User Execution: Malicious File,T1204.002,CVE-2026-6623,CAMP-DEFENSE-024
THR-2026-1558,2026-08-15 01:19:26,Unencrypted Diagnostic Log Leak #58,DATA EXPOSURE,EMAIL/SENDER DOMAIN,payroll-alert@example.net,Community Submission,C – Fairly Reliable,63,MEDIUM,60,NEW,2026-08-10 12:08:43,2026-08-15 01:19:26,AU,Synthetic telemetry record analyzing data exposure activity linked to defensive indicator payroll-alert@example.net.,Collection,Data from Cloud Storage,T1530,,CAMP-DEFENSE-012
THR-2026-1559,2026-08-29 14:06:01,Watering Hole Redirector Demo #59,SOCIAL ENGINEERING,URL,https://client-token.example.org/update/agent-installer?session_id=4411,Public Threat Feed,B – Usually Reliable,74,HIGH,66,NEW,2026-08-27 01:30:59,2026-08-29 14:06:01,AU,Synthetic telemetry record analyzing social engineering activity linked to defensive indicator https://client-token.example.org/update/agent-installer?session_id=4411.,Initial Access,Replication Through Removable Media,T1091,,
THR-2026-1560,2026-08-19 11:41:44,ICMP Covert Beaconing Pattern #60,NETWORK THREATS,IP ADDRESS,198.51.100.98,Internal SOC,A – Highly Reliable,27,INFORMATIONAL,13,MONITORING,2026-08-16 04:05:43,2026-08-19 11:41:44,GB,Synthetic telemetry record analyzing network threats activity linked to defensive indicator 198.51.100.98.,Discovery,Network Service Scanning,T1046,,
THR-2026-1561,2026-07-23 08:55:25,Cross-Site Scripting Injection Probe #61,WEB THREATS,IP ADDRESS,203.0.113.132,Research Report,B – Usually Reliable,46,INFORMATIONAL,18,CLOSED,2026-07-22 20:36:39,2026-07-23 08:55:25,CA,Synthetic telemetry record analyzing web threats activity linked to defensive indicator 203.0.113.132.,Initial Access,Exploit Public-Facing Application,T1190,,
THR-2026-1562,2026-08-25 16:04:03,Extortion Double-Dip Campaign #62,RANSOMWARE,EMAIL/SENDER DOMAIN,hr-notices@example.com,Research Report,B – Usually Reliable,71,HIGH,64,NEW,2026-08-24 17:00:24,2026-08-25 16:04:03,FR,Synthetic telemetry record analyzing ransomware activity linked to defensive indicator hr-notices@example.com.,Impact,Inhibit System Recovery,T1490,,CAMP-DEFENSE-018
THR-2026-1563,2026-07-15 10:24:37,VSS Shadow Copy Invalidation Stub #63,RANSOMWARE,URL,https://login-check.invalid/session/token-exchange?session_id=8717,Public Threat Feed,B – Usually Reliable,82,MEDIUM,60,MONITORING,2026-07-12 19:17:21,2026-07-15 10:24:37,IN,Synthetic telemetry record analyzing ransomware activity linked to defensive indicator https://login-check.invalid/session/token-exchange?session_id=8717.,Impact,Data Encrypted for Impact,T1486,CVE-2026-2189,CAMP-DEFENSE-025
THR-2026-1564,2026-09-20 22:28:51,InfoStealer Demo Artifact #64,MALWARE,DOMAIN,service.auth-gateway.example.com,Unknown Source,D – Reliability Unknown,57,MEDIUM,51,UNDER_REVIEW,2026-09-19 16:55:40,2026-09-20 22:28:51,US,Synthetic telemetry record analyzing malware activity linked to defensive indicator service.auth-gateway.example.com.,Defense Evasion,Obfuscated Files or Information,T1027,,CAMP-DEFENSE-021
THR-2026-1565,2026-07-05 03:58:39,Public Facing API Auth Bypass #65,VULNERABILITY EXPOSURE,URL,https://auth-gateway.example.com/api/v1/health-check?session_id=9017,Community Submission,C – Fairly Reliable,46,MEDIUM,48,NEW,2026-07-02 04:07:20,2026-07-05 03:58:39,DE,Synthetic telemetry record analyzing vulnerability exposure activity linked to defensive indicator https://auth-gateway.example.com/api/v1/health-check?session_id=9017.,,,,CVE-2026-9956,CAMP-DEFENSE-003
THR-2026-1566,2026-09-24 09:01:49,OAuth High-Privilege Consent Grant #66,ACCOUNT SECURITY,URL,https://session-manager.invalid/api/v1/health-check?session_id=4974,Public Threat Feed,B – Usually Reliable,84,HIGH,77,UNDER_REVIEW,2026-09-22 17:04:49,2026-09-24 09:01:49,JP,Synthetic telemetry record analyzing account security activity linked to defensive indicator https://session-manager.invalid/api/v1/health-check?session_id=4974.,Persistence,Create Account: Local Account,T1136.001,,
THR-2026-1567,2026-08-04 15:22:17,ShadowLocker Ransomware Activity #67,RANSOMWARE,EMAIL/SENDER DOMAIN,billing-verify@example.org,Internal SOC,A – Highly Reliable,70,CRITICAL,88,MONITORING,2026-08-01 06:28:30,2026-08-04 15:22:17,BR,Synthetic telemetry record analyzing ransomware activity linked to defensive indicator billing-verify@example.org.,Infiltration,Lateral Movement: SMB/Windows Admin Shares,T1021.002,,
THR-2026-1568,2026-08-02 07:06:43,Compromised Service Account Pattern #68,CREDENTIAL THREATS,FILE HASH,561fa0ad56ebf0a1b1bd92aa217fac1266844818cdd0cf18df383ab44b20bbe5,Internal SOC,A – Highly Reliable,83,HIGH,80,NEW,2026-08-01 19:25:49,2026-08-02 07:06:43,IN,Synthetic telemetry record analyzing credential threats activity linked to defensive indicator 561fa0ad56ebf0a1b1bd92aa217fac1266844818cdd0cf18df383ab44b20bbe5.,Credential Access,OS Credential Dumping,T1003,,
THR-2026-1569,2026-08-12 15:25:08,Impossible Travel Anomaly #69,ACCOUNT SECURITY,IP ADDRESS,198.51.100.209,Public Threat Feed,B – Usually Reliable,88,CRITICAL,92,UNDER_REVIEW,2026-08-07 20:28:49,2026-08-12 15:25:08,AU,Synthetic telemetry record analyzing account security activity linked to defensive indicator 198.51.100.209.,Persistence,Create Account: Local Account,T1136.001,,
THR-2026-1570,2026-07-31 07:59:54,MFA Fatigue Authentication Surge #70,ACCOUNT SECURITY,FILE HASH,4ca0d5df200332b2e5f416825b7dcc3edcb9cd9a9854d8abf083a40eb09bedfb,Internal SOC,A – Highly Reliable,64,LOW,40,UNDER_REVIEW,2026-07-29 12:53:03,2026-07-31 07:59:54,NL,Synthetic telemetry record analyzing account security activity linked to defensive indicator 4ca0d5df200332b2e5f416825b7dcc3edcb9cd9a9854d8abf083a40eb09bedfb.,Defense Evasion,Valid Accounts: Cloud Accounts,T1078.004,CVE-2026-1042,
THR-2026-1571,2026-08-26 10:33:34,Watering Hole Redirector Demo #71,SOCIAL ENGINEERING,URL,https://cdn-cache.example.com/secure/portal/auth?session_id=1708,Internal SOC,A – Highly Reliable,71,MEDIUM,48,NEW,2026-08-25 17:17:29,2026-08-26 10:33:34,NL,Synthetic telemetry record analyzing social engineering activity linked to defensive indicator https://cdn-cache.example.com/secure/portal/auth?session_id=1708.,Initial Access,Replication Through Removable Media,T1091,,
THR-2026-1572,2026-07-28 07:54:04,Fake Invoice Redirector #72,PHISHING,EMAIL/SENDER DOMAIN,support-desk@example.org,Research Report,B – Usually Reliable,55,LOW,40,CLOSED,2026-07-25 05:59:07,2026-07-28 07:54:04,SG,Synthetic telemetry record analyzing phishing activity linked to defensive indicator support-desk@example.org.,Initial Access,Phishing: Spearphishing Attachment,T1566.001,,
THR-2026-1573,2026-07-26 10:27:38,Spear-Phishing Credential Harvester #73,PHISHING,EMAIL/SENDER DOMAIN,support-desk@example.org,Security Vendor,A – Highly Reliable,62,LOW,30,NEW,2026-07-21 22:20:46,2026-07-26 10:27:38,CH,Synthetic telemetry record analyzing phishing activity linked to defensive indicator support-desk@example.org.,,,,CVE-2026-2189,
THR-2026-1574,2026-08-14 06:11:46,Port 445 Scanning in Perimeter #74,NETWORK THREATS,URL,https://telemetry-sync.example.net/update/agent-installer?session_id=2769,Public Threat Feed,B – Usually Reliable,31,LOW,39,NEW,2026-08-12 16:21:26,2026-08-14 06:11:46,SG,Synthetic telemetry record analyzing network threats activity linked to defensive indicator https://telemetry-sync.example.net/update/agent-installer?session_id=2769.,Command and Control,Protocol Tunneling,T1572,,
THR-2026-1575,2026-09-11 09:25:32,Fake IT Helpdesk Remote Access Lure #75,SOCIAL ENGINEERING,IP ADDRESS,192.0.2.196,Security Vendor,A – Highly Reliable,69,HIGH,80,CLOSED,2026-09-10 16:05:52,2026-09-11 09:25:32,FR,Synthetic telemetry record analyzing social engineering activity linked to defensive indicator 192.0.2.196.,Initial Access,Replication Through Removable Media,T1091,,CAMP-DEFENSE-018
THR-2026-1576,2026-08-07 22:02:03,Unauthenticated Deserialization Scan #76,VULNERABILITY EXPOSURE,DOMAIN,service.login-check.invalid,Security Vendor,A – Highly Reliable,84,CRITICAL,83,MONITORING,2026-08-05 22:57:25,2026-08-07 22:02:03,US,Synthetic telemetry record analyzing vulnerability exposure activity linked to defensive indicator service.login-check.invalid.,Privilege Escalation,Exploitation for Privilege Escalation,T1068,CVE-2026-5512,
THR-2026-1577,2026-07-09 22:11:09,SQLi Pattern on Public Gateway #77,WEB THREATS,IP ADDRESS,198.51.100.119,Community Submission,C – Fairly Reliable,67,LOW,28,UNDER_REVIEW,2026-07-09 00:57:57,2026-07-09 22:11:09,SG,Synthetic telemetry record analyzing web threats activity linked to defensive indicator 198.51.100.119.,Collection,Automated Collection: Web Scraping,T1119,,CAMP-DEFENSE-001
THR-2026-1578,2026-09-17 05:05:27,Fake Invoice Redirector #78,PHISHING,DOMAIN,service.telemetry-sync.example.net,Community Submission,C – Fairly Reliable,45,MEDIUM,52,NEW,2026-09-16 23:40:19,2026-09-17 05:05:27,BR,Synthetic telemetry record analyzing phishing activity linked to defensive indicator service.telemetry-sync.example.net.,Initial Access,Phishing: Spearphishing Link,T1566.002,,
THR-2026-1579,2026-08-07 23:59:17,Compromised Service Account Pattern #79,CREDENTIAL THREATS,DOMAIN,service.telemetry-sync.example.net,Research Report,B – Usually Reliable,61,INFORMATIONAL,6,UNDER_REVIEW,2026-08-07 13:49:04,2026-08-07 23:59:17,GB,Synthetic telemetry record analyzing credential threats activity linked to defensive indicator service.telemetry-sync.example.net.,,,,,
THR-2026-1580,2026-08-16 02:19:43,ShadowLocker Ransomware Activity #80,RANSOMWARE,URL,https://doc-share.example.org/session/token-exchange?session_id=9064,Internal SOC,A – Highly Reliable,70,CRITICAL,90,NEW,2026-08-14 06:06:46,2026-08-16 02:19:43,JP,Synthetic telemetry record analyzing ransomware activity linked to defensive indicator https://doc-share.example.org/session/token-exchange?session_id=9064.,Impact,Inhibit System Recovery,T1490,,
THR-2026-1581,2026-07-26 12:43:09,Anomalous SSH Bastion Brute Force #81,NETWORK THREATS,CVE ID,CVE-2026-2189,Security Vendor,A – Highly Reliable,74,MEDIUM,55,UNDER_REVIEW,2026-07-26 02:46:41,2026-07-26 12:43:09,NL,Synthetic telemetry record analyzing network threats activity linked to defensive indicator CVE-2026-2189.,Discovery,Network Sniffing,T1040,CVE-2026-2189,CAMP-DEFENSE-013
THR-2026-1582,2026-09-04 17:34:46,QR Code Phishing (Quishing) Test #82,SOCIAL ENGINEERING,IP ADDRESS,203.0.113.31,Community Submission,C – Fairly Reliable,74,LOW,40,UNDER_REVIEW,2026-08-31 22:44:50,2026-09-04 17:34:46,CH,Synthetic telemetry record analyzing social engineering activity linked to defensive indicator 203.0.113.31.,Initial Access,Replication Through Removable Media,T1091,,
THR-2026-1583,2026-08-19 23:31:06,Legacy WebDAV Exploit Sweep #83,VULNERABILITY EXPOSURE,URL,https://login-check.invalid/api/v1/health-check?session_id=3896,Unknown Source,D – Reliability Unknown,46,MEDIUM,45,MONITORING,2026-08-15 11:57:31,2026-08-19 23:31:06,FR,Synthetic telemetry record analyzing vulnerability exposure activity linked to defensive indicator https://login-check.invalid/api/v1/health-check?session_id=3896.,Initial Access,Exploit Public-Facing Application,T1190,CVE-2026-9956,CAMP-DEFENSE-023
THR-2026-1584,2026-08-06 03:12:47,Urgent Security Notification Lure #84,PHISHING,FILE HASH,0fd559db19132709c66130c911a1d683a3dc1b16f0ed3f29057ca182fd379d0f,Unknown Source,D – Reliability Unknown,55,LOW,24,UNDER_REVIEW,2026-08-05 08:30:27,2026-08-06 03:12:47,BR,Synthetic telemetry record analyzing phishing activity linked to defensive indicator 0fd559db19132709c66130c911a1d683a3dc1b16f0ed3f29057ca182fd379d0f.,Initial Access,Phishing: Spearphishing Voice,T1566.004,,
THR-2026-1585,2026-09-13 11:29:00,Public Facing API Auth Bypass #85,VULNERABILITY EXPOSURE,DOMAIN,service.update-service.example.org,Security Vendor,A – Highly Reliable,54,MEDIUM,59,MONITORING,2026-09-11 01:07:41,2026-09-13 11:29:00,BR,Synthetic telemetry record analyzing vulnerability exposure activity linked to defensive indicator service.update-service.example.org.,,,,CVE-2026-3390,
THR-2026-1586,2026-09-23 20:14:47,Sensitive API Endpoint Exposure #86,DATA EXPOSURE,URL,https://doc-share.example.org/invoice/preview-doc.pdf?session_id=9158,Internal SOC,A – Highly Reliable,46,MEDIUM,47,MONITORING,2026-09-19 14:45:00,2026-09-23 20:14:47,IN,Synthetic telemetry record analyzing data exposure activity linked to defensive indicator https://doc-share.example.org/invoice/preview-doc.pdf?session_id=9158.,,,,,CAMP-DEFENSE-011
THR-2026-1587,2026-07-30 15:07:26,Exfiltration via Public Cloud Storage #87,DATA EXPOSURE,EMAIL/SENDER DOMAIN,hr-notices@example.org,Unknown Source,D – Reliability Unknown,68,LOW,32,NEW,2026-07-29 14:15:45,2026-07-30 15:07:26,Global,Synthetic telemetry record analyzing data exposure activity linked to defensive indicator hr-notices@example.org.,Collection,Data from Cloud Storage,T1530,,
THR-2026-1588,2026-08-18 04:27:30,Sensitive API Endpoint Exposure #88,DATA EXPOSURE,CVE ID,CVE-2026-6623,Internal SOC,A – Highly Reliable,73,HIGH,76,CLOSED,2026-08-15 10:00:32,2026-08-18 04:27:30,US,Synthetic telemetry record analyzing data exposure activity linked to defensive indicator CVE-2026-6623.,Exfiltration,Exfiltration Over Web Service,T1567,CVE-2026-6623,
THR-2026-1589,2026-07-20 02:10:50,Encrypted Payload Delivery Simulation #89,MALWARE,IP ADDRESS,198.51.100.171,Internal SOC,A – Highly Reliable,55,LOW,34,NEW,2026-07-16 01:43:16,2026-07-20 02:10:50,DE,Synthetic telemetry record analyzing malware activity linked to defensive indicator 198.51.100.171.,Defense Evasion,Obfuscated Files or Information,T1027,,
THR-2026-1590,2026-09-02 21:57:54,VSS Shadow Copy Invalidation Stub #90,RANSOMWARE,FILE HASH,8250c8770b9bde6229dc29ba3eee18a5c9e83b3a47e862119f15fb1dccdf06d9,Public Threat Feed,B – Usually Reliable,85,CRITICAL,88,UNDER_REVIEW,2026-09-01 04:30:50,2026-09-02 21:57:54,AU,Synthetic telemetry record analyzing ransomware activity linked to defensive indicator 8250c8770b9bde6229dc29ba3eee18a5c9e83b3a47e862119f15fb1dccdf06d9.,Infiltration,Lateral Movement: SMB/Windows Admin Shares,T1021.002,,CAMP-DEFENSE-025
THR-2026-1591,2026-08-24 00:45:48,Server-Side Request Forgery Pattern #91,WEB THREATS,EMAIL/SENDER DOMAIN,security-admin@example.net,Community Submission,C – Fairly Reliable,69,HIGH,79,UNDER_REVIEW,2026-08-23 05:00:03,2026-08-24 00:45:48,IN,Synthetic telemetry record analyzing web threats activity linked to defensive indicator security-admin@example.net.,Initial Access,Exploit Public-Facing Application,T1190,CVE-2026-7734,
THR-2026-1592,2026-08-14 07:48:15,Extortion Double-Dip Campaign #92,RANSOMWARE,EMAIL/SENDER DOMAIN,security-admin@example.net,Research Report,B – Usually Reliable,56,LOW,22,NEW,2026-08-12 15:44:52,2026-08-14 07:48:15,CH,Synthetic telemetry record analyzing ransomware activity linked to defensive indicator security-admin@example.net.,Infiltration,Lateral Movement: SMB/Windows Admin Shares,T1021.002,,
THR-2026-1593,2026-08-22 16:25:21,Anomalous SSH Bastion Brute Force #93,NETWORK THREATS,CVE ID,CVE-2026-1188,Community Submission,C – Fairly Reliable,38,LOW,29,CLOSED,2026-08-18 19:06:27,2026-08-22 16:25:21,US,Synthetic telemetry record analyzing network threats activity linked to defensive indicator CVE-2026-1188.,,,,CVE-2026-1188,CAMP-DEFENSE-014
THR-2026-1594,2026-08-12 20:41:45,Admin Share Lateral Probe #94,RANSOMWARE,DOMAIN,sub47.invoice-verify.invalid,Research Report,B – Usually Reliable,79,CRITICAL,81,CLOSED,2026-08-08 13:51:07,2026-08-12 20:41:45,DE,Synthetic telemetry record analyzing ransomware activity linked to defensive indicator sub47.invoice-verify.invalid.,Infiltration,Lateral Movement: SMB/Windows Admin Shares,T1021.002,,
THR-2026-1595,2026-09-13 00:17:13,Sensitive API Endpoint Exposure #95,DATA EXPOSURE,URL,https://session-manager.invalid/verify-account/prompt?session_id=8519,Internal SOC,A – Highly Reliable,63,MEDIUM,43,CLOSED,2026-09-09 18:19:10,2026-09-13 00:17:13,NL,Synthetic telemetry record analyzing data exposure activity linked to defensive indicator https://session-manager.invalid/verify-account/prompt?session_id=8519.,Collection,Data from Cloud Storage,T1530,,
THR-2026-1596,2026-09-26 06:33:28,Executive Pretexting Call Campaign #96,SOCIAL ENGINEERING,CVE ID,CVE-2026-8845,Unknown Source,D – Reliability Unknown,62,HIGH,71,MONITORING,2026-09-23 10:28:18,2026-09-26 06:33:28,AU,Synthetic telemetry record analyzing social engineering activity linked to defensive indicator CVE-2026-8845.,Execution,User Execution: Malicious Link,T1204.001,CVE-2026-8845,
THR-2026-1597,2026-09-18 16:11:16,Password Spraying against ADFS Demo #97,CREDENTIAL THREATS,FILE HASH,63e6dc4f157fe9e4678d6cd7439a80b769fb50bf1b64f2027d3fe9ee335bce4a,Unknown Source,D – Reliability Unknown,83,CRITICAL,97,CLOSED,2026-09-14 08:38:27,2026-09-18 16:11:16,US,Synthetic telemetry record analyzing credential threats activity linked to defensive indicator 63e6dc4f157fe9e4678d6cd7439a80b769fb50bf1b64f2027d3fe9ee335bce4a.,Credential Access,Brute Force: Password Spraying,T1110.003,CVE-2026-3390,
THR-2026-1598,2026-07-19 20:36:37,Misconfigured Cloud Bucket Scraping #98,DATA EXPOSURE,URL,https://security-alert.example.net/session/token-exchange?session_id=3072,Research Report,B – Usually Reliable,66,HIGH,67,MONITORING,2026-07-15 23:49:20,2026-07-19 20:36:37,Global,Synthetic telemetry record analyzing data exposure activity linked to defensive indicator https://security-alert.example.net/session/token-exchange?session_id=3072.,Exfiltration,Exfiltration Over Web Service,T1567,,
THR-2026-1599,2026-08-25 20:45:15,Unencrypted Diagnostic Log Leak #99,DATA EXPOSURE,DOMAIN,sub98.security-alert.example.net,Community Submission,C – Fairly Reliable,69,MEDIUM,47,MONITORING,2026-08-22 05:54:01,2026-08-25 20:45:15,AU,Synthetic telemetry record analyzing data exposure activity linked to defensive indicator sub98.security-alert.example.net.,,,,,
THR-2026-1600,2026-09-06 03:37:09,Dormant Administrator Account Activation #00,ACCOUNT SECURITY,DOMAIN,service.cdn-cache.example.com,Research Report,B – Usually Reliable,29,INFORMATIONAL,11,CLOSED,2026-09-02 13:47:46,2026-09-06 03:37:09,US,Synthetic telemetry record analyzing account security activity linked to defensive indicator service.cdn-cache.example.com.,Defense Evasion,Valid Accounts: Cloud Accounts,T1078.004,,CAMP-DEFENSE-019
THR-2026-1601,2026-09-05 02:04:10,Spear-Phishing Credential Harvester #01,PHISHING,IP ADDRESS,192.0.2.231,Public Threat Feed,B – Usually Reliable,75,LOW,37,NEW,2026-09-04 12:54:09,2026-09-05 02:04:10,JP,Synthetic telemetry record analyzing phishing activity linked to defensive indicator 192.0.2.231.,Initial Access,Phishing: Spearphishing Voice,T1566.004,,
THR-2026-1602,2026-09-05 23:29:24,SQLi Pattern on Public Gateway #02,WEB THREATS,CVE ID,CVE-2026-2189,Internal SOC,A – Highly Reliable,44,INFORMATIONAL,17,CLOSED,2026-09-04 14:51:26,2026-09-05 23:29:24,FR,Synthetic telemetry record analyzing web threats activity linked to defensive indicator CVE-2026-2189.,Collection,Automated Collection: Web Scraping,T1119,CVE-2026-2189,
THR-2026-1603,2026-08-21 03:14:36,Encrypted Payload Delivery Simulation #03,MALWARE,URL,https://security-alert.example.net/invoice/preview-doc.pdf?session_id=8820,Public Threat Feed,B – Usually Reliable,59,INFORMATIONAL,6,UNDER_REVIEW,2026-08-19 08:58:18,2026-08-21 03:14:36,CA,Synthetic telemetry record analyzing malware activity linked to defensive indicator https://security-alert.example.net/invoice/preview-doc.pdf?session_id=8820.,Execution,User Execution: Malicious File,T1204.002,,
THR-2026-1604,2026-08-12 23:15:40,InfoStealer Demo Artifact #04,MALWARE,FILE HASH,980d336f810bf5d98746ec0dce6ff7cb395678f5ab329ff671ddbb6dd59932eb,Research Report,B – Usually Reliable,74,CRITICAL,82,UNDER_REVIEW,2026-08-12 18:55:49,2026-08-12 23:15:40,CA,Synthetic telemetry record analyzing malware activity linked to defensive indicator 980d336f810bf5d98746ec0dce6ff7cb395678f5ab329ff671ddbb6dd59932eb.,Command and Control,Application Layer Protocol,T1071,,
THR-2026-1605,2026-08-15 22:22:17,Memory Injection Testing Stub #05,MALWARE,FILE HASH,891a58818c7ecb681abe3a69a6336558972fdbf23d7f489cb8de392abf9b4c1e,Public Threat Feed,B – Usually Reliable,83,CRITICAL,97,CLOSED,2026-08-13 23:39:35,2026-08-15 22:22:17,SG,Synthetic telemetry record analyzing malware activity linked to defensive indicator 891a58818c7ecb681abe3a69a6336558972fdbf23d7f489cb8de392abf9b4c1e.,,,,,
THR-2026-1606,2026-08-02 14:57:47,Dormant Administrator Account Activation #06,ACCOUNT SECURITY,CVE ID,CVE-2026-6623,Security Vendor,A – Highly Reliable,66,INFORMATIONAL,6,UNDER_REVIEW,2026-08-01 19:47:00,2026-08-02 14:57:47,NL,Synthetic telemetry record analyzing account security activity linked to defensive indicator CVE-2026-6623.,Persistence,Account Manipulation: Additional Credentials,T1098.001,CVE-2026-6623,
THR-2026-1607,2026-09-01 21:44:35,SQLi Pattern on Public Gateway #07,WEB THREATS,URL,https://client-token.example.org/download/security-patch.bin?session_id=6697,Research Report,B – Usually Reliable,68,MEDIUM,48,MONITORING,2026-08-29 09:04:20,2026-09-01 21:44:35,JP,Synthetic telemetry record analyzing web threats activity linked to defensive indicator https://client-token.example.org/download/security-patch.bin?session_id=6697.,Initial Access,Exploit Public-Facing Application,T1190,,
THR-2026-1608,2026-09-22 20:12:54,VSS Shadow Copy Invalidation Stub #08,RANSOMWARE,FILE HASH,139432679ed11afc14287cd3e261ec3d187559623f3455585423ced5c12d5176,Security Vendor,A – Highly Reliable,77,HIGH,71,UNDER_REVIEW,2026-09-18 07:33:52,2026-09-22 20:12:54,AU,Synthetic telemetry record analyzing ransomware activity linked to defensive indicator 139432679ed11afc14287cd3e261ec3d187559623f3455585423ced5c12d5176.,,,,,
THR-2026-1609,2026-09-30 22:19:16,Exfiltration via Public Cloud Storage #09,DATA EXPOSURE,FILE HASH,307e3a173f2fd3cdb2b91144250ffeb6054fd6f424d25c8a65c7120cee9312db,Security Vendor,A – Highly Reliable,80,LOW,25,NEW,2026-09-26 13:19:28,2026-09-30 22:19:16,AU,Synthetic telemetry record analyzing data exposure activity linked to defensive indicator 307e3a173f2fd3cdb2b91144250ffeb6054fd6f424d25c8a65c7120cee9312db.,Exfiltration,Exfiltration Over Web Service,T1567,,
THR-2026-1610,2026-09-25 01:21:40,Impossible Travel Anomaly #10,ACCOUNT SECURITY,EMAIL/SENDER DOMAIN,hr-notices@example.net,Public Threat Feed,B – Usually Reliable,65,HIGH,62,FALSE_POSITIVE,2026-09-23 04:50:38,2026-09-25 01:21:40,Global,Synthetic telemetry record analyzing account security activity linked to defensive indicator hr-notices@example.net.,Persistence,Create Account: Local Account,T1136.001,,CAMP-DEFENSE-004
THR-2026-1611,2026-08-14 04:54:55,Exfiltration via Public Cloud Storage #11,DATA EXPOSURE,FILE HASH,630aa4a23fb17879d3829c59baef4cb329d87dd358c13f691048e87604d21191,Internal SOC,A – Highly Reliable,85,MEDIUM,41,NEW,2026-08-11 09:11:56,2026-08-14 04:54:55,Global,Synthetic telemetry record analyzing data exposure activity linked to defensive indicator 630aa4a23fb17879d3829c59baef4cb329d87dd358c13f691048e87604d21191.,Exfiltration,Exfiltration Over Web Service,T1567,,
THR-2026-1612,2026-07-07 21:36:25,QR Code Phishing (Quishing) Test #12,SOCIAL ENGINEERING,FILE HASH,37673448cfd40bf60a6dc77ae01e5a23610dab32bcd0a58756170a2215db6071,Unknown Source,D – Reliability Unknown,69,HIGH,77,MONITORING,2026-07-07 07:41:34,2026-07-07 21:36:25,NL,Synthetic telemetry record analyzing social engineering activity linked to defensive indicator 37673448cfd40bf60a6dc77ae01e5a23610dab32bcd0a58756170a2215db6071.,,,,,
THR-2026-1613,2026-07-11 17:47:37,Spear-Phishing Credential Harvester #13,PHISHING,EMAIL/SENDER DOMAIN,billing-verify@example.com,Research Report,B – Usually Reliable,65,INFORMATIONAL,9,UNDER_REVIEW,2026-07-11 00:13:20,2026-07-11 17:47:37,SG,Synthetic telemetry record analyzing phishing activity linked to defensive indicator billing-verify@example.com.,Initial Access,Phishing: Spearphishing Link,T1566.002,,
THR-2026-1614,2026-09-22 20:55:27,QR Code Phishing (Quishing) Test #14,SOCIAL ENGINEERING,CVE ID,CVE-2026-8845,Research Report,B – Usually Reliable,73,CRITICAL,94,MONITORING,2026-09-19 18:38:21,2026-09-22 20:55:27,SG,Synthetic telemetry record analyzing social engineering activity linked to defensive indicator CVE-2026-8845.,Initial Access,Trusted Relationship,T1199,CVE-2026-8845,CAMP-DEFENSE-012
THR-2026-1615,2026-09-04 16:57:35,Public Facing API Auth Bypass #15,VULNERABILITY EXPOSURE,FILE HASH,76269156d257344097dace135ffebd289a4a7791fea8e6bd0989ba28a3361f64,Research Report,B – Usually Reliable,76,HIGH,73,NEW,2026-09-01 16:05:20,2026-09-04 16:57:35,GB,Synthetic telemetry record analyzing vulnerability exposure activity linked to defensive indicator 76269156d257344097dace135ffebd289a4a7791fea8e6bd0989ba28a3361f64.,Initial Access,Exploit Public-Facing Application,T1190,CVE-2026-5512,
THR-2026-1616,2026-07-23 03:57:25,VSS Shadow Copy Invalidation Stub #16,RANSOMWARE,URL,https://update-service.example.org/update/agent-installer?session_id=6972,Security Vendor,A – Highly Reliable,74,CRITICAL,86,MONITORING,2026-07-20 01:03:35,2026-07-23 03:57:25,US,Synthetic telemetry record analyzing ransomware activity linked to defensive indicator https://update-service.example.org/update/agent-installer?session_id=6972.,Impact,Inhibit System Recovery,T1490,CVE-2026-5512,CAMP-DEFENSE-020
THR-2026-1617,2026-08-01 22:12:23,DNS Tunneling Exfiltration Signature #17,NETWORK THREATS,CVE ID,CVE-2026-2189,Research Report,B – Usually Reliable,75,HIGH,71,NEW,2026-07-30 19:38:47,2026-08-01 22:12:23,US,Synthetic telemetry record analyzing network threats activity linked to defensive indicator CVE-2026-2189.,Discovery,Network Sniffing,T1040,CVE-2026-2189,CAMP-DEFENSE-011
THR-2026-1618,2026-08-24 15:26:17,Memory Injection Testing Stub #18,MALWARE,FILE HASH,c74d0d599ef532562ece50d5e3ffff7c9c5b3d7ecd37f4f1f0c1a4c5c4fbd838,Security Vendor,A – Highly Reliable,42,INFORMATIONAL,17,CLOSED,2026-08-24 11:45:02,2026-08-24 15:26:17,FR,Synthetic telemetry record analyzing malware activity linked to defensive indicator c74d0d599ef532562ece50d5e3ffff7c9c5b3d7ecd37f4f1f0c1a4c5c4fbd838.,Command and Control,Application Layer Protocol,T1071,,CAMP-DEFENSE-015
THR-2026-1619,2026-07-29 03:39:22,Synthetic Token Theft Activity #19,CREDENTIAL THREATS,DOMAIN,service.security-alert.example.net,Community Submission,C – Fairly Reliable,65,HIGH,80,NEW,2026-07-27 08:40:38,2026-07-29 03:39:22,AU,Synthetic telemetry record analyzing credential threats activity linked to defensive indicator service.security-alert.example.net.,,,,,
THR-2026-1620,2026-07-04 18:28:09,Compromised Service Account Pattern #20,CREDENTIAL THREATS,CVE ID,CVE-2026-4401,Research Report,B – Usually Reliable,39,LOW,28,MONITORING,2026-07-02 19:59:19,2026-07-04 18:28:09,AU,Synthetic telemetry record analyzing credential threats activity linked to defensive indicator CVE-2026-4401.,,,,CVE-2026-4401,CAMP-DEFENSE-016
THR-2026-1621,2026-08-13 21:14:40,Port 445 Scanning in Perimeter #21,NETWORK THREATS,DOMAIN,sub28.corp-portal-test.invalid,Research Report,B – Usually Reliable,83,HIGH,66,MONITORING,2026-08-12 13:34:49,2026-08-13 21:14:40,US,Synthetic telemetry record analyzing network threats activity linked to defensive indicator sub28.corp-portal-test.invalid.,Discovery,Network Service Scanning,T1046,,CAMP-DEFENSE-002
THR-2026-1622,2026-09-03 23:16:14,Misconfigured Cloud Bucket Scraping #22,DATA EXPOSURE,FILE HASH,03b52f975e8c9dc45c5fd810e5a69b28368db1ebce362723addc172c2cd264cc,Internal SOC,A – Highly Reliable,62,HIGH,71,UNDER_REVIEW,2026-08-31 05:42:59,2026-09-03 23:16:14,AU,Synthetic telemetry record analyzing data exposure activity linked to defensive indicator 03b52f975e8c9dc45c5fd810e5a69b28368db1ebce362723addc172c2cd264cc.,Collection,Data from Cloud Storage,T1530,,CAMP-DEFENSE-005
THR-2026-1623,2026-07-30 17:45:02,Kerberoasting Probe Telemetry #23,CREDENTIAL THREATS,CVE ID,CVE-2026-1188,Unknown Source,D – Reliability Unknown,71,LOW,34,CLOSED,2026-07-29 17:58:22,2026-07-30 17:45:02,Global,Synthetic telemetry record analyzing credential threats activity linked to defensive indicator CVE-2026-1188.,Credential Access,OS Credential Dumping,T1003,CVE-2026-1188,
THR-2026-1624,2026-09-27 22:13:24,Corporate SSO Impersonation Portal #24,PHISHING,IP ADDRESS,192.0.2.15,Unknown Source,D – Reliability Unknown,67,HIGH,79,CLOSED,2026-09-27 15:56:00,2026-09-27 22:13:24,FR,Synthetic telemetry record analyzing phishing activity linked to defensive indicator 192.0.2.15.,,,,,CAMP-DEFENSE-001
THR-2026-1625,2026-07-07 17:54:41,Urgent Security Notification Lure #25,PHISHING,DOMAIN,sub39.cdn-cache.example.com,Unknown Source,D – Reliability Unknown,56,MEDIUM,60,MONITORING,2026-07-07 10:10:30,2026-07-07 17:54:41,AU,Synthetic telemetry record analyzing phishing activity linked to defensive indicator sub39.cdn-cache.example.com.,Initial Access,Phishing: Spearphishing Link,T1566.002,,CAMP-DEFENSE-009
THR-2026-1626,2026-08-26 21:42:13,Edge Gateway Remote Buffer Trigger #26,VULNERABILITY EXPOSURE,IP ADDRESS,192.0.2.198,Research Report,B – Usually Reliable,50,MEDIUM,57,UNDER_REVIEW,2026-08-24 05:38:56,2026-08-26 21:42:13,SG,Synthetic telemetry record analyzing vulnerability exposure activity linked to defensive indicator 192.0.2.198.,,,,CVE-2026-3390,
THR-2026-1627,2026-07-14 22:34:19,Impossible Travel Anomaly #27,ACCOUNT SECURITY,URL,https://invoice-verify.invalid/session/token-exchange?session_id=8503,Internal SOC,A – Highly Reliable,32,LOW,23,MONITORING,2026-07-10 09:12:31,2026-07-14 22:34:19,IN,Synthetic telemetry record analyzing account security activity linked to defensive indicator https://invoice-verify.invalid/session/token-exchange?session_id=8503.,Persistence,Create Account: Local Account,T1136.001,,CAMP-DEFENSE-025
THR-2026-1628,2026-08-22 01:17:14,Legacy WebDAV Exploit Sweep #28,VULNERABILITY EXPOSURE,FILE HASH,3f815747f7a7f07a3aaadac5c4c3add31342785f8f3c221ebd316cef89def62f,Community Submission,C – Fairly Reliable,87,CRITICAL,84,MONITORING,2026-08-19 12:49:36,2026-08-22 01:17:14,AU,Synthetic telemetry record analyzing vulnerability exposure activity linked to defensive indicator 3f815747f7a7f07a3aaadac5c4c3add31342785f8f3c221ebd316cef89def62f.,Initial Access,Exploit Public-Facing Application,T1190,CVE-2026-5512,CAMP-DEFENSE-014
THR-2026-1629,2026-09-21 23:32:32,Port 445 Scanning in Perimeter #29,NETWORK THREATS,CVE ID,CVE-2026-3390,Unknown Source,D – Reliability Unknown,77,MEDIUM,44,UNDER_REVIEW,2026-09-17 22:04:01,2026-09-21 23:32:32,AU,Synthetic telemetry record analyzing network threats activity linked to defensive indicator CVE-2026-3390.,Command and Control,Protocol Tunneling,T1572,CVE-2026-3390,
THR-2026-1630,2026-08-02 08:58:51,Kerberoasting Probe Telemetry #30,CREDENTIAL THREATS,FILE HASH,798c0b740005f9a2f8daef5746aedce51398576f324e11a1d73390ca5408e99f,Unknown Source,D – Reliability Unknown,88,HIGH,73,NEW,2026-08-02 06:01:54,2026-08-02 08:58:51,GB,Synthetic telemetry record analyzing credential threats activity linked to defensive indicator 798c0b740005f9a2f8daef5746aedce51398576f324e11a1d73390ca5408e99f.,Credential Access,Credentials in Files,T1552.001,,
THR-2026-1631,2026-07-18 15:03:37,Unauthenticated Deserialization Scan #31,VULNERABILITY EXPOSURE,FILE HASH,9ae9182194ae185b41cd551c94b159ccd9d0fdf92a318a43c42bc7e3714a21db,Community Submission,C – Fairly Reliable,73,MEDIUM,47,UNDER_REVIEW,2026-07-16 01:16:30,2026-07-18 15:03:37,FR,Synthetic telemetry record analyzing vulnerability exposure activity linked to defensive indicator 9ae9182194ae185b41cd551c94b159ccd9d0fdf92a318a43c42bc7e3714a21db.,Initial Access,Exploit Public-Facing Application,T1190,CVE-2026-7734,
THR-2026-1632,2026-10-01 06:08:31,MFA Fatigue Authentication Surge #32,ACCOUNT SECURITY,CVE ID,CVE-2026-6623,Community Submission,C – Fairly Reliable,81,MEDIUM,51,UNDER_REVIEW,2026-09-29 19:10:11,2026-10-01 06:08:31,AU,Synthetic telemetry record analyzing account security activity linked to defensive indicator CVE-2026-6623.,Persistence,Account Manipulation: Additional Credentials,T1098.001,CVE-2026-6623,CAMP-DEFENSE-016
THR-2026-1633,2026-09-29 01:47:41,Anomalous SSH Bastion Brute Force #33,NETWORK THREATS,EMAIL/SENDER DOMAIN,security-admin@corporate-demo.invalid,Public Threat Feed,B – Usually Reliable,93,CRITICAL,92,CLOSED,2026-09-24 21:09:43,2026-09-29 01:47:41,DE,Synthetic telemetry record analyzing network threats activity linked to defensive indicator security-admin@corporate-demo.invalid.,Command and Control,Protocol Tunneling,T1572,CVE-2026-2189,
THR-2026-1634,2026-08-12 17:49:17,QR Code Phishing (Quishing) Test #34,SOCIAL ENGINEERING,IP ADDRESS,198.51.100.85,Research Report,B – Usually Reliable,57,INFORMATIONAL,9,NEW,2026-08-11 19:12:18,2026-08-12 17:49:17,DE,Synthetic telemetry record analyzing social engineering activity linked to defensive indicator 198.51.100.85.,Execution,User Execution: Malicious Link,T1204.001,,
THR-2026-1635,2026-07-14 19:56:03,Memory Injection Testing Stub #35,MALWARE,URL,https://security-alert.example.net/update/agent-installer?session_id=1645,Internal SOC,A – Highly Reliable,36,INFORMATIONAL,10,UNDER_REVIEW,2026-07-13 00:36:25,2026-07-14 19:56:03,SG,Synthetic telemetry record analyzing malware activity linked to defensive indicator https://security-alert.example.net/update/agent-installer?session_id=1645.,Command and Control,Application Layer Protocol,T1071,,
THR-2026-1636,2026-09-29 19:39:13,Executive Pretexting Call Campaign #36,SOCIAL ENGINEERING,IP ADDRESS,203.0.113.60,Unknown Source,D – Reliability Unknown,36,LOW,24,UNDER_REVIEW,2026-09-29 02:41:53,2026-09-29 19:39:13,CA,Synthetic telemetry record analyzing social engineering activity linked to defensive indicator 203.0.113.60.,Initial Access,Replication Through Removable Media,T1091,,CAMP-DEFENSE-021
THR-2026-1637,2026-08-04 11:59:13,Cross-Site Scripting Injection Probe #37,WEB THREATS,DOMAIN,sub12.doc-share.example.org,Unknown Source,D – Reliability Unknown,77,CRITICAL,86,MONITORING,2026-08-02 18:37:53,2026-08-04 11:59:13,AU,Synthetic telemetry record analyzing web threats activity linked to defensive indicator sub12.doc-share.example.org.,Collection,Automated Collection: Web Scraping,T1119,,
THR-2026-1638,2026-08-04 21:01:33,VSS Shadow Copy Invalidation Stub #38,RANSOMWARE,IP ADDRESS,192.0.2.201,Research Report,B – Usually Reliable,80,LOW,29,UNDER_REVIEW,2026-08-04 18:38:54,2026-08-04 21:01:33,SG,Synthetic telemetry record analyzing ransomware activity linked to defensive indicator 192.0.2.201.,Infiltration,Lateral Movement: SMB/Windows Admin Shares,T1021.002,,
THR-2026-1639,2026-08-05 05:24:08,Compromised Service Account Pattern #39,CREDENTIAL THREATS,FILE HASH,f3fd809cb5b25beebf0c3d5d457da4ac422c00904d4d99b498642b113eef7e3d,Unknown Source,D – Reliability Unknown,76,MEDIUM,51,UNDER_REVIEW,2026-07-31 06:06:19,2026-08-05 05:24:08,BR,Synthetic telemetry record analyzing credential threats activity linked to defensive indicator f3fd809cb5b25beebf0c3d5d457da4ac422c00904d4d99b498642b113eef7e3d.,Credential Access,Credentials in Files,T1552.001,,
THR-2026-1640,2026-07-28 13:20:55,Dormant Administrator Account Activation #40,ACCOUNT SECURITY,URL,https://doc-share.example.org/secure/portal/auth?session_id=5189,Internal SOC,A – Highly Reliable,68,MEDIUM,47,MONITORING,2026-07-25 20:13:07,2026-07-28 13:20:55,AU,Synthetic telemetry record analyzing account security activity linked to defensive indicator https://doc-share.example.org/secure/portal/auth?session_id=5189.,Defense Evasion,Valid Accounts: Cloud Accounts,T1078.004,,CAMP-DEFENSE-011
THR-2026-1641,2026-07-09 22:28:20,Public Facing API Auth Bypass #41,VULNERABILITY EXPOSURE,EMAIL/SENDER DOMAIN,payroll-alert@corporate-demo.invalid,Public Threat Feed,B – Usually Reliable,77,MEDIUM,49,NEW,2026-07-07 08:46:43,2026-07-09 22:28:20,BR,Synthetic telemetry record analyzing vulnerability exposure activity linked to defensive indicator payroll-alert@corporate-demo.invalid.,Privilege Escalation,Exploitation for Privilege Escalation,T1068,CVE-2026-9956,
THR-2026-1642,2026-07-18 12:12:25,Misconfigured Cloud Bucket Scraping #42,DATA EXPOSURE,FILE HASH,0fbfec6264324c72927d4013a9bcbbb6d908447a61d955d60ac9e7d8bca3c27d,Research Report,B – Usually Reliable,86,CRITICAL,90,UNDER_REVIEW,2026-07-17 10:18:25,2026-07-18 12:12:25,FR,Synthetic telemetry record analyzing data exposure activity linked to defensive indicator 0fbfec6264324c72927d4013a9bcbbb6d908447a61d955d60ac9e7d8bca3c27d.,Exfiltration,Exfiltration Over Web Service,T1567,CVE-2026-8845,
THR-2026-1643,2026-08-11 21:30:15,Impossible Travel Anomaly #43,ACCOUNT SECURITY,URL,https://telemetry-sync.example.net/auth/login-redirect?session_id=7693,Community Submission,C – Fairly Reliable,60,MEDIUM,50,UNDER_REVIEW,2026-08-08 14:40:40,2026-08-11 21:30:15,SG,Synthetic telemetry record analyzing account security activity linked to defensive indicator https://telemetry-sync.example.net/auth/login-redirect?session_id=7693.,Persistence,Create Account: Local Account,T1136.001,,
THR-2026-1644,2026-07-21 10:08:45,Fake Invoice Redirector #44,PHISHING,CVE ID,CVE-2026-8845,Public Threat Feed,B – Usually Reliable,65,HIGH,80,NEW,2026-07-19 14:48:16,2026-07-21 10:08:45,JP,Synthetic telemetry record analyzing phishing activity linked to defensive indicator CVE-2026-8845.,Initial Access,Phishing: Spearphishing Attachment,T1566.001,CVE-2026-8845,CAMP-DEFENSE-001
THR-2026-1645,2026-08-20 07:03:00,ShadowLocker Ransomware Activity #45,RANSOMWARE,EMAIL/SENDER DOMAIN,hr-notices@example.com,Unknown Source,D – Reliability Unknown,87,HIGH,65,UNDER_REVIEW,2026-08-19 03:46:37,2026-08-20 07:03:00,NL,Synthetic telemetry record analyzing ransomware activity linked to defensive indicator hr-notices@example.com.,Infiltration,Lateral Movement: SMB/Windows Admin Shares,T1021.002,,
THR-2026-1646,2026-09-01 04:37:33,Sensitive API Endpoint Exposure #46,DATA EXPOSURE,IP ADDRESS,192.0.2.108,Security Vendor,A – Highly Reliable,73,LOW,22,NEW,2026-08-27 05:29:21,2026-09-01 04:37:33,FR,Synthetic telemetry record analyzing data exposure activity linked to defensive indicator 192.0.2.108.,,,,,CAMP-DEFENSE-011
THR-2026-1647,2026-09-18 19:06:46,Generic Modular Loader Simulation #47,MALWARE,URL,https://telemetry-sync.example.net/api/v1/health-check?session_id=4718,Internal SOC,A – Highly Reliable,44,LOW,28,NEW,2026-09-16 11:26:00,2026-09-18 19:06:46,DE,Synthetic telemetry record analyzing malware activity linked to defensive indicator https://telemetry-sync.example.net/api/v1/health-check?session_id=4718.,Command and Control,Application Layer Protocol,T1071,,
THR-2026-1648,2026-07-03 23:27:58,Admin Share Lateral Probe #48,RANSOMWARE,DOMAIN,sub83.login-check.invalid,Public Threat Feed,B – Usually Reliable,61,MEDIUM,55,CLOSED,2026-07-03 03:26:30,2026-07-03 23:27:58,DE,Synthetic telemetry record analyzing ransomware activity linked to defensive indicator sub83.login-check.invalid.,,,,,
THR-2026-1649,2026-08-14 19:14:39,Spear-Phishing Credential Harvester #49,PHISHING,EMAIL/SENDER DOMAIN,support-desk@corporate-demo.invalid,Security Vendor,A – Highly Reliable,63,MEDIUM,52,FALSE_POSITIVE,2026-08-12 00:45:48,2026-08-14 19:14:39,IN,Synthetic telemetry record analyzing phishing activity linked to defensive indicator support-desk@corporate-demo.invalid.,Initial Access,Phishing: Spearphishing Link,T1566.002,,
THR-2026-1650,2026-07-12 05:42:35,Compromised Service Account Pattern #50,CREDENTIAL THREATS,URL,https://auth-gateway.example.com/download/security-patch.bin?session_id=8809,Unknown Source,D – Reliability Unknown,84,HIGH,71,UNDER_REVIEW,2026-07-10 17:10:39,2026-07-12 05:42:35,GB,Synthetic telemetry record analyzing credential threats activity linked to defensive indicator https://auth-gateway.example.com/download/security-patch.bin?session_id=8809.,Credential Access,Credentials in Files,T1552.001,,CAMP-DEFENSE-025
THR-2026-1651,2026-09-09 01:42:01,Sensitive API Endpoint Exposure #51,DATA EXPOSURE,IP ADDRESS,198.51.100.117,Security Vendor,A – Highly Reliable,25,INFORMATIONAL,9,MONITORING,2026-09-07 19:40:43,2026-09-09 01:42:01,Global,Synthetic telemetry record analyzing data exposure activity linked to defensive indicator 198.51.100.117.,Exfiltration,Exfiltration Over Alternative Protocol,T1048,,
THR-2026-1652,2026-08-16 03:15:02,Unauthenticated Deserialization Scan #52,VULNERABILITY EXPOSURE,URL,https://auth-gateway.example.com/auth/login-redirect?session_id=7951,Internal SOC,A – Highly Reliable,70,MEDIUM,55,UNDER_REVIEW,2026-08-13 12:09:51,2026-08-16 03:15:02,DE,Synthetic telemetry record analyzing vulnerability exposure activity linked to defensive indicator https://auth-gateway.example.com/auth/login-redirect?session_id=7951.,Lateral Movement,Exploitation of Remote Services,T1210,CVE-2026-1188,
THR-2026-1653,2026-07-10 08:14:57,MFA Fatigue Authentication Surge #53,ACCOUNT SECURITY,FILE HASH,e0f3662535954518f9a9873abc08f7faa972abc0bddf621757b76aec5ee49e3f,Security Vendor,A – Highly Reliable,93,CRITICAL,94,MONITORING,2026-07-07 08:31:25,2026-07-10 08:14:57,GB,Synthetic telemetry record analyzing account security activity linked to defensive indicator e0f3662535954518f9a9873abc08f7faa972abc0bddf621757b76aec5ee49e3f.,Persistence,Account Manipulation: Additional Credentials,T1098.001,,CAMP-DEFENSE-011
THR-2026-1654,2026-07-08 02:57:56,Public Facing API Auth Bypass #54,VULNERABILITY EXPOSURE,FILE HASH,d3f0b36360915436715d2ffc4eeb25135e6385f718be7f9e201aefb30012a9b1,Internal SOC,A – Highly Reliable,79,LOW,28,UNDER_REVIEW,2026-07-03 08:41:37,2026-07-08 02:57:56,DE,Synthetic telemetry record analyzing vulnerability exposure activity linked to defensive indicator d3f0b36360915436715d2ffc4eeb25135e6385f718be7f9e201aefb30012a9b1.,Lateral Movement,Exploitation of Remote Services,T1210,CVE-2026-9956,
THR-2026-1655,2026-09-18 06:12:33,SQLi Pattern on Public Gateway #55,WEB THREATS,CVE ID,CVE-2026-3390,Internal SOC,A – Highly Reliable,53,LOW,30,MONITORING,2026-09-15 05:16:20,2026-09-18 06:12:33,DE,Synthetic telemetry record analyzing web threats activity linked to defensive indicator CVE-2026-3390.,,,,CVE-2026-3390,
THR-2026-1656,2026-08-22 14:52:57,Kerberoasting Probe Telemetry #56,CREDENTIAL THREATS,URL,https://update-service.example.org/secure/portal/auth?session_id=6927,Public Threat Feed,B – Usually Reliable,52,MEDIUM,43,MONITORING,2026-08-20 06:53:44,2026-08-22 14:52:57,DE,Synthetic telemetry record analyzing credential threats activity linked to defensive indicator https://update-service.example.org/secure/portal/auth?session_id=6927.,Credential Access,OS Credential Dumping,T1003,,
THR-2026-1657,2026-09-04 10:08:38,Exfiltration via Public Cloud Storage #57,DATA EXPOSURE,CVE ID,CVE-2026-3390,Unknown Source,D – Reliability Unknown,50,MEDIUM,48,MONITORING,2026-09-02 05:50:18,2026-09-04 10:08:38,DE,Synthetic telemetry record analyzing data exposure activity linked to defensive indicator CVE-2026-3390.,Collection,Data from Cloud Storage,T1530,CVE-2026-3390,
THR-2026-1658,2026-08-09 18:22:56,InfoStealer Demo Artifact #58,MALWARE,URL,https://login-check.invalid/update/agent-installer?session_id=3409,Unknown Source,D – Reliability Unknown,82,CRITICAL,85,NEW,2026-08-05 00:32:07,2026-08-09 18:22:56,FR,Synthetic telemetry record analyzing malware activity linked to defensive indicator https://login-check.invalid/update/agent-installer?session_id=3409.,Defense Evasion,Obfuscated Files or Information,T1027,,
THR-2026-1659,2026-09-23 19:41:47,Encrypted Payload Delivery Simulation #59,MALWARE,FILE HASH,111cda53bbe555cdaf186c9946d90b19955aaaa71c588e35457f18745abf8467,Community Submission,C – Fairly Reliable,84,MEDIUM,48,CLOSED,2026-09-23 13:16:03,2026-09-23 19:41:47,CA,Synthetic telemetry record analyzing malware activity linked to defensive indicator 111cda53bbe555cdaf186c9946d90b19955aaaa71c588e35457f18745abf8467.,Execution,User Execution: Malicious File,T1204.002,,CAMP-DEFENSE-019
THR-2026-1660,2026-07-23 08:57:24,Password Spraying against ADFS Demo #60,CREDENTIAL THREATS,CVE ID,CVE-2026-8845,Research Report,B – Usually Reliable,56,INFORMATIONAL,9,UNDER_REVIEW,2026-07-22 19:17:16,2026-07-23 08:57:24,SG,Synthetic telemetry record analyzing credential threats activity linked to defensive indicator CVE-2026-8845.,Credential Access,OS Credential Dumping,T1003,CVE-2026-8845,CAMP-DEFENSE-021
THR-2026-1661,2026-09-26 17:18:24,Password Spraying against ADFS Demo #61,CREDENTIAL THREATS,IP ADDRESS,198.51.100.71,Public Threat Feed,B – Usually Reliable,79,LOW,25,MONITORING,2026-09-22 16:14:35,2026-09-26 17:18:24,NL,Synthetic telemetry record analyzing credential threats activity linked to defensive indicator 198.51.100.71.,Credential Access,Credentials in Files,T1552.001,,CAMP-DEFENSE-016
THR-2026-1662,2026-09-16 00:35:24,SQLi Pattern on Public Gateway #62,WEB THREATS,CVE ID,CVE-2026-5512,Internal SOC,A – Highly Reliable,48,MEDIUM,53,MONITORING,2026-09-14 10:38:42,2026-09-16 00:35:24,JP,Synthetic telemetry record analyzing web threats activity linked to defensive indicator CVE-2026-5512.,Initial Access,Exploit Public-Facing Application,T1190,CVE-2026-5512,CAMP-DEFENSE-025
THR-2026-1663,2026-08-31 00:47:09,Unauthenticated Deserialization Scan #63,VULNERABILITY EXPOSURE,CVE ID,CVE-2026-9956,Unknown Source,D – Reliability Unknown,60,MEDIUM,45,CLOSED,2026-08-27 21:44:02,2026-08-31 00:47:09,CA,Synthetic telemetry record analyzing vulnerability exposure activity linked to defensive indicator CVE-2026-9956.,Lateral Movement,Exploitation of Remote Services,T1210,CVE-2026-9956,CAMP-DEFENSE-003
THR-2026-1664,2026-09-22 07:33:44,Admin Share Lateral Probe #64,RANSOMWARE,IP ADDRESS,192.0.2.224,Public Threat Feed,B – Usually Reliable,79,MEDIUM,44,UNDER_REVIEW,2026-09-21 02:12:51,2026-09-22 07:33:44,Global,Synthetic telemetry record analyzing ransomware activity linked to defensive indicator 192.0.2.224.,Impact,Data Encrypted for Impact,T1486,CVE-2026-4401,
THR-2026-1665,2026-09-13 14:34:52,Password Spraying against ADFS Demo #65,CREDENTIAL THREATS,DOMAIN,service.security-alert.example.net,Unknown Source,D – Reliability Unknown,76,HIGH,73,UNDER_REVIEW,2026-09-09 22:50:11,2026-09-13 14:34:52,NL,Synthetic telemetry record analyzing credential threats activity linked to defensive indicator service.security-alert.example.net.,,,,,
THR-2026-1666,2026-07-26 22:41:18,Misconfigured Cloud Bucket Scraping #66,DATA EXPOSURE,EMAIL/SENDER DOMAIN,billing-verify@corporate-demo.invalid,Security Vendor,A – Highly Reliable,82,MEDIUM,57,NEW,2026-07-23 22:39:37,2026-07-26 22:41:18,SG,Synthetic telemetry record analyzing data exposure activity linked to defensive indicator billing-verify@corporate-demo.invalid.,Collection,Data from Cloud Storage,T1530,,
THR-2026-1667,2026-09-22 08:26:14,ShadowLocker Ransomware Activity #67,RANSOMWARE,IP ADDRESS,198.51.100.179,Unknown Source,D – Reliability Unknown,74,MEDIUM,41,CLOSED,2026-09-22 02:23:41,2026-09-22 08:26:14,Global,Synthetic telemetry record analyzing ransomware activity linked to defensive indicator 198.51.100.179.,,,,,
THR-2026-1668,2026-09-11 20:03:58,Unencrypted Diagnostic Log Leak #68,DATA EXPOSURE,EMAIL/SENDER DOMAIN,support-desk@example.com,Security Vendor,A – Highly Reliable,82,MEDIUM,44,UNDER_REVIEW,2026-09-11 19:17:45,2026-09-11 20:03:58,AU,Synthetic telemetry record analyzing data exposure activity linked to defensive indicator support-desk@example.com.,Collection,Data from Cloud Storage,T1530,,
THR-2026-1669,2026-08-31 09:07:58,Impossible Travel Anomaly #69,ACCOUNT SECURITY,FILE HASH,82253574f58f276e826723949148cf6121eb4f5c0e365da02f1a80b5cd2a19de,Research Report,B – Usually Reliable,59,LOW,26,MONITORING,2026-08-29 10:23:40,2026-08-31 09:07:58,CH,Synthetic telemetry record analyzing account security activity linked to defensive indicator 82253574f58f276e826723949148cf6121eb4f5c0e365da02f1a80b5cd2a19de.,Persistence,Account Manipulation: Additional Credentials,T1098.001,,
THR-2026-1670,2026-09-09 16:39:32,Exfiltration via Public Cloud Storage #70,DATA EXPOSURE,EMAIL/SENDER DOMAIN,security-admin@example.org,Research Report,B – Usually Reliable,78,LOW,33,UNDER_REVIEW,2026-09-07 22:08:02,2026-09-09 16:39:32,NL,Synthetic telemetry record analyzing data exposure activity linked to defensive indicator security-admin@example.org.,Exfiltration,Exfiltration Over Alternative Protocol,T1048,,
THR-2026-1671,2026-08-19 08:38:22,Watering Hole Redirector Demo #71,SOCIAL ENGINEERING,IP ADDRESS,192.0.2.140,Community Submission,C – Fairly Reliable,93,CRITICAL,86,MONITORING,2026-08-17 22:15:36,2026-08-19 08:38:22,BR,Synthetic telemetry record analyzing social engineering activity linked to defensive indicator 192.0.2.140.,,,,,
THR-2026-1672,2026-07-13 16:30:49,Edge Gateway Remote Buffer Trigger #72,VULNERABILITY EXPOSURE,IP ADDRESS,198.51.100.77,Research Report,B – Usually Reliable,45,MEDIUM,47,UNDER_REVIEW,2026-07-12 19:24:16,2026-07-13 16:30:49,BR,Synthetic telemetry record analyzing vulnerability exposure activity linked to defensive indicator 198.51.100.77.,Lateral Movement,Exploitation of Remote Services,T1210,CVE-2026-2189,CAMP-DEFENSE-015
THR-2026-1673,2026-09-04 17:58:57,Server-Side Request Forgery Pattern #73,WEB THREATS,DOMAIN,sub23.cdn-cache.example.com,Security Vendor,A – Highly Reliable,71,MEDIUM,58,UNDER_REVIEW,2026-09-03 14:46:15,2026-09-04 17:58:57,FR,Synthetic telemetry record analyzing web threats activity linked to defensive indicator sub23.cdn-cache.example.com.,Collection,Automated Collection: Web Scraping,T1119,,CAMP-DEFENSE-009
THR-2026-1674,2026-07-09 23:33:49,MFA Fatigue Authentication Surge #74,ACCOUNT SECURITY,FILE HASH,f5da3d88589715f037725bd0393d3e436b4ffc998be18ed077c7f484e8dbedec,Research Report,B – Usually Reliable,45,MEDIUM,48,MONITORING,2026-07-08 21:35:22,2026-07-09 23:33:49,AU,Synthetic telemetry record analyzing account security activity linked to defensive indicator f5da3d88589715f037725bd0393d3e436b4ffc998be18ed077c7f484e8dbedec.,,,,,
THR-2026-1675,2026-08-10 11:24:47,Synthetic Token Theft Activity #75,CREDENTIAL THREATS,CVE ID,CVE-2026-1042,Public Threat Feed,B – Usually Reliable,91,CRITICAL,84,MONITORING,2026-08-09 13:40:41,2026-08-10 11:24:47,DE,Synthetic telemetry record analyzing credential threats activity linked to defensive indicator CVE-2026-1042.,Credential Access,OS Credential Dumping,T1003,CVE-2026-1042,
THR-2026-1676,2026-09-22 20:22:49,Urgent Security Notification Lure #76,PHISHING,URL,https://login-check.invalid/update/agent-installer?session_id=3378,Community Submission,C – Fairly Reliable,40,LOW,37,NEW,2026-09-20 03:11:39,2026-09-22 20:22:49,BR,Synthetic telemetry record analyzing phishing activity linked to defensive indicator https://login-check.invalid/update/agent-installer?session_id=3378.,Initial Access,Phishing: Spearphishing Link,T1566.002,,CAMP-DEFENSE-018
THR-2026-1677,2026-08-15 01:05:24,Spear-Phishing Credential Harvester #77,PHISHING,FILE HASH,780ad5398c841fdb4c5ece20d5aca72dc7c29b4760f21f80aa7e6ed6b8b71eaa,Research Report,B – Usually Reliable,80,HIGH,77,UNDER_REVIEW,2026-08-11 09:35:54,2026-08-15 01:05:24,SG,Synthetic telemetry record analyzing phishing activity linked to defensive indicator 780ad5398c841fdb4c5ece20d5aca72dc7c29b4760f21f80aa7e6ed6b8b71eaa.,Initial Access,Phishing: Spearphishing Voice,T1566.004,,CAMP-DEFENSE-020
THR-2026-1678,2026-09-06 05:17:08,ShadowLocker Ransomware Activity #78,RANSOMWARE,DOMAIN,service.auth-gateway.example.com,Internal SOC,A – Highly Reliable,71,HIGH,74,NEW,2026-09-01 22:50:44,2026-09-06 05:17:08,AU,Synthetic telemetry record analyzing ransomware activity linked to defensive indicator service.auth-gateway.example.com.,Impact,Data Encrypted for Impact,T1486,,
THR-2026-1679,2026-07-16 12:40:23,Encrypted Payload Delivery Simulation #79,MALWARE,FILE HASH,eadd950a2be39b060e113b045fa1898a4615d85cb5b699b74b8120fddd24c74b,Unknown Source,D – Reliability Unknown,36,LOW,28,FALSE_POSITIVE,2026-07-12 04:50:32,2026-07-16 12:40:23,SG,Synthetic telemetry record analyzing malware activity linked to defensive indicator eadd950a2be39b060e113b045fa1898a4615d85cb5b699b74b8120fddd24c74b.,Execution,User Execution: Malicious File,T1204.002,,CAMP-DEFENSE-015
THR-2026-1680,2026-08-08 16:11:44,Executive Pretexting Call Campaign #80,SOCIAL ENGINEERING,DOMAIN,sub63.auth-gateway.example.com,Research Report,B – Usually Reliable,62,LOW,38,UNDER_REVIEW,2026-08-05 15:08:21,2026-08-08 16:11:44,AU,Synthetic telemetry record analyzing social engineering activity linked to defensive indicator sub63.auth-gateway.example.com.,,,,,
THR-2026-1681,2026-07-19 07:15:06,Sensitive API Endpoint Exposure #81,DATA EXPOSURE,DOMAIN,sub24.telemetry-sync.example.net,Unknown Source,D – Reliability Unknown,67,MEDIUM,56,CLOSED,2026-07-16 19:18:03,2026-07-19 07:15:06,AU,Synthetic telemetry record analyzing data exposure activity linked to defensive indicator sub24.telemetry-sync.example.net.,Collection,Data from Cloud Storage,T1530,,CAMP-DEFENSE-008
THR-2026-1682,2026-09-01 16:50:13,Encrypted Payload Delivery Simulation #82,MALWARE,DOMAIN,service.support-desk.invalid,Community Submission,C – Fairly Reliable,69,HIGH,62,MONITORING,2026-08-29 19:25:46,2026-09-01 16:50:13,SG,Synthetic telemetry record analyzing malware activity linked to defensive indicator service.support-desk.invalid.,Execution,User Execution: Malicious File,T1204.002,,
THR-2026-1683,2026-08-24 11:02:20,Sensitive API Endpoint Exposure #83,DATA EXPOSURE,URL,https://security-alert.example.net/invoice/preview-doc.pdf?session_id=6599,Unknown Source,D – Reliability Unknown,89,HIGH,80,FALSE_POSITIVE,2026-08-19 14:55:00,2026-08-24 11:02:20,IN,Synthetic telemetry record analyzing data exposure activity linked to defensive indicator https://security-alert.example.net/invoice/preview-doc.pdf?session_id=6599.,Exfiltration,Exfiltration Over Web Service,T1567,,
THR-2026-1684,2026-07-20 14:42:05,Admin Share Lateral Probe #84,RANSOMWARE,DOMAIN,sub53.auth-gateway.example.com,Research Report,B – Usually Reliable,65,MEDIUM,46,CLOSED,2026-07-20 06:19:57,2026-07-20 14:42:05,CA,Synthetic telemetry record analyzing ransomware activity linked to defensive indicator sub53.auth-gateway.example.com.,Impact,Data Encrypted for Impact,T1486,,
THR-2026-1685,2026-07-29 18:53:32,Public Facing API Auth Bypass #85,VULNERABILITY EXPOSURE,DOMAIN,sub23.session-manager.invalid,Security Vendor,A – Highly Reliable,34,INFORMATIONAL,17,MONITORING,2026-07-27 18:11:39,2026-07-29 18:53:32,SG,Synthetic telemetry record analyzing vulnerability exposure activity linked to defensive indicator sub23.session-manager.invalid.,Privilege Escalation,Exploitation for Privilege Escalation,T1068,CVE-2026-6623,CAMP-DEFENSE-007
THR-2026-1686,2026-07-23 13:20:37,Compromised Service Account Pattern #86,CREDENTIAL THREATS,IP ADDRESS,198.51.100.100,Security Vendor,A – Highly Reliable,58,INFORMATIONAL,20,MONITORING,2026-07-20 12:58:14,2026-07-23 13:20:37,CH,Synthetic telemetry record analyzing credential threats activity linked to defensive indicator 198.51.100.100.,Credential Access,Credentials in Files,T1552.001,,
THR-2026-1687,2026-09-06 08:43:31,SQLi Pattern on Public Gateway #87,WEB THREATS,URL,https://support-desk.invalid/secure/portal/auth?session_id=3221,Unknown Source,D – Reliability Unknown,83,MEDIUM,60,MONITORING,2026-09-02 17:11:59,2026-09-06 08:43:31,SG,Synthetic telemetry record analyzing web threats activity linked to defensive indicator https://support-desk.invalid/secure/portal/auth?session_id=3221.,Command and Control,Web Service: Dead Drop Resolver,T1102.001,,
THR-2026-1688,2026-09-25 08:01:40,Encrypted Payload Delivery Simulation #88,MALWARE,FILE HASH,b5dee3131d3d3c7682db38d2a67afbed0129e86776f6bf02a1b935784401ad8f,Internal SOC,A – Highly Reliable,76,CRITICAL,96,NEW,2026-09-24 07:17:03,2026-09-25 08:01:40,US,Synthetic telemetry record analyzing malware activity linked to defensive indicator b5dee3131d3d3c7682db38d2a67afbed0129e86776f6bf02a1b935784401ad8f.,Defense Evasion,Obfuscated Files or Information,T1027,CVE-2026-3390,CAMP-DEFENSE-022
THR-2026-1689,2026-07-16 19:31:01,Extortion Double-Dip Campaign #89,RANSOMWARE,URL,https://update-service.example.org/auth/login-redirect?session_id=3797,Unknown Source,D – Reliability Unknown,59,MEDIUM,57,NEW,2026-07-15 11:04:20,2026-07-16 19:31:01,AU,Synthetic telemetry record analyzing ransomware activity linked to defensive indicator https://update-service.example.org/auth/login-redirect?session_id=3797.,Impact,Data Encrypted for Impact,T1486,,
THR-2026-1690,2026-08-03 23:43:11,Anomalous SSH Bastion Brute Force #90,NETWORK THREATS,URL,https://login-check.invalid/download/security-patch.bin?session_id=9917,Internal SOC,A – Highly Reliable,78,LOW,30,NEW,2026-08-02 10:31:10,2026-08-03 23:43:11,NL,Synthetic telemetry record analyzing network threats activity linked to defensive indicator https://login-check.invalid/download/security-patch.bin?session_id=9917.,Command and Control,Protocol Tunneling,T1572,,
THR-2026-1691,2026-08-22 19:56:33,Anomalous SSH Bastion Brute Force #91,NETWORK THREATS,IP ADDRESS,203.0.113.154,Public Threat Feed,B – Usually Reliable,63,HIGH,63,UNDER_REVIEW,2026-08-21 01:49:05,2026-08-22 19:56:33,US,Synthetic telemetry record analyzing network threats activity linked to defensive indicator 203.0.113.154.,Discovery,Network Sniffing,T1040,,CAMP-DEFENSE-011
THR-2026-1692,2026-08-17 19:36:12,Dormant Administrator Account Activation #92,ACCOUNT SECURITY,EMAIL/SENDER DOMAIN,support-desk@example.com,Public Threat Feed,B – Usually Reliable,57,MEDIUM,43,UNDER_REVIEW,2026-08-16 20:30:53,2026-08-17 19:36:12,DE,Synthetic telemetry record analyzing account security activity linked to defensive indicator support-desk@example.com.,Defense Evasion,Valid Accounts: Cloud Accounts,T1078.004,,
THR-2026-1693,2026-08-27 15:45:04,MFA Fatigue Authentication Surge #93,ACCOUNT SECURITY,IP ADDRESS,203.0.113.233,Security Vendor,A – Highly Reliable,70,CRITICAL,83,NEW,2026-08-27 06:37:12,2026-08-27 15:45:04,US,Synthetic telemetry record analyzing account security activity linked to defensive indicator 203.0.113.233.,Defense Evasion,Valid Accounts: Cloud Accounts,T1078.004,,
THR-2026-1694,2026-08-02 15:01:44,ShadowLocker Ransomware Activity #94,RANSOMWARE,DOMAIN,sub58.doc-share.example.org,Community Submission,C – Fairly Reliable,81,MEDIUM,46,NEW,2026-07-28 15:09:05,2026-08-02 15:01:44,BR,Synthetic telemetry record analyzing ransomware activity linked to defensive indicator sub58.doc-share.example.org.,Impact,Data Encrypted for Impact,T1486,,CAMP-DEFENSE-009
THR-2026-1695,2026-07-22 21:14:46,Exfiltration via Public Cloud Storage #95,DATA EXPOSURE,DOMAIN,sub12.support-desk.invalid,Security Vendor,A – Highly Reliable,48,LOW,25,NEW,2026-07-21 08:34:51,2026-07-22 21:14:46,NL,Synthetic telemetry record analyzing data exposure activity linked to defensive indicator sub12.support-desk.invalid.,,,,,CAMP-DEFENSE-024
THR-2026-1696,2026-09-12 13:20:13,Synthetic Token Theft Activity #96,CREDENTIAL THREATS,URL,https://client-token.example.org/invoice/preview-doc.pdf?session_id=4901,Public Threat Feed,B – Usually Reliable,82,CRITICAL,97,MONITORING,2026-09-10 16:49:32,2026-09-12 13:20:13,Global,Synthetic telemetry record analyzing credential threats activity linked to defensive indicator https://client-token.example.org/invoice/preview-doc.pdf?session_id=4901.,Credential Access,Credentials in Files,T1552.001,,CAMP-DEFENSE-014
THR-2026-1697,2026-09-15 10:34:42,Path Traversal Web Probe #97,WEB THREATS,DOMAIN,service.session-manager.invalid,Community Submission,C – Fairly Reliable,80,CRITICAL,98,MONITORING,2026-09-10 17:19:31,2026-09-15 10:34:42,GB,Synthetic telemetry record analyzing web threats activity linked to defensive indicator service.session-manager.invalid.,Collection,Automated Collection: Web Scraping,T1119,,CAMP-DEFENSE-001
THR-2026-1698,2026-07-04 10:23:20,Exfiltration via Public Cloud Storage #98,DATA EXPOSURE,CVE ID,CVE-2026-4401,Community Submission,C – Fairly Reliable,86,HIGH,76,CLOSED,2026-07-01 09:20:08,2026-07-04 10:23:20,JP,Synthetic telemetry record analyzing data exposure activity linked to defensive indicator CVE-2026-4401.,Exfiltration,Exfiltration Over Web Service,T1567,CVE-2026-4401,
THR-2026-1699,2026-08-25 22:04:45,Port 445 Scanning in Perimeter #99,NETWORK THREATS,DOMAIN,service.auth-gateway.example.com,Research Report,B – Usually Reliable,78,MEDIUM,58,UNDER_REVIEW,2026-08-25 16:42:10,2026-08-25 22:04:45,FR,Synthetic telemetry record analyzing network threats activity linked to defensive indicator service.auth-gateway.example.com.,Discovery,Network Service Scanning,T1046,,
THR-2026-1700,2026-07-04 16:18:11,Unencrypted Diagnostic Log Leak #00,DATA EXPOSURE,FILE HASH,e14a817b5af2a3a37830927ebfdbc6aaafebbfebc7e2ce503764e5d49174af57,Public Threat Feed,B – Usually Reliable,69,MEDIUM,53,MONITORING,2026-06-30 23:33:16,2026-07-04 16:18:11,CA,Synthetic telemetry record analyzing data exposure activity linked to defensive indicator e14a817b5af2a3a37830927ebfdbc6aaafebbfebc7e2ce503764e5d49174af57.,Exfiltration,Exfiltration Over Alternative Protocol,T1048,,
THR-2026-1701,2026-07-30 08:40:32,Spear-Phishing Credential Harvester #01,PHISHING,FILE HASH,e9ae88d7ee225c8523bad32a7f3366d273167461d6ed87032fc1d9c64a0690e9,Research Report,B – Usually Reliable,57,INFORMATIONAL,18,CLOSED,2026-07-26 02:03:33,2026-07-30 08:40:32,US,Synthetic telemetry record analyzing phishing activity linked to defensive indicator e9ae88d7ee225c8523bad32a7f3366d273167461d6ed87032fc1d9c64a0690e9.,,,,,
THR-2026-1702,2026-09-01 01:05:16,Password Spraying against ADFS Demo #02,CREDENTIAL THREATS,EMAIL/SENDER DOMAIN,support-desk@corporate-demo.invalid,Internal SOC,A – Highly Reliable,65,MEDIUM,54,UNDER_REVIEW,2026-08-29 15:26:08,2026-09-01 01:05:16,BR,Synthetic telemetry record analyzing credential threats activity linked to defensive indicator support-desk@corporate-demo.invalid.,,,,,
THR-2026-1703,2026-09-07 20:59:07,Encrypted Payload Delivery Simulation #03,MALWARE,FILE HASH,0b58bd76578a07375cc75d185f9d221ffeb4a57b8057576c75f462dca23de8b9,Public Threat Feed,B – Usually Reliable,63,MEDIUM,47,UNDER_REVIEW,2026-09-03 10:34:01,2026-09-07 20:59:07,US,Synthetic telemetry record analyzing malware activity linked to defensive indicator 0b58bd76578a07375cc75d185f9d221ffeb4a57b8057576c75f462dca23de8b9.,Defense Evasion,Obfuscated Files or Information,T1027,,
THR-2026-1704,2026-07-16 06:48:45,SQLi Pattern on Public Gateway #04,WEB THREATS,URL,https://login-check.invalid/api/v1/health-check?session_id=7700,Research Report,B – Usually Reliable,80,CRITICAL,96,UNDER_REVIEW,2026-07-13 09:37:08,2026-07-16 06:48:45,Global,Synthetic telemetry record analyzing web threats activity linked to defensive indicator https://login-check.invalid/api/v1/health-check?session_id=7700.,Initial Access,Exploit Public-Facing Application,T1190,,
THR-2026-1705,2026-08-14 00:50:26,Unencrypted Diagnostic Log Leak #05,DATA EXPOSURE,FILE HASH,8cf9bc846e6f9400623d942e4f0b750fdf7dba5d90b275a1ebd5335974107391,Unknown Source,D – Reliability Unknown,37,LOW,35,CLOSED,2026-08-13 04:42:08,2026-08-14 00:50:26,CH,Synthetic telemetry record analyzing data exposure activity linked to defensive indicator 8cf9bc846e6f9400623d942e4f0b750fdf7dba5d90b275a1ebd5335974107391.,Exfiltration,Exfiltration Over Web Service,T1567,,CAMP-DEFENSE-022
THR-2026-1706,2026-07-14 16:40:58,QR Code Phishing (Quishing) Test #06,SOCIAL ENGINEERING,FILE HASH,bbb44aea4317f7d33b88c8cc0d8ae66d0758e5221b79332757fd9601d34e7ffe,Research Report,B – Usually Reliable,90,CRITICAL,83,MONITORING,2026-07-13 04:34:49,2026-07-14 16:40:58,FR,Synthetic telemetry record analyzing social engineering activity linked to defensive indicator bbb44aea4317f7d33b88c8cc0d8ae66d0758e5221b79332757fd9601d34e7ffe.,Initial Access,Replication Through Removable Media,T1091,,CAMP-DEFENSE-008
THR-2026-1707,2026-09-02 06:31:50,Corporate SSO Impersonation Portal #07,PHISHING,CVE ID,CVE-2026-8845,Security Vendor,A – Highly Reliable,21,INFORMATIONAL,7,UNDER_REVIEW,2026-08-31 12:26:07,2026-09-02 06:31:50,DE,Synthetic telemetry record analyzing phishing activity linked to defensive indicator CVE-2026-8845.,Initial Access,Phishing: Spearphishing Link,T1566.002,CVE-2026-8845,
THR-2026-1708,2026-07-25 01:46:59,OAuth High-Privilege Consent Grant #08,ACCOUNT SECURITY,CVE ID,CVE-2026-8845,Internal SOC,A – Highly Reliable,54,MEDIUM,52,UNDER_REVIEW,2026-07-21 20:39:32,2026-07-25 01:46:59,US,Synthetic telemetry record analyzing account security activity linked to defensive indicator CVE-2026-8845.,Persistence,Create Account: Local Account,T1136.001,CVE-2026-8845,
THR-2026-1709,2026-09-26 16:15:21,Compromised Service Account Pattern #09,CREDENTIAL THREATS,FILE HASH,406cb5b660e7a9e1edf30b18969ff2c0bad88ca4b4af95c49efbf6b117d7379e,Security Vendor,A – Highly Reliable,64,MEDIUM,49,MONITORING,2026-09-25 16:56:22,2026-09-26 16:15:21,CH,Synthetic telemetry record analyzing credential threats activity linked to defensive indicator 406cb5b660e7a9e1edf30b18969ff2c0bad88ca4b4af95c49efbf6b117d7379e.,Credential Access,Brute Force: Password Spraying,T1110.003,,CAMP-DEFENSE-017
THR-2026-1710,2026-07-06 17:49:21,Password Spraying against ADFS Demo #10,CREDENTIAL THREATS,DOMAIN,service.auth-gateway.example.com,Unknown Source,D – Reliability Unknown,50,MEDIUM,54,NEW,2026-07-05 18:16:53,2026-07-06 17:49:21,CA,Synthetic telemetry record analyzing credential threats activity linked to defensive indicator service.auth-gateway.example.com.,Credential Access,Credentials in Files,T1552.001,,
THR-2026-1711,2026-09-15 18:12:25,Server-Side Request Forgery Pattern #11,WEB THREATS,URL,https://cdn-cache.example.com/secure/portal/auth?session_id=8562,Research Report,B – Usually Reliable,55,LOW,28,CLOSED,2026-09-13 16:35:24,2026-09-15 18:12:25,CA,Synthetic telemetry record analyzing web threats activity linked to defensive indicator https://cdn-cache.example.com/secure/portal/auth?session_id=8562.,Collection,Automated Collection: Web Scraping,T1119,,
THR-2026-1712,2026-08-07 04:23:46,Server-Side Request Forgery Pattern #12,WEB THREATS,FILE HASH,e0dfbc720bea3da4fdfb5922d39d853c169e8dd59a38413d44b18b5e4d34e856,Public Threat Feed,B – Usually Reliable,77,MEDIUM,50,UNDER_REVIEW,2026-08-03 18:17:58,2026-08-07 04:23:46,Global,Synthetic telemetry record analyzing web threats activity linked to defensive indicator e0dfbc720bea3da4fdfb5922d39d853c169e8dd59a38413d44b18b5e4d34e856.,Initial Access,Exploit Public-Facing Application,T1190,,
THR-2026-1713,2026-08-20 10:44:20,Path Traversal Web Probe #13,WEB THREATS,IP ADDRESS,192.0.2.122,Research Report,B – Usually Reliable,39,LOW,29,UNDER_REVIEW,2026-08-17 15:49:48,2026-08-20 10:44:20,IN,Synthetic telemetry record analyzing web threats activity linked to defensive indicator 192.0.2.122.,,,,,
THR-2026-1714,2026-09-02 19:26:47,Watering Hole Redirector Demo #14,SOCIAL ENGINEERING,URL,https://telemetry-sync.example.net/session/token-exchange?session_id=2446,Internal SOC,A – Highly Reliable,33,LOW,27,NEW,2026-08-31 10:54:15,2026-09-02 19:26:47,CH,Synthetic telemetry record analyzing social engineering activity linked to defensive indicator https://telemetry-sync.example.net/session/token-exchange?session_id=2446.,Initial Access,Replication Through Removable Media,T1091,,
THR-2026-1715,2026-07-28 01:14:30,Fake Invoice Redirector #15,PHISHING,FILE HASH,25499cda7463c39df20ebbd29a4ce854e718906f57de55b136fca6bdf9437d03,Public Threat Feed,B – Usually Reliable,70,HIGH,69,NEW,2026-07-27 07:14:23,2026-07-28 01:14:30,NL,Synthetic telemetry record analyzing phishing activity linked to defensive indicator 25499cda7463c39df20ebbd29a4ce854e718906f57de55b136fca6bdf9437d03.,Initial Access,Phishing: Spearphishing Attachment,T1566.001,,
THR-2026-1716,2026-08-05 13:30:42,ShadowLocker Ransomware Activity #16,RANSOMWARE,FILE HASH,245475ec95ecced5de594dad374238c737fea50331985445752472877e38c833,Internal SOC,A – Highly Reliable,47,MEDIUM,41,NEW,2026-07-31 23:39:40,2026-08-05 13:30:42,CH,Synthetic telemetry record analyzing ransomware activity linked to defensive indicator 245475ec95ecced5de594dad374238c737fea50331985445752472877e38c833.,Impact,Data Encrypted for Impact,T1486,,
THR-2026-1717,2026-09-24 05:52:25,Synthetic Token Theft Activity #17,CREDENTIAL THREATS,URL,https://support-desk.invalid/api/v1/health-check?session_id=7904,Internal SOC,A – Highly Reliable,82,MEDIUM,59,MONITORING,2026-09-20 19:08:29,2026-09-24 05:52:25,FR,Synthetic telemetry record analyzing credential threats activity linked to defensive indicator https://support-desk.invalid/api/v1/health-check?session_id=7904.,Credential Access,OS Credential Dumping,T1003,,CAMP-DEFENSE-004
THR-2026-1718,2026-08-26 04:41:28,Compromised Service Account Pattern #18,CREDENTIAL THREATS,CVE ID,CVE-2026-9956,Public Threat Feed,B – Usually Reliable,74,HIGH,76,MONITORING,2026-08-25 19:30:40,2026-08-26 04:41:28,BR,Synthetic telemetry record analyzing credential threats activity linked to defensive indicator CVE-2026-9956.,Credential Access,Brute Force: Password Spraying,T1110.003,CVE-2026-9956,
THR-2026-1719,2026-08-01 23:23:13,Corporate SSO Impersonation Portal #19,PHISHING,URL,https://session-manager.invalid/secure/portal/auth?session_id=7743,Research Report,B – Usually Reliable,88,HIGH,78,MONITORING,2026-07-28 16:22:02,2026-08-01 23:23:13,AU,Synthetic telemetry record analyzing phishing activity linked to defensive indicator https://session-manager.invalid/secure/portal/auth?session_id=7743.,,,,,
THR-2026-1720,2026-08-14 23:04:31,ICMP Covert Beaconing Pattern #20,NETWORK THREATS,EMAIL/SENDER DOMAIN,payroll-alert@example.net,Internal SOC,A – Highly Reliable,74,LOW,26,NEW,2026-08-11 20:48:59,2026-08-14 23:04:31,JP,Synthetic telemetry record analyzing network threats activity linked to defensive indicator payroll-alert@example.net.,Discovery,Network Service Scanning,T1046,CVE-2026-3390,
THR-2026-1721,2026-08-14 05:13:09,Corporate SSO Impersonation Portal #21,PHISHING,URL,https://corp-portal-test.invalid/secure/portal/auth?session_id=4964,Community Submission,C – Fairly Reliable,33,LOW,29,UNDER_REVIEW,2026-08-13 08:15:04,2026-08-14 05:13:09,CA,Synthetic telemetry record analyzing phishing activity linked to defensive indicator https://corp-portal-test.invalid/secure/portal/auth?session_id=4964.,Initial Access,Phishing: Spearphishing Link,T1566.002,,
THR-2026-1722,2026-08-12 17:06:55,Path Traversal Web Probe #22,WEB THREATS,FILE HASH,190949b4f0ebf26c7fa041dc751609b147b265e6c39397ceb356380644b1d430,Security Vendor,A – Highly Reliable,51,LOW,37,NEW,2026-08-08 12:33:16,2026-08-12 17:06:55,IN,Synthetic telemetry record analyzing web threats activity linked to defensive indicator 190949b4f0ebf26c7fa041dc751609b147b265e6c39397ceb356380644b1d430.,Collection,Automated Collection: Web Scraping,T1119,,CAMP-DEFENSE-005
THR-2026-1723,2026-09-11 00:07:59,Path Traversal Web Probe #23,WEB THREATS,URL,https://auth-gateway.example.com/verify-account/prompt?session_id=3727,Unknown Source,D – Reliability Unknown,50,MEDIUM,52,UNDER_REVIEW,2026-09-08 11:35:14,2026-09-11 00:07:59,CA,Synthetic telemetry record analyzing web threats activity linked to defensive indicator https://auth-gateway.example.com/verify-account/prompt?session_id=3727.,Command and Control,Web Service: Dead Drop Resolver,T1102.001,,
THR-2026-1724,2026-07-10 17:28:14,Watering Hole Redirector Demo #24,SOCIAL ENGINEERING,URL,https://auth-gateway.example.com/invoice/preview-doc.pdf?session_id=2477,Security Vendor,A – Highly Reliable,54,MEDIUM,41,FALSE_POSITIVE,2026-07-10 08:18:28,2026-07-10 17:28:14,FR,Synthetic telemetry record analyzing social engineering activity linked to defensive indicator https://auth-gateway.example.com/invoice/preview-doc.pdf?session_id=2477.,Execution,User Execution: Malicious Link,T1204.001,,
THR-2026-1725,2026-09-20 15:00:08,Generic Modular Loader Simulation #25,MALWARE,URL,https://telemetry-sync.example.net/api/v1/health-check?session_id=3749,Unknown Source,D – Reliability Unknown,69,LOW,40,MONITORING,2026-09-17 20:57:25,2026-09-20 15:00:08,GB,Synthetic telemetry record analyzing malware activity linked to defensive indicator https://telemetry-sync.example.net/api/v1/health-check?session_id=3749.,,,,,CAMP-DEFENSE-022
THR-2026-1726,2026-07-17 20:17:16,Unencrypted Diagnostic Log Leak #26,DATA EXPOSURE,FILE HASH,65170d95789bd6d9760596500dce1b1a3fd51608d5943e62707417e8b0d8b305,Community Submission,C – Fairly Reliable,52,LOW,35,MONITORING,2026-07-12 23:31:39,2026-07-17 20:17:16,FR,Synthetic telemetry record analyzing data exposure activity linked to defensive indicator 65170d95789bd6d9760596500dce1b1a3fd51608d5943e62707417e8b0d8b305.,Exfiltration,Exfiltration Over Web Service,T1567,,CAMP-DEFENSE-004
THR-2026-1727,2026-07-24 12:06:34,MFA Fatigue Authentication Surge #27,ACCOUNT SECURITY,IP ADDRESS,203.0.113.229,Unknown Source,D – Reliability Unknown,72,CRITICAL,98,FALSE_POSITIVE,2026-07-20 20:13:43,2026-07-24 12:06:34,JP,Synthetic telemetry record analyzing account security activity linked to defensive indicator 203.0.113.229.,Defense Evasion,Valid Accounts: Cloud Accounts,T1078.004,,CAMP-DEFENSE-020
THR-2026-1728,2026-08-10 16:38:03,Extortion Double-Dip Campaign #28,RANSOMWARE,IP ADDRESS,203.0.113.156,Public Threat Feed,B – Usually Reliable,67,LOW,22,NEW,2026-08-06 23:17:12,2026-08-10 16:38:03,JP,Synthetic telemetry record analyzing ransomware activity linked to defensive indicator 203.0.113.156.,Impact,Data Encrypted for Impact,T1486,,
THR-2026-1729,2026-09-23 09:28:11,Encrypted Payload Delivery Simulation #29,MALWARE,IP ADDRESS,198.51.100.186,Research Report,B – Usually Reliable,53,LOW,32,NEW,2026-09-22 03:32:05,2026-09-23 09:28:11,JP,Synthetic telemetry record analyzing malware activity linked to defensive indicator 198.51.100.186.,Execution,User Execution: Malicious File,T1204.002,,CAMP-DEFENSE-002
THR-2026-1730,2026-08-01 22:17:59,Urgent Security Notification Lure #30,PHISHING,FILE HASH,8d538f34df46dde1627c1e79112fb18054be1d063f2738d619e26a43eb910080,Internal SOC,A – Highly Reliable,43,INFORMATIONAL,18,UNDER_REVIEW,2026-08-01 10:19:22,2026-08-01 22:17:59,NL,Synthetic telemetry record analyzing phishing activity linked to defensive indicator 8d538f34df46dde1627c1e79112fb18054be1d063f2738d619e26a43eb910080.,Initial Access,Phishing: Spearphishing Attachment,T1566.001,,CAMP-DEFENSE-015
THR-2026-1731,2026-08-09 04:25:55,Cross-Site Scripting Injection Probe #31,WEB THREATS,URL,https://corp-portal-test.invalid/download/security-patch.bin?session_id=4010,Community Submission,C – Fairly Reliable,80,CRITICAL,89,CLOSED,2026-08-08 11:28:08,2026-08-09 04:25:55,US,Synthetic telemetry record analyzing web threats activity linked to defensive indicator https://corp-portal-test.invalid/download/security-patch.bin?session_id=4010.,Collection,Automated Collection: Web Scraping,T1119,,CAMP-DEFENSE-020
THR-2026-1732,2026-07-05 00:24:00,Public Facing API Auth Bypass #32,VULNERABILITY EXPOSURE,IP ADDRESS,203.0.113.192,Research Report,B – Usually Reliable,48,MEDIUM,41,NEW,2026-07-03 02:44:09,2026-07-05 00:24:00,GB,Synthetic telemetry record analyzing vulnerability exposure activity linked to defensive indicator 203.0.113.192.,Lateral Movement,Exploitation of Remote Services,T1210,CVE-2026-9956,
THR-2026-1733,2026-07-19 05:14:53,Memory Injection Testing Stub #33,MALWARE,FILE HASH,e34b7c0c4d768348ec77c0adec49ce253fee892f5f8276a10964631797d5a9af,Research Report,B – Usually Reliable,70,LOW,23,MONITORING,2026-07-14 14:14:29,2026-07-19 05:14:53,IN,Synthetic telemetry record analyzing malware activity linked to defensive indicator e34b7c0c4d768348ec77c0adec49ce253fee892f5f8276a10964631797d5a9af.,Defense Evasion,Obfuscated Files or Information,T1027,,
THR-2026-1734,2026-08-14 18:03:39,Dormant Administrator Account Activation #34,ACCOUNT SECURITY,FILE HASH,e88ece740cde86caf577516bed5aece5f1eea205ae8648f15b4877e699c64930,Internal SOC,A – Highly Reliable,45,MEDIUM,43,MONITORING,2026-08-11 14:17:23,2026-08-14 18:03:39,CA,Synthetic telemetry record analyzing account security activity linked to defensive indicator e88ece740cde86caf577516bed5aece5f1eea205ae8648f15b4877e699c64930.,,,,,CAMP-DEFENSE-021
THR-2026-1735,2026-09-13 05:24:41,ShadowLocker Ransomware Activity #35,RANSOMWARE,DOMAIN,sub68.login-check.invalid,Unknown Source,D – Reliability Unknown,37,INFORMATIONAL,19,MONITORING,2026-09-12 11:55:10,2026-09-13 05:24:41,GB,Synthetic telemetry record analyzing ransomware activity linked to defensive indicator sub68.login-check.invalid.,Impact,Inhibit System Recovery,T1490,,CAMP-DEFENSE-007
THR-2026-1736,2026-07-12 07:40:20,OAuth High-Privilege Consent Grant #36,ACCOUNT SECURITY,URL,https://auth-gateway.example.com/session/token-exchange?session_id=6483,Security Vendor,A – Highly Reliable,71,LOW,37,CLOSED,2026-07-08 06:18:14,2026-07-12 07:40:20,US,Synthetic telemetry record analyzing account security activity linked to defensive indicator https://auth-gateway.example.com/session/token-exchange?session_id=6483.,,,,,
THR-2026-1737,2026-09-15 17:15:03,Public Facing API Auth Bypass #37,VULNERABILITY EXPOSURE,IP ADDRESS,198.51.100.142,Internal SOC,A – Highly Reliable,56,LOW,21,MONITORING,2026-09-11 01:00:52,2026-09-15 17:15:03,US,Synthetic telemetry record analyzing vulnerability exposure activity linked to defensive indicator 198.51.100.142.,Privilege Escalation,Exploitation for Privilege Escalation,T1068,CVE-2026-8845,CAMP-DEFENSE-013
THR-2026-1738,2026-08-05 06:27:50,Dormant Administrator Account Activation #38,ACCOUNT SECURITY,IP ADDRESS,198.51.100.223,Internal SOC,A – Highly Reliable,72,MEDIUM,51,UNDER_REVIEW,2026-07-31 09:49:03,2026-08-05 06:27:50,AU,Synthetic telemetry record analyzing account security activity linked to defensive indicator 198.51.100.223.,Persistence,Create Account: Local Account,T1136.001,,CAMP-DEFENSE-013
THR-2026-1739,2026-07-10 00:03:09,ShadowLocker Ransomware Activity #39,RANSOMWARE,DOMAIN,sub72.security-alert.example.net,Community Submission,C – Fairly Reliable,73,HIGH,72,UNDER_REVIEW,2026-07-07 18:55:01,2026-07-10 00:03:09,AU,Synthetic telemetry record analyzing ransomware activity linked to defensive indicator sub72.security-alert.example.net.,Impact,Inhibit System Recovery,T1490,,CAMP-DEFENSE-007
THR-2026-1740,2026-07-21 10:53:29,ShadowLocker Ransomware Activity #40,RANSOMWARE,DOMAIN,sub12.auth-gateway.example.com,Internal SOC,A – Highly Reliable,62,MEDIUM,41,CLOSED,2026-07-17 02:42:54,2026-07-21 10:53:29,Global,Synthetic telemetry record analyzing ransomware activity linked to defensive indicator sub12.auth-gateway.example.com.,Impact,Inhibit System Recovery,T1490,,
THR-2026-1741,2026-09-29 19:37:08,MFA Fatigue Authentication Surge #41,ACCOUNT SECURITY,EMAIL/SENDER DOMAIN,billing-verify@example.org,Community Submission,C – Fairly Reliable,87,HIGH,69,MONITORING,2026-09-28 04:06:23,2026-09-29 19:37:08,CH,Synthetic telemetry record analyzing account security activity linked to defensive indicator billing-verify@example.org.,Persistence,Create Account: Local Account,T1136.001,,
THR-2026-1742,2026-08-20 23:57:50,OAuth High-Privilege Consent Grant #42,ACCOUNT SECURITY,URL,https://corp-portal-test.invalid/download/security-patch.bin?session_id=2999,Public Threat Feed,B – Usually Reliable,34,INFORMATIONAL,16,CLOSED,2026-08-18 04:21:39,2026-08-20 23:57:50,CA,Synthetic telemetry record analyzing account security activity linked to defensive indicator https://corp-portal-test.invalid/download/security-patch.bin?session_id=2999.,Persistence,Account Manipulation: Additional Credentials,T1098.001,,
THR-2026-1743,2026-09-01 12:36:43,Compromised Service Account Pattern #43,CREDENTIAL THREATS,CVE ID,CVE-2026-9956,Community Submission,C – Fairly Reliable,76,MEDIUM,53,MONITORING,2026-08-31 10:05:04,2026-09-01 12:36:43,BR,Synthetic telemetry record analyzing credential threats activity linked to defensive indicator CVE-2026-9956.,,,,CVE-2026-9956,CAMP-DEFENSE-017
THR-2026-1744,2026-08-28 03:42:59,Sensitive API Endpoint Exposure #44,DATA EXPOSURE,CVE ID,CVE-2026-9956,Public Threat Feed,B – Usually Reliable,68,MEDIUM,46,CLOSED,2026-08-24 20:25:01,2026-08-28 03:42:59,FR,Synthetic telemetry record analyzing data exposure activity linked to defensive indicator CVE-2026-9956.,Collection,Data from Cloud Storage,T1530,CVE-2026-9956,
THR-2026-1745,2026-07-24 23:31:45,Admin Share Lateral Probe #45,RANSOMWARE,CVE ID,CVE-2026-9956,Internal SOC,A – Highly Reliable,53,LOW,28,UNDER_REVIEW,2026-07-24 10:14:07,2026-07-24 23:31:45,BR,Synthetic telemetry record analyzing ransomware activity linked to defensive indicator CVE-2026-9956.,Infiltration,Lateral Movement: SMB/Windows Admin Shares,T1021.002,CVE-2026-9956,
THR-2026-1746,2026-08-17 19:08:12,Public Facing API Auth Bypass #46,VULNERABILITY EXPOSURE,FILE HASH,5d39b02edda56cd7cc149fb62dd3b9e17f6704c9ef5585c1e5c5308edcbe73ff,Unknown Source,D – Reliability Unknown,80,CRITICAL,89,MONITORING,2026-08-17 16:55:13,2026-08-17 19:08:12,IN,Synthetic telemetry record analyzing vulnerability exposure activity linked to defensive indicator 5d39b02edda56cd7cc149fb62dd3b9e17f6704c9ef5585c1e5c5308edcbe73ff.,Initial Access,Exploit Public-Facing Application,T1190,CVE-2026-8845,
THR-2026-1747,2026-08-05 02:58:53,QR Code Phishing (Quishing) Test #47,SOCIAL ENGINEERING,URL,https://update-service.example.org/download/security-patch.bin?session_id=4785,Public Threat Feed,B – Usually Reliable,66,MEDIUM,52,UNDER_REVIEW,2026-08-04 17:14:32,2026-08-05 02:58:53,JP,Synthetic telemetry record analyzing social engineering activity linked to defensive indicator https://update-service.example.org/download/security-patch.bin?session_id=4785.,Initial Access,Replication Through Removable Media,T1091,,
THR-2026-1748,2026-08-05 03:07:17,Memory Injection Testing Stub #48,MALWARE,CVE ID,CVE-2026-2189,Unknown Source,D – Reliability Unknown,72,MEDIUM,46,MONITORING,2026-07-31 06:38:00,2026-08-05 03:07:17,JP,Synthetic telemetry record analyzing malware activity linked to defensive indicator CVE-2026-2189.,Execution,User Execution: Malicious File,T1204.002,CVE-2026-2189,
THR-2026-1749,2026-07-22 13:17:15,DNS Tunneling Exfiltration Signature #49,NETWORK THREATS,DOMAIN,service.doc-share.example.org,Public Threat Feed,B – Usually Reliable,64,MEDIUM,54,UNDER_REVIEW,2026-07-22 04:39:16,2026-07-22 13:17:15,Global,Synthetic telemetry record analyzing network threats activity linked to defensive indicator service.doc-share.example.org.,Discovery,Network Sniffing,T1040,,
THR-2026-1750,2026-08-16 23:29:09,Fake Invoice Redirector #50,PHISHING,EMAIL/SENDER DOMAIN,hr-notices@example.net,Unknown Source,D – Reliability Unknown,85,HIGH,73,MONITORING,2026-08-16 01:26:37,2026-08-16 23:29:09,GB,Synthetic telemetry record analyzing phishing activity linked to defensive indicator hr-notices@example.net.,Initial Access,Phishing: Spearphishing Link,T1566.002,,
THR-2026-1751,2026-07-22 03:02:20,Path Traversal Web Probe #51,WEB THREATS,DOMAIN,service.corp-portal-test.invalid,Community Submission,C – Fairly Reliable,65,HIGH,80,UNDER_REVIEW,2026-07-21 01:14:35,2026-07-22 03:02:20,AU,Synthetic telemetry record analyzing web threats activity linked to defensive indicator service.corp-portal-test.invalid.,Collection,Automated Collection: Web Scraping,T1119,,
THR-2026-1752,2026-07-06 00:56:27,Fake Invoice Redirector #52,PHISHING,IP ADDRESS,203.0.113.224,Community Submission,C – Fairly Reliable,89,HIGH,67,UNDER_REVIEW,2026-07-04 15:59:22,2026-07-06 00:56:27,SG,Synthetic telemetry record analyzing phishing activity linked to defensive indicator 203.0.113.224.,Initial Access,Phishing: Spearphishing Link,T1566.002,CVE-2026-6623,
THR-2026-1753,2026-08-18 15:04:13,Exfiltration via Public Cloud Storage #53,DATA EXPOSURE,FILE HASH,9a5edcdc78336ee8ffe697b7f6c0ee124c97b66a88dd82b0e9f6a1f70e5a6ab2,Unknown Source,D – Reliability Unknown,56,LOW,29,NEW,2026-08-13 23:38:42,2026-08-18 15:04:13,CA,Synthetic telemetry record analyzing data exposure activity linked to defensive indicator 9a5edcdc78336ee8ffe697b7f6c0ee124c97b66a88dd82b0e9f6a1f70e5a6ab2.,Exfiltration,Exfiltration Over Alternative Protocol,T1048,,CAMP-DEFENSE-013
THR-2026-1754,2026-07-30 08:10:06,SQLi Pattern on Public Gateway #54,WEB THREATS,CVE ID,CVE-2026-5512,Unknown Source,D – Reliability Unknown,67,INFORMATIONAL,15,NEW,2026-07-27 20:40:32,2026-07-30 08:10:06,CH,Synthetic telemetry record analyzing web threats activity linked to defensive indicator CVE-2026-5512.,Command and Control,Web Service: Dead Drop Resolver,T1102.001,CVE-2026-5512,
THR-2026-1755,2026-08-29 13:18:15,Exfiltration via Public Cloud Storage #55,DATA EXPOSURE,URL,https://doc-share.example.org/secure/portal/auth?session_id=3515,Community Submission,C – Fairly Reliable,80,CRITICAL,92,CLOSED,2026-08-29 08:11:43,2026-08-29 13:18:15,CA,Synthetic telemetry record analyzing data exposure activity linked to defensive indicator https://doc-share.example.org/secure/portal/auth?session_id=3515.,Collection,Data from Cloud Storage,T1530,,CAMP-DEFENSE-008
THR-2026-1756,2026-08-27 14:10:04,DNS Tunneling Exfiltration Signature #56,NETWORK THREATS,URL,https://security-alert.example.net/auth/login-redirect?session_id=2463,Security Vendor,A – Highly Reliable,53,LOW,40,NEW,2026-08-25 12:09:13,2026-08-27 14:10:04,CA,Synthetic telemetry record analyzing network threats activity linked to defensive indicator https://security-alert.example.net/auth/login-redirect?session_id=2463.,Discovery,Network Sniffing,T1040,,CAMP-DEFENSE-013
THR-2026-1757,2026-07-30 15:49:23,DNS Tunneling Exfiltration Signature #57,NETWORK THREATS,IP ADDRESS,203.0.113.201,Community Submission,C – Fairly Reliable,74,MEDIUM,43,UNDER_REVIEW,2026-07-25 23:14:39,2026-07-30 15:49:23,Global,Synthetic telemetry record analyzing network threats activity linked to defensive indicator 203.0.113.201.,Command and Control,Protocol Tunneling,T1572,CVE-2026-1188,
THR-2026-1758,2026-08-01 21:17:42,Server-Side Request Forgery Pattern #58,WEB THREATS,EMAIL/SENDER DOMAIN,hr-notices@example.net,Security Vendor,A – Highly Reliable,41,LOW,38,MONITORING,2026-07-30 17:45:42,2026-08-01 21:17:42,JP,Synthetic telemetry record analyzing web threats activity linked to defensive indicator hr-notices@example.net.,Command and Control,Web Service: Dead Drop Resolver,T1102.001,,
THR-2026-1759,2026-07-23 04:23:14,Watering Hole Redirector Demo #59,SOCIAL ENGINEERING,FILE HASH,4b0d82c599116a09bd61c7fee97a6c51872e5dbaea716f2e6f7d19d6bcc9a0bd,Research Report,B – Usually Reliable,43,INFORMATIONAL,5,MONITORING,2026-07-20 06:30:19,2026-07-23 04:23:14,NL,Synthetic telemetry record analyzing social engineering activity linked to defensive indicator 4b0d82c599116a09bd61c7fee97a6c51872e5dbaea716f2e6f7d19d6bcc9a0bd.,Initial Access,Trusted Relationship,T1199,,
THR-2026-1760,2026-09-01 02:01:48,Legacy WebDAV Exploit Sweep #60,VULNERABILITY EXPOSURE,EMAIL/SENDER DOMAIN,security-admin@corporate-demo.invalid,Internal SOC,A – Highly Reliable,45,MEDIUM,45,NEW,2026-08-30 00:46:00,2026-09-01 02:01:48,CH,Synthetic telemetry record analyzing vulnerability exposure activity linked to defensive indicator security-admin@corporate-demo.invalid.,Privilege Escalation,Exploitation for Privilege Escalation,T1068,CVE-2026-1188,
THR-2026-1761,2026-08-08 22:32:29,Synthetic Token Theft Activity #61,CREDENTIAL THREATS,URL,https://auth-gateway.example.com/api/v1/health-check?session_id=4448,Public Threat Feed,B – Usually Reliable,73,CRITICAL,82,CLOSED,2026-08-06 14:32:48,2026-08-08 22:32:29,IN,Synthetic telemetry record analyzing credential threats activity linked to defensive indicator https://auth-gateway.example.com/api/v1/health-check?session_id=4448.,,,,,CAMP-DEFENSE-015
THR-2026-1762,2026-08-14 01:55:08,Server-Side Request Forgery Pattern #62,WEB THREATS,DOMAIN,sub94.corp-portal-test.invalid,Unknown Source,D – Reliability Unknown,74,MEDIUM,52,UNDER_REVIEW,2026-08-13 09:53:59,2026-08-14 01:55:08,JP,Synthetic telemetry record analyzing web threats activity linked to defensive indicator sub94.corp-portal-test.invalid.,Collection,Automated Collection: Web Scraping,T1119,,CAMP-DEFENSE-011
THR-2026-1763,2026-08-28 16:27:28,Encrypted Payload Delivery Simulation #63,MALWARE,FILE HASH,4163a0ec72a6df4e9f531893bdc2fed2610a1d3de0db5598df9a62bb3e920b24,Unknown Source,D – Reliability Unknown,60,MEDIUM,45,MONITORING,2026-08-27 14:46:41,2026-08-28 16:27:28,CA,Synthetic telemetry record analyzing malware activity linked to defensive indicator 4163a0ec72a6df4e9f531893bdc2fed2610a1d3de0db5598df9a62bb3e920b24.,Command and Control,Application Layer Protocol,T1071,,
THR-2026-1764,2026-08-03 13:20:49,MFA Fatigue Authentication Surge #64,ACCOUNT SECURITY,URL,https://invoice-verify.invalid/api/v1/health-check?session_id=9217,Internal SOC,A – Highly Reliable,79,LOW,37,UNDER_REVIEW,2026-08-01 13:03:10,2026-08-03 13:20:49,NL,Synthetic telemetry record analyzing account security activity linked to defensive indicator https://invoice-verify.invalid/api/v1/health-check?session_id=9217.,Persistence,Create Account: Local Account,T1136.001,,
THR-2026-1765,2026-08-20 12:17:08,SQLi Pattern on Public Gateway #65,WEB THREATS,FILE HASH,7b46b5f5fa51d67302fbb5ff736f96529bbe7173a22596518ee30294d95d37c1,Internal SOC,A – Highly Reliable,80,HIGH,75,MONITORING,2026-08-19 06:05:27,2026-08-20 12:17:08,JP,Synthetic telemetry record analyzing web threats activity linked to defensive indicator 7b46b5f5fa51d67302fbb5ff736f96529bbe7173a22596518ee30294d95d37c1.,Collection,Automated Collection: Web Scraping,T1119,,
THR-2026-1766,2026-08-31 17:55:03,Memory Injection Testing Stub #66,MALWARE,EMAIL/SENDER DOMAIN,support-desk@example.net,Community Submission,C – Fairly Reliable,90,HIGH,76,NEW,2026-08-31 12:54:31,2026-08-31 17:55:03,DE,Synthetic telemetry record analyzing malware activity linked to defensive indicator support-desk@example.net.,Command and Control,Application Layer Protocol,T1071,,CAMP-DEFENSE-015
THR-2026-1767,2026-08-01 09:10:08,Spear-Phishing Credential Harvester #67,PHISHING,IP ADDRESS,198.51.100.90,Community Submission,C – Fairly Reliable,48,INFORMATIONAL,8,UNDER_REVIEW,2026-07-29 02:04:57,2026-08-01 09:10:08,CA,Synthetic telemetry record analyzing phishing activity linked to defensive indicator 198.51.100.90.,Initial Access,Phishing: Spearphishing Attachment,T1566.001,,
THR-2026-1768,2026-07-08 10:28:55,Exfiltration via Public Cloud Storage #68,DATA EXPOSURE,FILE HASH,317d0ab25a8ea41f8279cc83422adbdce9f12059e5972d70dcabab1cd486b1da,Security Vendor,A – Highly Reliable,54,MEDIUM,53,MONITORING,2026-07-06 20:58:11,2026-07-08 10:28:55,CA,Synthetic telemetry record analyzing data exposure activity linked to defensive indicator 317d0ab25a8ea41f8279cc83422adbdce9f12059e5972d70dcabab1cd486b1da.,,,,,
THR-2026-1769,2026-07-03 13:51:09,Edge Gateway Remote Buffer Trigger #69,VULNERABILITY EXPOSURE,CVE ID,CVE-2026-9956,Public Threat Feed,B – Usually Reliable,68,MEDIUM,48,NEW,2026-06-29 14:58:56,2026-07-03 13:51:09,CA,Synthetic telemetry record analyzing vulnerability exposure activity linked to defensive indicator CVE-2026-9956.,Privilege Escalation,Exploitation for Privilege Escalation,T1068,CVE-2026-9956,
THR-2026-1770,2026-07-06 09:07:02,Admin Share Lateral Probe #70,RANSOMWARE,DOMAIN,sub37.corp-portal-test.invalid,Internal SOC,A – Highly Reliable,78,LOW,24,CLOSED,2026-07-05 05:27:33,2026-07-06 09:07:02,GB,Synthetic telemetry record analyzing ransomware activity linked to defensive indicator sub37.corp-portal-test.invalid.,Impact,Data Encrypted for Impact,T1486,CVE-2026-4401,CAMP-DEFENSE-015
THR-2026-1771,2026-09-10 22:26:54,Executive Pretexting Call Campaign #71,SOCIAL ENGINEERING,CVE ID,CVE-2026-1188,Community Submission,C – Fairly Reliable,65,MEDIUM,48,MONITORING,2026-09-08 21:49:32,2026-09-10 22:26:54,CH,Synthetic telemetry record analyzing social engineering activity linked to defensive indicator CVE-2026-1188.,Initial Access,Trusted Relationship,T1199,CVE-2026-1188,
THR-2026-1772,2026-07-24 07:19:53,Path Traversal Web Probe #72,WEB THREATS,EMAIL/SENDER DOMAIN,billing-verify@example.org,Unknown Source,D – Reliability Unknown,74,MEDIUM,42,UNDER_REVIEW,2026-07-19 10:31:27,2026-07-24 07:19:53,FR,Synthetic telemetry record analyzing web threats activity linked to defensive indicator billing-verify@example.org.,Initial Access,Exploit Public-Facing Application,T1190,,
THR-2026-1773,2026-09-15 15:56:53,ShadowLocker Ransomware Activity #73,RANSOMWARE,FILE HASH,0aa9f8ff14c0df02386376dd8f3071690bdd57b9993a68336dc96ffba591d5f7,Community Submission,C – Fairly Reliable,45,LOW,34,MONITORING,2026-09-11 09:58:19,2026-09-15 15:56:53,GB,Synthetic telemetry record analyzing ransomware activity linked to defensive indicator 0aa9f8ff14c0df02386376dd8f3071690bdd57b9993a68336dc96ffba591d5f7.,Infiltration,Lateral Movement: SMB/Windows Admin Shares,T1021.002,,
THR-2026-1774,2026-09-21 23:53:11,Misconfigured Cloud Bucket Scraping #74,DATA EXPOSURE,EMAIL/SENDER DOMAIN,security-admin@corporate-demo.invalid,Community Submission,C – Fairly Reliable,55,MEDIUM,47,CLOSED,2026-09-17 22:39:24,2026-09-21 23:53:11,DE,Synthetic telemetry record analyzing data exposure activity linked to defensive indicator security-admin@corporate-demo.invalid.,,,,,CAMP-DEFENSE-006
THR-2026-1775,2026-08-11 06:55:38,Dormant Administrator Account Activation #75,ACCOUNT SECURITY,FILE HASH,04a0ab078e315ea655814d6ca00e07e23d01aa208b44c421dbfdea1a0a036fe6,Community Submission,C – Fairly Reliable,87,HIGH,80,UNDER_REVIEW,2026-08-06 09:30:48,2026-08-11 06:55:38,CH,Synthetic telemetry record analyzing account security activity linked to defensive indicator 04a0ab078e315ea655814d6ca00e07e23d01aa208b44c421dbfdea1a0a036fe6.,Defense Evasion,Valid Accounts: Cloud Accounts,T1078.004,,CAMP-DEFENSE-021
THR-2026-1776,2026-09-05 13:38:28,Password Spraying against ADFS Demo #76,CREDENTIAL THREATS,DOMAIN,service.cdn-cache.example.com,Public Threat Feed,B – Usually Reliable,66,MEDIUM,58,UNDER_REVIEW,2026-09-05 04:28:19,2026-09-05 13:38:28,BR,Synthetic telemetry record analyzing credential threats activity linked to defensive indicator service.cdn-cache.example.com.,,,,,
THR-2026-1777,2026-08-04 11:15:10,DNS Tunneling Exfiltration Signature #77,NETWORK THREATS,DOMAIN,service.security-alert.example.net,Unknown Source,D – Reliability Unknown,72,MEDIUM,55,CLOSED,2026-08-03 23:13:15,2026-08-04 11:15:10,JP,Synthetic telemetry record analyzing network threats activity linked to defensive indicator service.security-alert.example.net.,Discovery,Network Service Scanning,T1046,,
THR-2026-1778,2026-09-28 19:24:00,Legacy WebDAV Exploit Sweep #78,VULNERABILITY EXPOSURE,CVE ID,CVE-2026-1042,Security Vendor,A – Highly Reliable,57,MEDIUM,48,NEW,2026-09-28 10:27:36,2026-09-28 19:24:00,GB,Synthetic telemetry record analyzing vulnerability exposure activity linked to defensive indicator CVE-2026-1042.,Privilege Escalation,Exploitation for Privilege Escalation,T1068,CVE-2026-1042,
THR-2026-1779,2026-08-16 15:11:52,Exfiltration via Public Cloud Storage #79,DATA EXPOSURE,DOMAIN,sub11.telemetry-sync.example.net,Internal SOC,A – Highly Reliable,74,MEDIUM,50,MONITORING,2026-08-12 05:47:01,2026-08-16 15:11:52,AU,Synthetic telemetry record analyzing data exposure activity linked to defensive indicator sub11.telemetry-sync.example.net.,Exfiltration,Exfiltration Over Web Service,T1567,,CAMP-DEFENSE-014
THR-2026-1780,2026-09-18 08:04:59,Generic Modular Loader Simulation #80,MALWARE,EMAIL/SENDER DOMAIN,hr-notices@corporate-demo.invalid,Research Report,B – Usually Reliable,61,INFORMATIONAL,18,UNDER_REVIEW,2026-09-15 07:38:20,2026-09-18 08:04:59,JP,Synthetic telemetry record analyzing malware activity linked to defensive indicator hr-notices@corporate-demo.invalid.,Execution,User Execution: Malicious File,T1204.002,,CAMP-DEFENSE-004
THR-2026-1781,2026-09-26 21:10:29,Unencrypted Diagnostic Log Leak #81,DATA EXPOSURE,EMAIL/SENDER DOMAIN,payroll-alert@corporate-demo.invalid,Community Submission,C – Fairly Reliable,59,MEDIUM,59,UNDER_REVIEW,2026-09-25 09:11:53,2026-09-26 21:10:29,BR,Synthetic telemetry record analyzing data exposure activity linked to defensive indicator payroll-alert@corporate-demo.invalid.,,,,,
THR-2026-1782,2026-08-20 07:25:19,Anomalous SSH Bastion Brute Force #82,NETWORK THREATS,FILE HASH,95a8b3e0895bef7c8e469a9d8b03f3d3ca1f1550b6c34bd7c5870de44c42bc20,Research Report,B – Usually Reliable,47,MEDIUM,53,NEW,2026-08-19 18:19:10,2026-08-20 07:25:19,Global,Synthetic telemetry record analyzing network threats activity linked to defensive indicator 95a8b3e0895bef7c8e469a9d8b03f3d3ca1f1550b6c34bd7c5870de44c42bc20.,Discovery,Network Sniffing,T1040,,
THR-2026-1783,2026-07-25 19:54:49,Impossible Travel Anomaly #83,ACCOUNT SECURITY,IP ADDRESS,203.0.113.185,Unknown Source,D – Reliability Unknown,51,LOW,25,MONITORING,2026-07-22 14:29:34,2026-07-25 19:54:49,FR,Synthetic telemetry record analyzing account security activity linked to defensive indicator 203.0.113.185.,Persistence,Account Manipulation: Additional Credentials,T1098.001,,
THR-2026-1784,2026-08-10 17:25:19,InfoStealer Demo Artifact #84,MALWARE,CVE ID,CVE-2026-8845,Community Submission,C – Fairly Reliable,88,CRITICAL,85,FALSE_POSITIVE,2026-08-09 18:52:57,2026-08-10 17:25:19,DE,Synthetic telemetry record analyzing malware activity linked to defensive indicator CVE-2026-8845.,Execution,User Execution: Malicious File,T1204.002,CVE-2026-8845,CAMP-DEFENSE-004
THR-2026-1785,2026-07-23 02:36:11,OAuth High-Privilege Consent Grant #85,ACCOUNT SECURITY,DOMAIN,sub60.session-manager.invalid,Security Vendor,A – Highly Reliable,38,LOW,21,NEW,2026-07-21 09:41:30,2026-07-23 02:36:11,SG,Synthetic telemetry record analyzing account security activity linked to defensive indicator sub60.session-manager.invalid.,Defense Evasion,Valid Accounts: Cloud Accounts,T1078.004,,
THR-2026-1786,2026-09-10 11:14:30,Server-Side Request Forgery Pattern #86,WEB THREATS,EMAIL/SENDER DOMAIN,billing-verify@example.org,Community Submission,C – Fairly Reliable,77,MEDIUM,48,NEW,2026-09-06 14:31:02,2026-09-10 11:14:30,SG,Synthetic telemetry record analyzing web threats activity linked to defensive indicator billing-verify@example.org.,Initial Access,Exploit Public-Facing Application,T1190,,
THR-2026-1787,2026-09-03 07:30:39,Executive Pretexting Call Campaign #87,SOCIAL ENGINEERING,DOMAIN,sub51.auth-gateway.example.com,Research Report,B – Usually Reliable,67,MEDIUM,47,UNDER_REVIEW,2026-08-29 17:19:04,2026-09-03 07:30:39,GB,Synthetic telemetry record analyzing social engineering activity linked to defensive indicator sub51.auth-gateway.example.com.,,,,,
THR-2026-1788,2026-08-29 06:22:21,Misconfigured Cloud Bucket Scraping #88,DATA EXPOSURE,DOMAIN,service.support-desk.invalid,Public Threat Feed,B – Usually Reliable,81,MEDIUM,56,MONITORING,2026-08-24 12:11:28,2026-08-29 06:22:21,CA,Synthetic telemetry record analyzing data exposure activity linked to defensive indicator service.support-desk.invalid.,Exfiltration,Exfiltration Over Web Service,T1567,,
THR-2026-1789,2026-09-14 00:48:39,Watering Hole Redirector Demo #89,SOCIAL ENGINEERING,IP ADDRESS,198.51.100.180,Internal SOC,A – Highly Reliable,81,MEDIUM,42,UNDER_REVIEW,2026-09-12 07:21:46,2026-09-14 00:48:39,DE,Synthetic telemetry record analyzing social engineering activity linked to defensive indicator 198.51.100.180.,Initial Access,Replication Through Removable Media,T1091,,
THR-2026-1790,2026-09-09 19:47:14,Edge Gateway Remote Buffer Trigger #90,VULNERABILITY EXPOSURE,URL,https://security-alert.example.net/invoice/preview-doc.pdf?session_id=6255,Security Vendor,A – Highly Reliable,59,LOW,38,MONITORING,2026-09-07 21:33:54,2026-09-09 19:47:14,US,Synthetic telemetry record analyzing vulnerability exposure activity linked to defensive indicator https://security-alert.example.net/invoice/preview-doc.pdf?session_id=6255.,Privilege Escalation,Exploitation for Privilege Escalation,T1068,CVE-2026-8845,
THR-2026-1791,2026-07-17 13:11:34,Unauthenticated Deserialization Scan #91,VULNERABILITY EXPOSURE,URL,https://telemetry-sync.example.net/session/token-exchange?session_id=6318,Unknown Source,D – Reliability Unknown,81,HIGH,75,UNDER_REVIEW,2026-07-12 21:26:47,2026-07-17 13:11:34,US,Synthetic telemetry record analyzing vulnerability exposure activity linked to defensive indicator https://telemetry-sync.example.net/session/token-exchange?session_id=6318.,Initial Access,Exploit Public-Facing Application,T1190,CVE-2026-2189,
THR-2026-1792,2026-07-26 00:48:56,Password Spraying against ADFS Demo #92,CREDENTIAL THREATS,DOMAIN,service.support-desk.invalid,Research Report,B – Usually Reliable,61,MEDIUM,56,UNDER_REVIEW,2026-07-22 10:06:29,2026-07-26 00:48:56,IN,Synthetic telemetry record analyzing credential threats activity linked to defensive indicator service.support-desk.invalid.,Credential Access,OS Credential Dumping,T1003,,CAMP-DEFENSE-018
THR-2026-1793,2026-07-21 05:13:13,Cross-Site Scripting Injection Probe #93,WEB THREATS,CVE ID,CVE-2026-6623,Unknown Source,D – Reliability Unknown,69,MEDIUM,52,NEW,2026-07-16 23:58:35,2026-07-21 05:13:13,CA,Synthetic telemetry record analyzing web threats activity linked to defensive indicator CVE-2026-6623.,,,,CVE-2026-6623,
THR-2026-1794,2026-08-25 03:18:37,Dormant Administrator Account Activation #94,ACCOUNT SECURITY,EMAIL/SENDER DOMAIN,support-desk@example.net,Research Report,B – Usually Reliable,66,LOW,36,MONITORING,2026-08-24 13:13:34,2026-08-25 03:18:37,AU,Synthetic telemetry record analyzing account security activity linked to defensive indicator support-desk@example.net.,Defense Evasion,Valid Accounts: Cloud Accounts,T1078.004,,
THR-2026-1795,2026-07-22 06:33:32,Port 445 Scanning in Perimeter #95,NETWORK THREATS,FILE HASH,2780951dd532ad2e08f839b12c5f47767d41bbbd7fe7b3c6dd11f9e10975259e,Community Submission,C – Fairly Reliable,58,MEDIUM,59,NEW,2026-07-21 12:21:17,2026-07-22 06:33:32,IN,Synthetic telemetry record analyzing network threats activity linked to defensive indicator 2780951dd532ad2e08f839b12c5f47767d41bbbd7fe7b3c6dd11f9e10975259e.,Command and Control,Protocol Tunneling,T1572,,
THR-2026-1796,2026-08-28 03:13:31,Urgent Security Notification Lure #96,PHISHING,EMAIL/SENDER DOMAIN,payroll-alert@example.net,Unknown Source,D – Reliability Unknown,86,HIGH,61,CLOSED,2026-08-23 20:13:57,2026-08-28 03:13:31,DE,Synthetic telemetry record analyzing phishing activity linked to defensive indicator payroll-alert@example.net.,Initial Access,Phishing: Spearphishing Voice,T1566.004,,
THR-2026-1797,2026-08-19 11:48:37,Compromised Service Account Pattern #97,CREDENTIAL THREATS,EMAIL/SENDER DOMAIN,hr-notices@corporate-demo.invalid,Community Submission,C – Fairly Reliable,88,HIGH,75,NEW,2026-08-16 08:50:05,2026-08-19 11:48:37,GB,Synthetic telemetry record analyzing credential threats activity linked to defensive indicator hr-notices@corporate-demo.invalid.,Credential Access,Credentials in Files,T1552.001,,CAMP-DEFENSE-021
THR-2026-1798,2026-07-20 16:28:52,Unauthenticated Deserialization Scan #98,VULNERABILITY EXPOSURE,DOMAIN,sub85.update-service.example.org,Unknown Source,D – Reliability Unknown,23,INFORMATIONAL,7,MONITORING,2026-07-16 01:44:43,2026-07-20 16:28:52,GB,Synthetic telemetry record analyzing vulnerability exposure activity linked to defensive indicator sub85.update-service.example.org.,Initial Access,Exploit Public-Facing Application,T1190,CVE-2026-6623,CAMP-DEFENSE-018
THR-2026-1799,2026-07-10 22:37:11,Corporate SSO Impersonation Portal #99,PHISHING,FILE HASH,7b8fa590dbe4fa443ca22f1358817c0f5b2be376fa1c36b785927fb2213daf8b,Unknown Source,D – Reliability Unknown,73,LOW,27,CLOSED,2026-07-09 12:07:46,2026-07-10 22:37:11,JP,Synthetic telemetry record analyzing phishing activity linked to defensive indicator 7b8fa590dbe4fa443ca22f1358817c0f5b2be376fa1c36b785927fb2213daf8b.,Initial Access,Phishing: Spearphishing Link,T1566.002,CVE-2026-3390,CAMP-DEFENSE-019
THR-2026-1800,2026-07-13 08:12:19,Public Facing API Auth Bypass #00,VULNERABILITY EXPOSURE,IP ADDRESS,198.51.100.209,Unknown Source,D – Reliability Unknown,88,CRITICAL,93,NEW,2026-07-09 04:03:47,2026-07-13 08:12:19,BR,Synthetic telemetry record analyzing vulnerability exposure activity linked to defensive indicator 198.51.100.209.,Privilege Escalation,Exploitation for Privilege Escalation,T1068,CVE-2026-4401,
THR-2026-1801,2026-09-02 06:26:20,Admin Share Lateral Probe #01,RANSOMWARE,DOMAIN,service.security-alert.example.net,Research Report,B – Usually Reliable,62,LOW,25,CLOSED,2026-09-01 13:34:12,2026-09-02 06:26:20,JP,Synthetic telemetry record analyzing ransomware activity linked to defensive indicator service.security-alert.example.net.,Infiltration,Lateral Movement: SMB/Windows Admin Shares,T1021.002,,CAMP-DEFENSE-013
THR-2026-1802,2026-08-19 06:22:34,Unencrypted Diagnostic Log Leak #02,DATA EXPOSURE,EMAIL/SENDER DOMAIN,support-desk@example.net,Community Submission,C – Fairly Reliable,67,LOW,24,UNDER_REVIEW,2026-08-14 12:43:34,2026-08-19 06:22:34,GB,Synthetic telemetry record analyzing data exposure activity linked to defensive indicator support-desk@example.net.,Collection,Data from Cloud Storage,T1530,,CAMP-DEFENSE-012
THR-2026-1803,2026-08-25 10:33:31,Exfiltration via Public Cloud Storage #03,DATA EXPOSURE,IP ADDRESS,198.51.100.64,Research Report,B – Usually Reliable,80,CRITICAL,92,UNDER_REVIEW,2026-08-20 11:21:20,2026-08-25 10:33:31,FR,Synthetic telemetry record analyzing data exposure activity linked to defensive indicator 198.51.100.64.,Exfiltration,Exfiltration Over Alternative Protocol,T1048,,
THR-2026-1804,2026-09-10 18:11:22,Public Facing API Auth Bypass #04,VULNERABILITY EXPOSURE,IP ADDRESS,203.0.113.47,Internal SOC,A – Highly Reliable,45,LOW,24,NEW,2026-09-07 19:22:42,2026-09-10 18:11:22,FR,Synthetic telemetry record analyzing vulnerability exposure activity linked to defensive indicator 203.0.113.47.,Privilege Escalation,Exploitation for Privilege Escalation,T1068,CVE-2026-1042,
THR-2026-1805,2026-07-23 13:58:48,Unauthenticated Deserialization Scan #05,VULNERABILITY EXPOSURE,FILE HASH,c58a1091368be3e825aaabc3e58376be81a80f600a17d8c82a4b6964be6272fc,Community Submission,C – Fairly Reliable,81,MEDIUM,56,UNDER_REVIEW,2026-07-20 06:33:36,2026-07-23 13:58:48,Global,Synthetic telemetry record analyzing vulnerability exposure activity linked to defensive indicator c58a1091368be3e825aaabc3e58376be81a80f600a17d8c82a4b6964be6272fc.,Privilege Escalation,Exploitation for Privilege Escalation,T1068,CVE-2026-3390,
THR-2026-1806,2026-09-15 16:51:56,Generic Modular Loader Simulation #06,MALWARE,URL,https://update-service.example.org/session/token-exchange?session_id=6935,Research Report,B – Usually Reliable,70,MEDIUM,59,NEW,2026-09-11 14:46:24,2026-09-15 16:51:56,CA,Synthetic telemetry record analyzing malware activity linked to defensive indicator https://update-service.example.org/session/token-exchange?session_id=6935.,Execution,User Execution: Malicious File,T1204.002,,CAMP-DEFENSE-025
THR-2026-1807,2026-09-27 14:25:54,Spear-Phishing Credential Harvester #07,PHISHING,IP ADDRESS,198.51.100.21,Unknown Source,D – Reliability Unknown,39,LOW,23,MONITORING,2026-09-24 23:11:00,2026-09-27 14:25:54,DE,Synthetic telemetry record analyzing phishing activity linked to defensive indicator 198.51.100.21.,Initial Access,Phishing: Spearphishing Link,T1566.002,,
THR-2026-1808,2026-08-26 12:07:21,Executive Pretexting Call Campaign #08,SOCIAL ENGINEERING,URL,https://corp-portal-test.invalid/api/v1/health-check?session_id=5449,Internal SOC,A – Highly Reliable,48,MEDIUM,43,UNDER_REVIEW,2026-08-23 20:32:35,2026-08-26 12:07:21,Global,Synthetic telemetry record analyzing social engineering activity linked to defensive indicator https://corp-portal-test.invalid/api/v1/health-check?session_id=5449.,Execution,User Execution: Malicious Link,T1204.001,,CAMP-DEFENSE-015
THR-2026-1809,2026-09-06 12:35:16,InfoStealer Demo Artifact #09,MALWARE,URL,https://update-service.example.org/update/agent-installer?session_id=8328,Public Threat Feed,B – Usually Reliable,33,LOW,33,CLOSED,2026-09-02 09:33:34,2026-09-06 12:35:16,NL,Synthetic telemetry record analyzing malware activity linked to defensive indicator https://update-service.example.org/update/agent-installer?session_id=8328.,Defense Evasion,Obfuscated Files or Information,T1027,,
THR-2026-1810,2026-07-12 05:15:26,Fake Invoice Redirector #10,PHISHING,EMAIL/SENDER DOMAIN,support-desk@corporate-demo.invalid,Security Vendor,A – Highly Reliable,75,LOW,38,UNDER_REVIEW,2026-07-08 18:36:07,2026-07-12 05:15:26,NL,Synthetic telemetry record analyzing phishing activity linked to defensive indicator support-desk@corporate-demo.invalid.,Initial Access,Phishing: Spearphishing Attachment,T1566.001,CVE-2026-2189,
THR-2026-1811,2026-07-26 15:40:55,VSS Shadow Copy Invalidation Stub #11,RANSOMWARE,FILE HASH,11acbfac57244927fccbb1a34c4ea6edbf793672e4812022bbd233af68dc6b7b,Public Threat Feed,B – Usually Reliable,84,MEDIUM,44,MONITORING,2026-07-23 23:53:57,2026-07-26 15:40:55,IN,Synthetic telemetry record analyzing ransomware activity linked to defensive indicator 11acbfac57244927fccbb1a34c4ea6edbf793672e4812022bbd233af68dc6b7b.,Impact,Data Encrypted for Impact,T1486,,CAMP-DEFENSE-004
THR-2026-1812,2026-08-06 19:26:36,Fake IT Helpdesk Remote Access Lure #12,SOCIAL ENGINEERING,CVE ID,CVE-2026-9956,Internal SOC,A – Highly Reliable,52,MEDIUM,42,UNDER_REVIEW,2026-08-05 01:23:44,2026-08-06 19:26:36,NL,Synthetic telemetry record analyzing social engineering activity linked to defensive indicator CVE-2026-9956.,Initial Access,Replication Through Removable Media,T1091,CVE-2026-9956,
THR-2026-1813,2026-08-10 14:13:36,Admin Share Lateral Probe #13,RANSOMWARE,EMAIL/SENDER DOMAIN,security-admin@example.com,Public Threat Feed,B – Usually Reliable,70,HIGH,79,CLOSED,2026-08-06 08:06:25,2026-08-10 14:13:36,Global,Synthetic telemetry record analyzing ransomware activity linked to defensive indicator security-admin@example.com.,Impact,Inhibit System Recovery,T1490,,CAMP-DEFENSE-021
THR-2026-1814,2026-07-21 05:02:55,Generic Modular Loader Simulation #14,MALWARE,IP ADDRESS,198.51.100.216,Security Vendor,A – Highly Reliable,21,INFORMATIONAL,10,UNDER_REVIEW,2026-07-17 23:32:16,2026-07-21 05:02:55,Global,Synthetic telemetry record analyzing malware activity linked to defensive indicator 198.51.100.216.,Defense Evasion,Obfuscated Files or Information,T1027,,
THR-2026-1815,2026-08-09 22:05:57,Server-Side Request Forgery Pattern #15,WEB THREATS,DOMAIN,service.invoice-verify.invalid,Security Vendor,A – Highly Reliable,35,LOW,40,MONITORING,2026-08-09 03:05:06,2026-08-09 22:05:57,CH,Synthetic telemetry record analyzing web threats activity linked to defensive indicator service.invoice-verify.invalid.,Command and Control,Web Service: Dead Drop Resolver,T1102.001,,CAMP-DEFENSE-010
THR-2026-1816,2026-07-22 08:22:57,QR Code Phishing (Quishing) Test #16,SOCIAL ENGINEERING,DOMAIN,sub92.doc-share.example.org,Unknown Source,D – Reliability Unknown,69,HIGH,69,CLOSED,2026-07-19 22:46:49,2026-07-22 08:22:57,FR,Synthetic telemetry record analyzing social engineering activity linked to defensive indicator sub92.doc-share.example.org.,Execution,User Execution: Malicious Link,T1204.001,,
THR-2026-1817,2026-09-21 09:34:43,Executive Pretexting Call Campaign #17,SOCIAL ENGINEERING,DOMAIN,sub58.cdn-cache.example.com,Research Report,B – Usually Reliable,67,HIGH,70,MONITORING,2026-09-16 21:05:53,2026-09-21 09:34:43,Global,Synthetic telemetry record analyzing social engineering activity linked to defensive indicator sub58.cdn-cache.example.com.,Initial Access,Trusted Relationship,T1199,,
THR-2026-1818,2026-09-04 23:23:54,Synthetic Token Theft Activity #18,CREDENTIAL THREATS,URL,https://security-alert.example.net/verify-account/prompt?session_id=5863,Security Vendor,A – Highly Reliable,85,MEDIUM,42,UNDER_REVIEW,2026-09-02 01:39:23,2026-09-04 23:23:54,CA,Synthetic telemetry record analyzing credential threats activity linked to defensive indicator https://security-alert.example.net/verify-account/prompt?session_id=5863.,,,,CVE-2026-5512,CAMP-DEFENSE-003
THR-2026-1819,2026-07-14 07:06:37,Kerberoasting Probe Telemetry #19,CREDENTIAL THREATS,FILE HASH,cb5a42ec76233d3fa235c5e290a17078a53b8dca0c65f8618ab7dd91bab3dd1f,Public Threat Feed,B – Usually Reliable,53,MEDIUM,45,MONITORING,2026-07-12 06:26:53,2026-07-14 07:06:37,US,Synthetic telemetry record analyzing credential threats activity linked to defensive indicator cb5a42ec76233d3fa235c5e290a17078a53b8dca0c65f8618ab7dd91bab3dd1f.,Credential Access,Credentials in Files,T1552.001,,CAMP-DEFENSE-014
THR-2026-1820,2026-07-10 08:14:15,OAuth High-Privilege Consent Grant #20,ACCOUNT SECURITY,IP ADDRESS,203.0.113.246,Public Threat Feed,B – Usually Reliable,63,INFORMATIONAL,8,NEW,2026-07-07 04:41:38,2026-07-10 08:14:15,GB,Synthetic telemetry record analyzing account security activity linked to defensive indicator 203.0.113.246.,Defense Evasion,Valid Accounts: Cloud Accounts,T1078.004,,
THR-2026-1821,2026-09-08 01:35:29,Extortion Double-Dip Campaign #21,RANSOMWARE,FILE HASH,f91e3dbc21cfb5236e53570af5fd04542d589eca1c72a50d01a01fd2df16ae29,Internal SOC,A – Highly Reliable,80,LOW,39,NEW,2026-09-03 06:23:28,2026-09-08 01:35:29,NL,Synthetic telemetry record analyzing ransomware activity linked to defensive indicator f91e3dbc21cfb5236e53570af5fd04542d589eca1c72a50d01a01fd2df16ae29.,,,,CVE-2026-2189,
THR-2026-1822,2026-07-21 07:05:15,DNS Tunneling Exfiltration Signature #22,NETWORK THREATS,EMAIL/SENDER DOMAIN,payroll-alert@example.net,Research Report,B – Usually Reliable,65,MEDIUM,48,MONITORING,2026-07-20 11:27:27,2026-07-21 07:05:15,SG,Synthetic telemetry record analyzing network threats activity linked to defensive indicator payroll-alert@example.net.,Discovery,Network Sniffing,T1040,,
THR-2026-1823,2026-08-23 13:04:42,Password Spraying against ADFS Demo #23,CREDENTIAL THREATS,EMAIL/SENDER DOMAIN,billing-verify@example.org,Security Vendor,A – Highly Reliable,83,HIGH,75,NEW,2026-08-18 23:32:43,2026-08-23 13:04:42,IN,Synthetic telemetry record analyzing credential threats activity linked to defensive indicator billing-verify@example.org.,Credential Access,OS Credential Dumping,T1003,,CAMP-DEFENSE-007
THR-2026-1824,2026-09-04 06:59:42,Corporate SSO Impersonation Portal #24,PHISHING,CVE ID,CVE-2026-9956,Research Report,B – Usually Reliable,39,INFORMATIONAL,14,CLOSED,2026-09-02 00:36:04,2026-09-04 06:59:42,SG,Synthetic telemetry record analyzing phishing activity linked to defensive indicator CVE-2026-9956.,,,,CVE-2026-9956,
THR-2026-1825,2026-07-10 12:17:03,Path Traversal Web Probe #25,WEB THREATS,CVE ID,CVE-2026-1042,Unknown Source,D – Reliability Unknown,69,LOW,33,UNDER_REVIEW,2026-07-09 15:09:36,2026-07-10 12:17:03,Global,Synthetic telemetry record analyzing web threats activity linked to defensive indicator CVE-2026-1042.,Initial Access,Exploit Public-Facing Application,T1190,CVE-2026-1042,
THR-2026-1826,2026-07-07 09:01:31,Path Traversal Web Probe #26,WEB THREATS,EMAIL/SENDER DOMAIN,hr-notices@example.org,Public Threat Feed,B – Usually Reliable,62,MEDIUM,41,CLOSED,2026-07-03 22:57:22,2026-07-07 09:01:31,GB,Synthetic telemetry record analyzing web threats activity linked to defensive indicator hr-notices@example.org.,Initial Access,Exploit Public-Facing Application,T1190,,
THR-2026-1827,2026-09-01 06:09:17,Sensitive API Endpoint Exposure #27,DATA EXPOSURE,FILE HASH,eaf449f6eadf273218716af69e6f767e15b0f5494a25933c611b246ebeb56dc4,Security Vendor,A – Highly Reliable,63,HIGH,77,NEW,2026-08-31 06:22:46,2026-09-01 06:09:17,US,Synthetic telemetry record analyzing data exposure activity linked to defensive indicator eaf449f6eadf273218716af69e6f767e15b0f5494a25933c611b246ebeb56dc4.,Exfiltration,Exfiltration Over Web Service,T1567,CVE-2026-8845,CAMP-DEFENSE-011
THR-2026-1828,2026-09-04 23:09:49,ShadowLocker Ransomware Activity #28,RANSOMWARE,DOMAIN,sub22.update-service.example.org,Security Vendor,A – Highly Reliable,64,LOW,39,NEW,2026-09-02 14:05:07,2026-09-04 23:09:49,SG,Synthetic telemetry record analyzing ransomware activity linked to defensive indicator sub22.update-service.example.org.,Impact,Inhibit System Recovery,T1490,,CAMP-DEFENSE-008
THR-2026-1829,2026-07-19 11:07:58,Encrypted Payload Delivery Simulation #29,MALWARE,FILE HASH,5a65f81de899b1552b78286f95a1bfba22216b082b4436c7babddc031cce10bf,Security Vendor,A – Highly Reliable,82,HIGH,76,NEW,2026-07-17 19:56:04,2026-07-19 11:07:58,BR,Synthetic telemetry record analyzing malware activity linked to defensive indicator 5a65f81de899b1552b78286f95a1bfba22216b082b4436c7babddc031cce10bf.,,,,,CAMP-DEFENSE-016
THR-2026-1830,2026-08-26 23:04:48,Spear-Phishing Credential Harvester #30,PHISHING,URL,https://update-service.example.org/auth/login-redirect?session_id=5901,Public Threat Feed,B – Usually Reliable,68,MEDIUM,46,CLOSED,2026-08-26 14:32:07,2026-08-26 23:04:48,IN,Synthetic telemetry record analyzing phishing activity linked to defensive indicator https://update-service.example.org/auth/login-redirect?session_id=5901.,Initial Access,Phishing: Spearphishing Link,T1566.002,,CAMP-DEFENSE-002
THR-2026-1831,2026-07-28 23:50:38,Memory Injection Testing Stub #31,MALWARE,DOMAIN,sub54.login-check.invalid,Public Threat Feed,B – Usually Reliable,61,MEDIUM,60,NEW,2026-07-27 21:03:30,2026-07-28 23:50:38,Global,Synthetic telemetry record analyzing malware activity linked to defensive indicator sub54.login-check.invalid.,Execution,User Execution: Malicious File,T1204.002,,
THR-2026-1832,2026-07-21 14:49:25,Port 445 Scanning in Perimeter #32,NETWORK THREATS,URL,https://invoice-verify.invalid/download/security-patch.bin?session_id=7427,Research Report,B – Usually Reliable,62,MEDIUM,45,MONITORING,2026-07-20 17:58:56,2026-07-21 14:49:25,DE,Synthetic telemetry record analyzing network threats activity linked to defensive indicator https://invoice-verify.invalid/download/security-patch.bin?session_id=7427.,Discovery,Network Service Scanning,T1046,,
THR-2026-1833,2026-08-23 10:16:32,Exfiltration via Public Cloud Storage #33,DATA EXPOSURE,CVE ID,CVE-2026-6623,Unknown Source,D – Reliability Unknown,49,INFORMATIONAL,5,NEW,2026-08-21 20:21:44,2026-08-23 10:16:32,FR,Synthetic telemetry record analyzing data exposure activity linked to defensive indicator CVE-2026-6623.,Exfiltration,Exfiltration Over Web Service,T1567,CVE-2026-6623,CAMP-DEFENSE-005
THR-2026-1834,2026-08-22 06:37:15,DNS Tunneling Exfiltration Signature #34,NETWORK THREATS,CVE ID,CVE-2026-9956,Community Submission,C – Fairly Reliable,74,LOW,27,MONITORING,2026-08-17 21:20:57,2026-08-22 06:37:15,US,Synthetic telemetry record analyzing network threats activity linked to defensive indicator CVE-2026-9956.,Discovery,Network Service Scanning,T1046,CVE-2026-9956,CAMP-DEFENSE-025
THR-2026-1835,2026-09-11 20:22:25,Memory Injection Testing Stub #35,MALWARE,URL,https://doc-share.example.org/download/security-patch.bin?session_id=1820,Unknown Source,D – Reliability Unknown,76,HIGH,77,MONITORING,2026-09-11 02:31:04,2026-09-11 20:22:25,NL,Synthetic telemetry record analyzing malware activity linked to defensive indicator https://doc-share.example.org/download/security-patch.bin?session_id=1820.,Command and Control,Application Layer Protocol,T1071,,CAMP-DEFENSE-013
THR-2026-1836,2026-08-19 18:46:12,Exfiltration via Public Cloud Storage #36,DATA EXPOSURE,EMAIL/SENDER DOMAIN,billing-verify@corporate-demo.invalid,Community Submission,C – Fairly Reliable,67,MEDIUM,57,MONITORING,2026-08-17 02:29:28,2026-08-19 18:46:12,SG,Synthetic telemetry record analyzing data exposure activity linked to defensive indicator billing-verify@corporate-demo.invalid.,Collection,Data from Cloud Storage,T1530,CVE-2026-6623,
THR-2026-1837,2026-08-19 06:54:05,Public Facing API Auth Bypass #37,VULNERABILITY EXPOSURE,EMAIL/SENDER DOMAIN,payroll-alert@example.org,Research Report,B – Usually Reliable,65,INFORMATIONAL,9,CLOSED,2026-08-16 16:01:15,2026-08-19 06:54:05,CA,Synthetic telemetry record analyzing vulnerability exposure activity linked to defensive indicator payroll-alert@example.org.,Initial Access,Exploit Public-Facing Application,T1190,CVE-2026-9956,CAMP-DEFENSE-022
THR-2026-1838,2026-09-12 08:49:28,VSS Shadow Copy Invalidation Stub #38,RANSOMWARE,CVE ID,CVE-2026-9956,Research Report,B – Usually Reliable,66,INFORMATIONAL,12,UNDER_REVIEW,2026-09-10 06:25:39,2026-09-12 08:49:28,FR,Synthetic telemetry record analyzing ransomware activity linked to defensive indicator CVE-2026-9956.,Impact,Data Encrypted for Impact,T1486,CVE-2026-9956,CAMP-DEFENSE-025
THR-2026-1839,2026-08-04 15:24:22,OAuth High-Privilege Consent Grant #39,ACCOUNT SECURITY,EMAIL/SENDER DOMAIN,payroll-alert@example.net,Internal SOC,A – Highly Reliable,43,LOW,38,MONITORING,2026-08-02 21:48:17,2026-08-04 15:24:22,AU,Synthetic telemetry record analyzing account security activity linked to defensive indicator payroll-alert@example.net.,Persistence,Account Manipulation: Additional Credentials,T1098.001,,
THR-2026-1840,2026-09-25 04:04:02,Unencrypted Diagnostic Log Leak #40,DATA EXPOSURE,EMAIL/SENDER DOMAIN,security-admin@corporate-demo.invalid,Public Threat Feed,B – Usually Reliable,62,HIGH,64,MONITORING,2026-09-22 08:43:29,2026-09-25 04:04:02,AU,Synthetic telemetry record analyzing data exposure activity linked to defensive indicator security-admin@corporate-demo.invalid.,Exfiltration,Exfiltration Over Alternative Protocol,T1048,,
THR-2026-1841,2026-07-10 23:00:42,Synthetic Token Theft Activity #41,CREDENTIAL THREATS,URL,https://telemetry-sync.example.net/download/security-patch.bin?session_id=9253,Internal SOC,A – Highly Reliable,31,LOW,25,UNDER_REVIEW,2026-07-07 16:18:47,2026-07-10 23:00:42,Global,Synthetic telemetry record analyzing credential threats activity linked to defensive indicator https://telemetry-sync.example.net/download/security-patch.bin?session_id=9253.,Credential Access,Brute Force: Password Spraying,T1110.003,,
THR-2026-1842,2026-09-29 15:50:19,Synthetic Token Theft Activity #42,CREDENTIAL THREATS,DOMAIN,sub71.invoice-verify.invalid,Security Vendor,A – Highly Reliable,75,MEDIUM,58,NEW,2026-09-28 15:49:51,2026-09-29 15:50:19,FR,Synthetic telemetry record analyzing credential threats activity linked to defensive indicator sub71.invoice-verify.invalid.,,,,,
THR-2026-1843,2026-07-16 17:04:44,Watering Hole Redirector Demo #43,SOCIAL ENGINEERING,CVE ID,CVE-2026-6623,Internal SOC,A – Highly Reliable,68,MEDIUM,45,NEW,2026-07-15 23:50:59,2026-07-16 17:04:44,JP,Synthetic telemetry record analyzing social engineering activity linked to defensive indicator CVE-2026-6623.,Execution,User Execution: Malicious Link,T1204.001,CVE-2026-6623,CAMP-DEFENSE-022
THR-2026-1844,2026-09-28 00:53:42,Dormant Administrator Account Activation #44,ACCOUNT SECURITY,IP ADDRESS,203.0.113.191,Unknown Source,D – Reliability Unknown,88,CRITICAL,87,UNDER_REVIEW,2026-09-25 05:15:53,2026-09-28 00:53:42,AU,Synthetic telemetry record analyzing account security activity linked to defensive indicator 203.0.113.191.,Defense Evasion,Valid Accounts: Cloud Accounts,T1078.004,,CAMP-DEFENSE-017
THR-2026-1845,2026-07-21 13:06:52,Encrypted Payload Delivery Simulation #45,MALWARE,FILE HASH,b4a135a0b64463175359cabcf2b5bc9b2580ddc4c06c0dd13c15ad64ee73fe7e,Security Vendor,A – Highly Reliable,79,LOW,28,NEW,2026-07-17 16:28:54,2026-07-21 13:06:52,IN,Synthetic telemetry record analyzing malware activity linked to defensive indicator b4a135a0b64463175359cabcf2b5bc9b2580ddc4c06c0dd13c15ad64ee73fe7e.,Execution,User Execution: Malicious File,T1204.002,CVE-2026-2189,CAMP-DEFENSE-011
THR-2026-1846,2026-09-06 07:49:51,Kerberoasting Probe Telemetry #46,CREDENTIAL THREATS,IP ADDRESS,198.51.100.178,Unknown Source,D – Reliability Unknown,65,MEDIUM,54,UNDER_REVIEW,2026-09-04 03:18:32,2026-09-06 07:49:51,SG,Synthetic telemetry record analyzing credential threats activity linked to defensive indicator 198.51.100.178.,Credential Access,OS Credential Dumping,T1003,,CAMP-DEFENSE-020
THR-2026-1847,2026-09-18 06:09:39,Encrypted Payload Delivery Simulation #47,MALWARE,EMAIL/SENDER DOMAIN,payroll-alert@corporate-demo.invalid,Security Vendor,A – Highly Reliable,61,HIGH,73,CLOSED,2026-09-17 11:32:11,2026-09-18 06:09:39,US,Synthetic telemetry record analyzing malware activity linked to defensive indicator payroll-alert@corporate-demo.invalid.,,,,,CAMP-DEFENSE-008
THR-2026-1848,2026-07-16 14:55:04,Port 445 Scanning in Perimeter #48,NETWORK THREATS,FILE HASH,09aef785734aec2ed92e17e7d973f4494bd50021f261fbc068e514f69212214f,Research Report,B – Usually Reliable,35,LOW,32,NEW,2026-07-11 17:50:48,2026-07-16 14:55:04,Global,Synthetic telemetry record analyzing network threats activity linked to defensive indicator 09aef785734aec2ed92e17e7d973f4494bd50021f261fbc068e514f69212214f.,Discovery,Network Sniffing,T1040,,CAMP-DEFENSE-009
THR-2026-1849,2026-08-26 03:03:53,Exfiltration via Public Cloud Storage #49,DATA EXPOSURE,IP ADDRESS,198.51.100.18,Research Report,B – Usually Reliable,56,MEDIUM,44,MONITORING,2026-08-25 21:51:04,2026-08-26 03:03:53,BR,Synthetic telemetry record analyzing data exposure activity linked to defensive indicator 198.51.100.18.,Exfiltration,Exfiltration Over Web Service,T1567,,
THR-2026-1850,2026-07-21 10:15:33,Dormant Administrator Account Activation #50,ACCOUNT SECURITY,IP ADDRESS,203.0.113.143,Research Report,B – Usually Reliable,55,LOW,36,UNDER_REVIEW,2026-07-19 08:18:18,2026-07-21 10:15:33,GB,Synthetic telemetry record analyzing account security activity linked to defensive indicator 203.0.113.143.,Persistence,Create Account: Local Account,T1136.001,,
THR-2026-1851,2026-08-12 09:26:18,Spear-Phishing Credential Harvester #51,PHISHING,DOMAIN,service.corp-portal-test.invalid,Unknown Source,D – Reliability Unknown,57,MEDIUM,53,UNDER_REVIEW,2026-08-11 03:18:39,2026-08-12 09:26:18,NL,Synthetic telemetry record analyzing phishing activity linked to defensive indicator service.corp-portal-test.invalid.,Initial Access,Phishing: Spearphishing Link,T1566.002,,CAMP-DEFENSE-003
THR-2026-1852,2026-09-17 14:34:00,Memory Injection Testing Stub #52,MALWARE,IP ADDRESS,203.0.113.9,Unknown Source,D – Reliability Unknown,61,MEDIUM,44,UNDER_REVIEW,2026-09-14 05:04:55,2026-09-17 14:34:00,DE,Synthetic telemetry record analyzing malware activity linked to defensive indicator 203.0.113.9.,Command and Control,Application Layer Protocol,T1071,,
THR-2026-1853,2026-07-18 09:38:41,Fake Invoice Redirector #53,PHISHING,URL,https://invoice-verify.invalid/download/security-patch.bin?session_id=9214,Community Submission,C – Fairly Reliable,69,LOW,39,FALSE_POSITIVE,2026-07-17 18:44:53,2026-07-18 09:38:41,JP,Synthetic telemetry record analyzing phishing activity linked to defensive indicator https://invoice-verify.invalid/download/security-patch.bin?session_id=9214.,,,,,
THR-2026-1854,2026-07-23 11:00:34,Executive Pretexting Call Campaign #54,SOCIAL ENGINEERING,FILE HASH,edec3dfc579dc3156c520b58dbadf4b22eaa271d92f437f55ef878c18fb2de08,Unknown Source,D – Reliability Unknown,78,CRITICAL,88,UNDER_REVIEW,2026-07-22 00:16:25,2026-07-23 11:00:34,FR,Synthetic telemetry record analyzing social engineering activity linked to defensive indicator edec3dfc579dc3156c520b58dbadf4b22eaa271d92f437f55ef878c18fb2de08.,,,,,
THR-2026-1855,2026-07-30 00:55:37,Encrypted Payload Delivery Simulation #55,MALWARE,URL,https://login-check.invalid/api/v1/health-check?session_id=2407,Unknown Source,D – Reliability Unknown,82,MEDIUM,55,UNDER_REVIEW,2026-07-29 06:08:18,2026-07-30 00:55:37,Global,Synthetic telemetry record analyzing malware activity linked to defensive indicator https://login-check.invalid/api/v1/health-check?session_id=2407.,Defense Evasion,Obfuscated Files or Information,T1027,,CAMP-DEFENSE-012
THR-2026-1856,2026-08-02 22:19:40,Corporate SSO Impersonation Portal #56,PHISHING,FILE HASH,eac1b5ece6ba8045fde03f2b13f30c1a47291305090158b853a37713ddbe8338,Public Threat Feed,B – Usually Reliable,46,MEDIUM,43,CLOSED,2026-07-31 09:55:42,2026-08-02 22:19:40,SG,Synthetic telemetry record analyzing phishing activity linked to defensive indicator eac1b5ece6ba8045fde03f2b13f30c1a47291305090158b853a37713ddbe8338.,Initial Access,Phishing: Spearphishing Attachment,T1566.001,,
THR-2026-1857,2026-08-02 20:34:47,Watering Hole Redirector Demo #57,SOCIAL ENGINEERING,DOMAIN,sub29.invoice-verify.invalid,Public Threat Feed,B – Usually Reliable,59,LOW,22,CLOSED,2026-07-31 11:53:32,2026-08-02 20:34:47,JP,Synthetic telemetry record analyzing social engineering activity linked to defensive indicator sub29.invoice-verify.invalid.,Initial Access,Replication Through Removable Media,T1091,,
THR-2026-1858,2026-07-10 12:13:09,Dormant Administrator Account Activation #58,ACCOUNT SECURITY,CVE ID,CVE-2026-4401,Community Submission,C – Fairly Reliable,35,INFORMATIONAL,12,FALSE_POSITIVE,2026-07-07 21:11:15,2026-07-10 12:13:09,DE,Synthetic telemetry record analyzing account security activity linked to defensive indicator CVE-2026-4401.,Persistence,Create Account: Local Account,T1136.001,CVE-2026-4401,
THR-2026-1859,2026-09-24 22:49:25,ShadowLocker Ransomware Activity #59,RANSOMWARE,CVE ID,CVE-2026-6623,Public Threat Feed,B – Usually Reliable,47,INFORMATIONAL,10,MONITORING,2026-09-20 18:48:33,2026-09-24 22:49:25,SG,Synthetic telemetry record analyzing ransomware activity linked to defensive indicator CVE-2026-6623.,Infiltration,Lateral Movement: SMB/Windows Admin Shares,T1021.002,CVE-2026-6623,CAMP-DEFENSE-003
THR-2026-1860,2026-07-18 02:43:59,QR Code Phishing (Quishing) Test #60,SOCIAL ENGINEERING,FILE HASH,b0cb819cdee66ddf2d4705060fab4a45136c67e18d08c2e92be933a20f2b36ef,Unknown Source,D – Reliability Unknown,90,CRITICAL,93,UNDER_REVIEW,2026-07-17 16:59:15,2026-07-18 02:43:59,JP,Synthetic telemetry record analyzing social engineering activity linked to defensive indicator b0cb819cdee66ddf2d4705060fab4a45136c67e18d08c2e92be933a20f2b36ef.,Execution,User Execution: Malicious Link,T1204.001,,CAMP-DEFENSE-008
THR-2026-1861,2026-07-07 20:37:17,Corporate SSO Impersonation Portal #61,PHISHING,IP ADDRESS,198.51.100.113,Public Threat Feed,B – Usually Reliable,69,MEDIUM,58,UNDER_REVIEW,2026-07-05 20:37:15,2026-07-07 20:37:17,FR,Synthetic telemetry record analyzing phishing activity linked to defensive indicator 198.51.100.113.,Initial Access,Phishing: Spearphishing Voice,T1566.004,,
THR-2026-1862,2026-09-09 03:50:44,InfoStealer Demo Artifact #62,MALWARE,FILE HASH,d2d3c9a513a5502fd3a8dc2ec8a491dcf306fc46f81c44704031902118d7483e,Unknown Source,D – Reliability Unknown,49,INFORMATIONAL,6,CLOSED,2026-09-05 02:52:15,2026-09-09 03:50:44,BR,Synthetic telemetry record analyzing malware activity linked to defensive indicator d2d3c9a513a5502fd3a8dc2ec8a491dcf306fc46f81c44704031902118d7483e.,Execution,User Execution: Malicious File,T1204.002,,
THR-2026-1863,2026-07-19 23:16:18,Executive Pretexting Call Campaign #63,SOCIAL ENGINEERING,URL,https://support-desk.invalid/session/token-exchange?session_id=4232,Security Vendor,A – Highly Reliable,52,MEDIUM,44,MONITORING,2026-07-15 07:09:50,2026-07-19 23:16:18,US,Synthetic telemetry record analyzing social engineering activity linked to defensive indicator https://support-desk.invalid/session/token-exchange?session_id=4232.,Initial Access,Replication Through Removable Media,T1091,,
THR-2026-1864,2026-09-07 05:15:22,Path Traversal Web Probe #64,WEB THREATS,EMAIL/SENDER DOMAIN,billing-verify@example.org,Internal SOC,A – Highly Reliable,80,CRITICAL,92,MONITORING,2026-09-05 18:00:33,2026-09-07 05:15:22,BR,Synthetic telemetry record analyzing web threats activity linked to defensive indicator billing-verify@example.org.,Collection,Automated Collection: Web Scraping,T1119,,CAMP-DEFENSE-008
THR-2026-1865,2026-07-10 02:29:13,Dormant Administrator Account Activation #65,ACCOUNT SECURITY,CVE ID,CVE-2026-1042,Unknown Source,D – Reliability Unknown,36,LOW,39,MONITORING,2026-07-08 05:36:14,2026-07-10 02:29:13,NL,Synthetic telemetry record analyzing account security activity linked to defensive indicator CVE-2026-1042.,Persistence,Create Account: Local Account,T1136.001,CVE-2026-1042,
THR-2026-1866,2026-07-21 16:03:48,Urgent Security Notification Lure #66,PHISHING,IP ADDRESS,198.51.100.159,Unknown Source,D – Reliability Unknown,67,MEDIUM,53,MONITORING,2026-07-18 18:01:50,2026-07-21 16:03:48,NL,Synthetic telemetry record analyzing phishing activity linked to defensive indicator 198.51.100.159.,Initial Access,Phishing: Spearphishing Attachment,T1566.001,,
THR-2026-1867,2026-07-15 04:31:50,Encrypted Payload Delivery Simulation #67,MALWARE,FILE HASH,eb043307007e285a9275a0340100c9f62134fcf4e7fed1a53fff51f2d871a124,Community Submission,C – Fairly Reliable,62,MEDIUM,45,NEW,2026-07-11 08:55:44,2026-07-15 04:31:50,FR,Synthetic telemetry record analyzing malware activity linked to defensive indicator eb043307007e285a9275a0340100c9f62134fcf4e7fed1a53fff51f2d871a124.,Command and Control,Application Layer Protocol,T1071,,
THR-2026-1868,2026-08-03 02:03:30,Legacy WebDAV Exploit Sweep #68,VULNERABILITY EXPOSURE,URL,https://client-token.example.org/invoice/preview-doc.pdf?session_id=3513,Research Report,B – Usually Reliable,61,MEDIUM,43,MONITORING,2026-08-01 03:29:46,2026-08-03 02:03:30,IN,Synthetic telemetry record analyzing vulnerability exposure activity linked to defensive indicator https://client-token.example.org/invoice/preview-doc.pdf?session_id=3513.,Initial Access,Exploit Public-Facing Application,T1190,CVE-2026-5512,
THR-2026-1869,2026-09-30 18:56:55,Unauthenticated Deserialization Scan #69,VULNERABILITY EXPOSURE,FILE HASH,f11acffeaf9fbb5f6b29169d5660220fdbdfc23cb6d1b6df3c0588f03d7e0ce2,Research Report,B – Usually Reliable,59,MEDIUM,56,NEW,2026-09-28 23:17:17,2026-09-30 18:56:55,SG,Synthetic telemetry record analyzing vulnerability exposure activity linked to defensive indicator f11acffeaf9fbb5f6b29169d5660220fdbdfc23cb6d1b6df3c0588f03d7e0ce2.,Privilege Escalation,Exploitation for Privilege Escalation,T1068,CVE-2026-1188,CAMP-DEFENSE-023
THR-2026-1870,2026-08-12 05:11:10,Spear-Phishing Credential Harvester #70,PHISHING,FILE HASH,8fcc13d1008d189a79dd9b89cde8c7ce7dae578d45ce0e23c284d8222071fb3d,Community Submission,C – Fairly Reliable,72,HIGH,69,MONITORING,2026-08-11 06:37:44,2026-08-12 05:11:10,DE,Synthetic telemetry record analyzing phishing activity linked to defensive indicator 8fcc13d1008d189a79dd9b89cde8c7ce7dae578d45ce0e23c284d8222071fb3d.,Initial Access,Phishing: Spearphishing Link,T1566.002,,
THR-2026-1871,2026-08-18 15:00:41,Server-Side Request Forgery Pattern #71,WEB THREATS,CVE ID,CVE-2026-2189,Public Threat Feed,B – Usually Reliable,46,LOW,28,FALSE_POSITIVE,2026-08-14 09:22:36,2026-08-18 15:00:41,CH,Synthetic telemetry record analyzing web threats activity linked to defensive indicator CVE-2026-2189.,Collection,Automated Collection: Web Scraping,T1119,CVE-2026-2189,
THR-2026-1872,2026-07-18 08:41:55,Impossible Travel Anomaly #72,ACCOUNT SECURITY,DOMAIN,service.update-service.example.org,Community Submission,C – Fairly Reliable,41,LOW,40,MONITORING,2026-07-15 02:53:06,2026-07-18 08:41:55,BR,Synthetic telemetry record analyzing account security activity linked to defensive indicator service.update-service.example.org.,Persistence,Account Manipulation: Additional Credentials,T1098.001,CVE-2026-2189,
THR-2026-1873,2026-08-24 23:35:45,Spear-Phishing Credential Harvester #73,PHISHING,IP ADDRESS,198.51.100.109,Internal SOC,A – Highly Reliable,61,MEDIUM,58,NEW,2026-08-20 18:03:55,2026-08-24 23:35:45,NL,Synthetic telemetry record analyzing phishing activity linked to defensive indicator 198.51.100.109.,Initial Access,Phishing: Spearphishing Voice,T1566.004,,
THR-2026-1874,2026-08-16 06:55:19,Urgent Security Notification Lure #74,PHISHING,IP ADDRESS,203.0.113.190,Community Submission,C – Fairly Reliable,72,LOW,30,MONITORING,2026-08-13 00:18:15,2026-08-16 06:55:19,CA,Synthetic telemetry record analyzing phishing activity linked to defensive indicator 203.0.113.190.,Initial Access,Phishing: Spearphishing Voice,T1566.004,,
THR-2026-1875,2026-09-07 14:38:57,VSS Shadow Copy Invalidation Stub #75,RANSOMWARE,DOMAIN,sub37.auth-gateway.example.com,Internal SOC,A – Highly Reliable,70,LOW,35,FALSE_POSITIVE,2026-09-06 07:09:41,2026-09-07 14:38:57,DE,Synthetic telemetry record analyzing ransomware activity linked to defensive indicator sub37.auth-gateway.example.com.,Infiltration,Lateral Movement: SMB/Windows Admin Shares,T1021.002,,
THR-2026-1876,2026-08-13 03:29:59,OAuth High-Privilege Consent Grant #76,ACCOUNT SECURITY,DOMAIN,service.auth-gateway.example.com,Community Submission,C – Fairly Reliable,68,INFORMATIONAL,11,UNDER_REVIEW,2026-08-08 18:02:44,2026-08-13 03:29:59,AU,Synthetic telemetry record analyzing account security activity linked to defensive indicator service.auth-gateway.example.com.,,,,,
THR-2026-1877,2026-09-17 08:00:19,Generic Modular Loader Simulation #77,MALWARE,CVE ID,CVE-2026-4401,Internal SOC,A – Highly Reliable,79,HIGH,74,MONITORING,2026-09-15 06:23:24,2026-09-17 08:00:19,AU,Synthetic telemetry record analyzing malware activity linked to defensive indicator CVE-2026-4401.,Command and Control,Application Layer Protocol,T1071,CVE-2026-4401,CAMP-DEFENSE-021
THR-2026-1878,2026-09-18 01:41:42,QR Code Phishing (Quishing) Test #78,SOCIAL ENGINEERING,FILE HASH,0fa06a70f7fc7ef9e23045456437b3eef65a4ebf4afc830edfe52ac215dfdef8,Security Vendor,A – Highly Reliable,59,MEDIUM,59,NEW,2026-09-14 03:54:31,2026-09-18 01:41:42,Global,Synthetic telemetry record analyzing social engineering activity linked to defensive indicator 0fa06a70f7fc7ef9e23045456437b3eef65a4ebf4afc830edfe52ac215dfdef8.,Execution,User Execution: Malicious Link,T1204.001,,
THR-2026-1879,2026-09-09 16:54:48,Watering Hole Redirector Demo #79,SOCIAL ENGINEERING,IP ADDRESS,192.0.2.98,Community Submission,C – Fairly Reliable,81,MEDIUM,60,UNDER_REVIEW,2026-09-06 18:55:57,2026-09-09 16:54:48,JP,Synthetic telemetry record analyzing social engineering activity linked to defensive indicator 192.0.2.98.,Initial Access,Replication Through Removable Media,T1091,,CAMP-DEFENSE-020
THR-2026-1880,2026-07-24 23:33:49,Cross-Site Scripting Injection Probe #80,WEB THREATS,CVE ID,CVE-2026-7734,Public Threat Feed,B – Usually Reliable,94,CRITICAL,94,CLOSED,2026-07-23 17:45:58,2026-07-24 23:33:49,DE,Synthetic telemetry record analyzing web threats activity linked to defensive indicator CVE-2026-7734.,Command and Control,Web Service: Dead Drop Resolver,T1102.001,CVE-2026-7734,
THR-2026-1881,2026-09-29 03:09:09,Cross-Site Scripting Injection Probe #81,WEB THREATS,DOMAIN,service.doc-share.example.org,Public Threat Feed,B – Usually Reliable,50,INFORMATIONAL,20,MONITORING,2026-09-25 14:14:55,2026-09-29 03:09:09,Global,Synthetic telemetry record analyzing web threats activity linked to defensive indicator service.doc-share.example.org.,,,,,
THR-2026-1882,2026-08-14 14:40:36,Legacy WebDAV Exploit Sweep #82,VULNERABILITY EXPOSURE,CVE ID,CVE-2026-3390,Research Report,B – Usually Reliable,56,INFORMATIONAL,16,UNDER_REVIEW,2026-08-09 23:11:17,2026-08-14 14:40:36,NL,Synthetic telemetry record analyzing vulnerability exposure activity linked to defensive indicator CVE-2026-3390.,,,,CVE-2026-3390,CAMP-DEFENSE-024
THR-2026-1883,2026-07-06 10:00:29,QR Code Phishing (Quishing) Test #83,SOCIAL ENGINEERING,DOMAIN,service.update-service.example.org,Unknown Source,D – Reliability Unknown,32,INFORMATIONAL,9,UNDER_REVIEW,2026-07-04 10:34:33,2026-07-06 10:00:29,CA,Synthetic telemetry record analyzing social engineering activity linked to defensive indicator service.update-service.example.org.,Execution,User Execution: Malicious Link,T1204.001,CVE-2026-1042,CAMP-DEFENSE-011
THR-2026-1884,2026-09-13 17:38:53,Password Spraying against ADFS Demo #84,CREDENTIAL THREATS,CVE ID,CVE-2026-3390,Community Submission,C – Fairly Reliable,94,CRITICAL,91,UNDER_REVIEW,2026-09-09 13:58:43,2026-09-13 17:38:53,DE,Synthetic telemetry record analyzing credential threats activity linked to defensive indicator CVE-2026-3390.,Credential Access,Credentials in Files,T1552.001,CVE-2026-3390,CAMP-DEFENSE-015
THR-2026-1885,2026-07-06 17:27:10,Memory Injection Testing Stub #85,MALWARE,FILE HASH,310c5c8d58dab69f5997b7cea52b0fd962aec71b0fa62e1786d2d4f3bd281246,Research Report,B – Usually Reliable,57,LOW,37,UNDER_REVIEW,2026-07-04 10:43:37,2026-07-06 17:27:10,DE,Synthetic telemetry record analyzing malware activity linked to defensive indicator 310c5c8d58dab69f5997b7cea52b0fd962aec71b0fa62e1786d2d4f3bd281246.,,,,,
THR-2026-1886,2026-07-27 15:56:26,InfoStealer Demo Artifact #86,MALWARE,DOMAIN,service.security-alert.example.net,Public Threat Feed,B – Usually Reliable,64,LOW,21,CLOSED,2026-07-26 20:41:47,2026-07-27 15:56:26,IN,Synthetic telemetry record analyzing malware activity linked to defensive indicator service.security-alert.example.net.,,,,,CAMP-DEFENSE-024
THR-2026-1887,2026-08-12 02:19:21,Extortion Double-Dip Campaign #87,RANSOMWARE,CVE ID,CVE-2026-8845,Unknown Source,D – Reliability Unknown,37,LOW,26,UNDER_REVIEW,2026-08-09 12:58:10,2026-08-12 02:19:21,DE,Synthetic telemetry record analyzing ransomware activity linked to defensive indicator CVE-2026-8845.,,,,CVE-2026-8845,
THR-2026-1888,2026-07-28 22:10:40,VSS Shadow Copy Invalidation Stub #88,RANSOMWARE,CVE ID,CVE-2026-1042,Security Vendor,A – Highly Reliable,77,HIGH,70,NEW,2026-07-24 00:23:13,2026-07-28 22:10:40,US,Synthetic telemetry record analyzing ransomware activity linked to defensive indicator CVE-2026-1042.,Impact,Data Encrypted for Impact,T1486,CVE-2026-1042,
THR-2026-1889,2026-09-25 01:57:36,Unencrypted Diagnostic Log Leak #89,DATA EXPOSURE,URL,https://update-service.example.org/secure/portal/auth?session_id=5151,Unknown Source,D – Reliability Unknown,74,LOW,40,MONITORING,2026-09-21 16:08:05,2026-09-25 01:57:36,SG,Synthetic telemetry record analyzing data exposure activity linked to defensive indicator https://update-service.example.org/secure/portal/auth?session_id=5151.,Exfiltration,Exfiltration Over Web Service,T1567,,CAMP-DEFENSE-006
THR-2026-1890,2026-09-29 16:04:19,Port 445 Scanning in Perimeter #90,NETWORK THREATS,IP ADDRESS,203.0.113.182,Internal SOC,A – Highly Reliable,59,INFORMATIONAL,8,NEW,2026-09-27 20:27:36,2026-09-29 16:04:19,NL,Synthetic telemetry record analyzing network threats activity linked to defensive indicator 203.0.113.182.,Discovery,Network Sniffing,T1040,,
THR-2026-1891,2026-07-03 18:33:36,Corporate SSO Impersonation Portal #91,PHISHING,IP ADDRESS,192.0.2.108,Internal SOC,A – Highly Reliable,39,LOW,22,NEW,2026-07-03 02:24:12,2026-07-03 18:33:36,BR,Synthetic telemetry record analyzing phishing activity linked to defensive indicator 192.0.2.108.,Initial Access,Phishing: Spearphishing Voice,T1566.004,,
THR-2026-1892,2026-07-03 19:08:17,VSS Shadow Copy Invalidation Stub #92,RANSOMWARE,CVE ID,CVE-2026-9956,Security Vendor,A – Highly Reliable,57,LOW,24,NEW,2026-07-02 03:25:51,2026-07-03 19:08:17,CH,Synthetic telemetry record analyzing ransomware activity linked to defensive indicator CVE-2026-9956.,Impact,Data Encrypted for Impact,T1486,CVE-2026-9956,CAMP-DEFENSE-020
THR-2026-1893,2026-08-27 15:49:48,Edge Gateway Remote Buffer Trigger #93,VULNERABILITY EXPOSURE,DOMAIN,service.doc-share.example.org,Community Submission,C – Fairly Reliable,60,HIGH,70,CLOSED,2026-08-24 20:51:06,2026-08-27 15:49:48,US,Synthetic telemetry record analyzing vulnerability exposure activity linked to defensive indicator service.doc-share.example.org.,Initial Access,Exploit Public-Facing Application,T1190,CVE-2026-5512,
THR-2026-1894,2026-08-10 03:34:38,Edge Gateway Remote Buffer Trigger #94,VULNERABILITY EXPOSURE,IP ADDRESS,198.51.100.101,Public Threat Feed,B – Usually Reliable,63,MEDIUM,50,MONITORING,2026-08-10 03:03:47,2026-08-10 03:34:38,CA,Synthetic telemetry record analyzing vulnerability exposure activity linked to defensive indicator 198.51.100.101.,Privilege Escalation,Exploitation for Privilege Escalation,T1068,CVE-2026-9956,CAMP-DEFENSE-011
THR-2026-1895,2026-09-30 23:50:52,Legacy WebDAV Exploit Sweep #95,VULNERABILITY EXPOSURE,URL,https://update-service.example.org/update/agent-installer?session_id=3784,Community Submission,C – Fairly Reliable,20,INFORMATIONAL,16,UNDER_REVIEW,2026-09-30 08:17:47,2026-09-30 23:50:52,DE,Synthetic telemetry record analyzing vulnerability exposure activity linked to defensive indicator https://update-service.example.org/update/agent-installer?session_id=3784.,Initial Access,Exploit Public-Facing Application,T1190,CVE-2026-1188,
THR-2026-1896,2026-07-29 15:16:03,Compromised Service Account Pattern #96,CREDENTIAL THREATS,IP ADDRESS,198.51.100.215,Security Vendor,A – Highly Reliable,53,MEDIUM,46,NEW,2026-07-27 18:34:13,2026-07-29 15:16:03,BR,Synthetic telemetry record analyzing credential threats activity linked to defensive indicator 198.51.100.215.,Credential Access,Credentials in Files,T1552.001,,CAMP-DEFENSE-018
THR-2026-1897,2026-08-30 20:46:55,Watering Hole Redirector Demo #97,SOCIAL ENGINEERING,CVE ID,CVE-2026-6623,Security Vendor,A – Highly Reliable,51,INFORMATIONAL,14,MONITORING,2026-08-29 12:15:37,2026-08-30 20:46:55,US,Synthetic telemetry record analyzing social engineering activity linked to defensive indicator CVE-2026-6623.,Initial Access,Replication Through Removable Media,T1091,CVE-2026-6623,
THR-2026-1898,2026-07-23 12:40:08,InfoStealer Demo Artifact #98,MALWARE,IP ADDRESS,192.0.2.235,Public Threat Feed,B – Usually Reliable,41,LOW,34,UNDER_REVIEW,2026-07-19 10:37:14,2026-07-23 12:40:08,DE,Synthetic telemetry record analyzing malware activity linked to defensive indicator 192.0.2.235.,Command and Control,Application Layer Protocol,T1071,,
THR-2026-1899,2026-09-08 10:00:02,QR Code Phishing (Quishing) Test #99,SOCIAL ENGINEERING,URL,https://security-alert.example.net/verify-account/prompt?session_id=4898,Internal SOC,A – Highly Reliable,88,HIGH,78,NEW,2026-09-03 14:20:23,2026-09-08 10:00:02,DE,Synthetic telemetry record analyzing social engineering activity linked to defensive indicator https://security-alert.example.net/verify-account/prompt?session_id=4898.,Initial Access,Replication Through Removable Media,T1091,,
THR-2026-1900,2026-07-07 06:10:34,Server-Side Request Forgery Pattern #00,WEB THREATS,DOMAIN,service.telemetry-sync.example.net,Public Threat Feed,B – Usually Reliable,68,MEDIUM,50,UNDER_REVIEW,2026-07-05 14:45:32,2026-07-07 06:10:34,CA,Synthetic telemetry record analyzing web threats activity linked to defensive indicator service.telemetry-sync.example.net.,Initial Access,Exploit Public-Facing Application,T1190,CVE-2026-6623,
THR-2026-1901,2026-09-14 09:10:46,OAuth High-Privilege Consent Grant #01,ACCOUNT SECURITY,EMAIL/SENDER DOMAIN,billing-verify@example.com,Unknown Source,D – Reliability Unknown,59,MEDIUM,58,FALSE_POSITIVE,2026-09-12 03:16:26,2026-09-14 09:10:46,JP,Synthetic telemetry record analyzing account security activity linked to defensive indicator billing-verify@example.com.,,,,,CAMP-DEFENSE-014
THR-2026-1902,2026-07-03 15:46:53,Port 445 Scanning in Perimeter #02,NETWORK THREATS,CVE ID,CVE-2026-2189,Internal SOC,A – Highly Reliable,78,MEDIUM,52,MONITORING,2026-07-03 15:42:50,2026-07-03 15:46:53,GB,Synthetic telemetry record analyzing network threats activity linked to defensive indicator CVE-2026-2189.,Discovery,Network Service Scanning,T1046,CVE-2026-2189,
THR-2026-1903,2026-08-08 19:35:05,InfoStealer Demo Artifact #03,MALWARE,DOMAIN,service.session-manager.invalid,Community Submission,C – Fairly Reliable,37,INFORMATIONAL,11,MONITORING,2026-08-06 22:28:10,2026-08-08 19:35:05,US,Synthetic telemetry record analyzing malware activity linked to defensive indicator service.session-manager.invalid.,Command and Control,Application Layer Protocol,T1071,,CAMP-DEFENSE-017
THR-2026-1904,2026-09-09 03:55:52,Executive Pretexting Call Campaign #04,SOCIAL ENGINEERING,URL,https://doc-share.example.org/download/security-patch.bin?session_id=2914,Unknown Source,D – Reliability Unknown,81,MEDIUM,56,MONITORING,2026-09-04 23:28:44,2026-09-09 03:55:52,Global,Synthetic telemetry record analyzing social engineering activity linked to defensive indicator https://doc-share.example.org/download/security-patch.bin?session_id=2914.,Initial Access,Trusted Relationship,T1199,,CAMP-DEFENSE-011
THR-2026-1905,2026-07-14 00:45:06,Compromised Service Account Pattern #05,CREDENTIAL THREATS,DOMAIN,sub72.session-manager.invalid,Community Submission,C – Fairly Reliable,76,HIGH,65,MONITORING,2026-07-10 15:33:23,2026-07-14 00:45:06,FR,Synthetic telemetry record analyzing credential threats activity linked to defensive indicator sub72.session-manager.invalid.,Credential Access,Credentials in Files,T1552.001,,
THR-2026-1906,2026-08-20 07:06:45,Encrypted Payload Delivery Simulation #06,MALWARE,EMAIL/SENDER DOMAIN,support-desk@example.org,Community Submission,C – Fairly Reliable,61,INFORMATIONAL,5,MONITORING,2026-08-16 19:30:41,2026-08-20 07:06:45,Global,Synthetic telemetry record analyzing malware activity linked to defensive indicator support-desk@example.org.,,,,,
THR-2026-1907,2026-09-21 09:34:30,SQLi Pattern on Public Gateway #07,WEB THREATS,URL,https://invoice-verify.invalid/session/token-exchange?session_id=6074,Public Threat Feed,B – Usually Reliable,55,MEDIUM,59,UNDER_REVIEW,2026-09-16 14:00:49,2026-09-21 09:34:30,JP,Synthetic telemetry record analyzing web threats activity linked to defensive indicator https://invoice-verify.invalid/session/token-exchange?session_id=6074.,Initial Access,Exploit Public-Facing Application,T1190,,
THR-2026-1908,2026-07-09 02:36:47,Executive Pretexting Call Campaign #08,SOCIAL ENGINEERING,URL,https://support-desk.invalid/download/security-patch.bin?session_id=7406,Internal SOC,A – Highly Reliable,71,LOW,39,FALSE_POSITIVE,2026-07-05 10:34:41,2026-07-09 02:36:47,CA,Synthetic telemetry record analyzing social engineering activity linked to defensive indicator https://support-desk.invalid/download/security-patch.bin?session_id=7406.,Initial Access,Replication Through Removable Media,T1091,,
THR-2026-1909,2026-08-29 14:30:17,MFA Fatigue Authentication Surge #09,ACCOUNT SECURITY,CVE ID,CVE-2026-9956,Research Report,B – Usually Reliable,76,MEDIUM,48,UNDER_REVIEW,2026-08-25 07:53:46,2026-08-29 14:30:17,JP,Synthetic telemetry record analyzing account security activity linked to defensive indicator CVE-2026-9956.,Persistence,Create Account: Local Account,T1136.001,CVE-2026-9956,CAMP-DEFENSE-016
THR-2026-1910,2026-09-12 09:23:27,Fake Invoice Redirector #10,PHISHING,FILE HASH,d01794d9852a8cc602fb7e217b229e14e35a0030f6f3803dcb89207b48c9958c,Unknown Source,D – Reliability Unknown,74,MEDIUM,44,MONITORING,2026-09-07 09:51:41,2026-09-12 09:23:27,SG,Synthetic telemetry record analyzing phishing activity linked to defensive indicator d01794d9852a8cc602fb7e217b229e14e35a0030f6f3803dcb89207b48c9958c.,Initial Access,Phishing: Spearphishing Attachment,T1566.001,,
THR-2026-1911,2026-08-16 15:50:20,Fake Invoice Redirector #11,PHISHING,CVE ID,CVE-2026-9956,Research Report,B – Usually Reliable,57,MEDIUM,45,NEW,2026-08-15 13:41:22,2026-08-16 15:50:20,AU,Synthetic telemetry record analyzing phishing activity linked to defensive indicator CVE-2026-9956.,Initial Access,Phishing: Spearphishing Voice,T1566.004,CVE-2026-9956,CAMP-DEFENSE-001
THR-2026-1912,2026-07-07 13:23:21,Dormant Administrator Account Activation #12,ACCOUNT SECURITY,EMAIL/SENDER DOMAIN,payroll-alert@example.net,Security Vendor,A – Highly Reliable,67,HIGH,66,CLOSED,2026-07-05 21:25:31,2026-07-07 13:23:21,NL,Synthetic telemetry record analyzing account security activity linked to defensive indicator payroll-alert@example.net.,,,,,CAMP-DEFENSE-022
THR-2026-1913,2026-08-01 23:54:40,VSS Shadow Copy Invalidation Stub #13,RANSOMWARE,FILE HASH,8234beffa1cc0e52880b318094771e417ae1185e83e9598e360399e19fb90d20,Unknown Source,D – Reliability Unknown,58,LOW,40,NEW,2026-07-31 08:11:22,2026-08-01 23:54:40,CA,Synthetic telemetry record analyzing ransomware activity linked to defensive indicator 8234beffa1cc0e52880b318094771e417ae1185e83e9598e360399e19fb90d20.,Impact,Inhibit System Recovery,T1490,,CAMP-DEFENSE-005
THR-2026-1914,2026-09-09 11:14:52,Memory Injection Testing Stub #14,MALWARE,URL,https://doc-share.example.org/api/v1/health-check?session_id=1546,Community Submission,C – Fairly Reliable,47,MEDIUM,55,NEW,2026-09-07 16:24:56,2026-09-09 11:14:52,JP,Synthetic telemetry record analyzing malware activity linked to defensive indicator https://doc-share.example.org/api/v1/health-check?session_id=1546.,Execution,User Execution: Malicious File,T1204.002,CVE-2026-7734,CAMP-DEFENSE-009
THR-2026-1915,2026-09-21 07:46:02,Cross-Site Scripting Injection Probe #15,WEB THREATS,URL,https://support-desk.invalid/session/token-exchange?session_id=8702,Research Report,B – Usually Reliable,83,MEDIUM,48,MONITORING,2026-09-20 12:33:12,2026-09-21 07:46:02,AU,Synthetic telemetry record analyzing web threats activity linked to defensive indicator https://support-desk.invalid/session/token-exchange?session_id=8702.,,,,,
THR-2026-1916,2026-09-22 00:34:23,ICMP Covert Beaconing Pattern #16,NETWORK THREATS,IP ADDRESS,198.51.100.189,Research Report,B – Usually Reliable,80,HIGH,78,UNDER_REVIEW,2026-09-21 06:06:52,2026-09-22 00:34:23,FR,Synthetic telemetry record analyzing network threats activity linked to defensive indicator 198.51.100.189.,Discovery,Network Sniffing,T1040,,
THR-2026-1917,2026-09-02 04:52:42,ICMP Covert Beaconing Pattern #17,NETWORK THREATS,DOMAIN,sub42.cdn-cache.example.com,Public Threat Feed,B – Usually Reliable,53,MEDIUM,42,UNDER_REVIEW,2026-08-28 12:07:44,2026-09-02 04:52:42,Global,Synthetic telemetry record analyzing network threats activity linked to defensive indicator sub42.cdn-cache.example.com.,Discovery,Network Service Scanning,T1046,,
THR-2026-1918,2026-08-04 05:25:56,Sensitive API Endpoint Exposure #18,DATA EXPOSURE,EMAIL/SENDER DOMAIN,support-desk@example.org,Security Vendor,A – Highly Reliable,78,HIGH,67,NEW,2026-08-01 18:51:11,2026-08-04 05:25:56,CH,Synthetic telemetry record analyzing data exposure activity linked to defensive indicator support-desk@example.org.,Exfiltration,Exfiltration Over Web Service,T1567,,
THR-2026-1919,2026-08-02 22:05:47,Synthetic Token Theft Activity #19,CREDENTIAL THREATS,FILE HASH,b89e359963e7c7d8220edc1d808beaaa846a42953d7f319b1361a0e40fd7696d,Unknown Source,D – Reliability Unknown,66,LOW,34,MONITORING,2026-07-29 19:44:32,2026-08-02 22:05:47,SG,Synthetic telemetry record analyzing credential threats activity linked to defensive indicator b89e359963e7c7d8220edc1d808beaaa846a42953d7f319b1361a0e40fd7696d.,,,,,CAMP-DEFENSE-002
THR-2026-1920,2026-09-27 23:29:47,Fake Invoice Redirector #20,PHISHING,FILE HASH,196953986634d3c27d7d58302190f429b5096f63b085cef72a580ef466b93caf,Community Submission,C – Fairly Reliable,93,CRITICAL,81,NEW,2026-09-24 18:17:55,2026-09-27 23:29:47,JP,Synthetic telemetry record analyzing phishing activity linked to defensive indicator 196953986634d3c27d7d58302190f429b5096f63b085cef72a580ef466b93caf.,,,,,CAMP-DEFENSE-002
THR-2026-1921,2026-08-08 10:54:41,SQLi Pattern on Public Gateway #21,WEB THREATS,EMAIL/SENDER DOMAIN,billing-verify@corporate-demo.invalid,Research Report,B – Usually Reliable,75,CRITICAL,93,MONITORING,2026-08-03 23:37:33,2026-08-08 10:54:41,IN,Synthetic telemetry record analyzing web threats activity linked to defensive indicator billing-verify@corporate-demo.invalid.,Command and Control,Web Service: Dead Drop Resolver,T1102.001,,
THR-2026-1922,2026-08-10 08:31:32,InfoStealer Demo Artifact #22,MALWARE,CVE ID,CVE-2026-6623,Security Vendor,A – Highly Reliable,52,MEDIUM,45,NEW,2026-08-08 11:10:29,2026-08-10 08:31:32,AU,Synthetic telemetry record analyzing malware activity linked to defensive indicator CVE-2026-6623.,,,,CVE-2026-6623,CAMP-DEFENSE-016
THR-2026-1923,2026-08-16 09:15:54,Urgent Security Notification Lure #23,PHISHING,IP ADDRESS,203.0.113.33,Security Vendor,A – Highly Reliable,56,MEDIUM,49,UNDER_REVIEW,2026-08-13 02:58:51,2026-08-16 09:15:54,Global,Synthetic telemetry record analyzing phishing activity linked to defensive indicator 203.0.113.33.,Initial Access,Phishing: Spearphishing Link,T1566.002,,
THR-2026-1924,2026-09-13 22:04:14,Admin Share Lateral Probe #24,RANSOMWARE,EMAIL/SENDER DOMAIN,hr-notices@example.com,Research Report,B – Usually Reliable,50,MEDIUM,41,NEW,2026-09-13 03:01:01,2026-09-13 22:04:14,JP,Synthetic telemetry record analyzing ransomware activity linked to defensive indicator hr-notices@example.com.,Impact,Data Encrypted for Impact,T1486,,
THR-2026-1925,2026-08-17 01:44:45,Legacy WebDAV Exploit Sweep #25,VULNERABILITY EXPOSURE,CVE ID,CVE-2026-7734,Public Threat Feed,B – Usually Reliable,75,HIGH,69,CLOSED,2026-08-15 10:51:38,2026-08-17 01:44:45,JP,Synthetic telemetry record analyzing vulnerability exposure activity linked to defensive indicator CVE-2026-7734.,Lateral Movement,Exploitation of Remote Services,T1210,CVE-2026-7734,
THR-2026-1926,2026-08-29 19:00:28,Watering Hole Redirector Demo #26,SOCIAL ENGINEERING,DOMAIN,sub42.cdn-cache.example.com,Security Vendor,A – Highly Reliable,75,MEDIUM,49,CLOSED,2026-08-28 16:54:20,2026-08-29 19:00:28,AU,Synthetic telemetry record analyzing social engineering activity linked to defensive indicator sub42.cdn-cache.example.com.,Initial Access,Trusted Relationship,T1199,,
THR-2026-1927,2026-07-03 22:55:46,Port 445 Scanning in Perimeter #27,NETWORK THREATS,FILE HASH,f49a4e38b129edec67dd814acdc08c93febf6aae5939e395265d4f76e95a1d18,Internal SOC,A – Highly Reliable,86,CRITICAL,97,NEW,2026-07-03 12:33:37,2026-07-03 22:55:46,FR,Synthetic telemetry record analyzing network threats activity linked to defensive indicator f49a4e38b129edec67dd814acdc08c93febf6aae5939e395265d4f76e95a1d18.,Discovery,Network Service Scanning,T1046,,CAMP-DEFENSE-017
THR-2026-1928,2026-07-29 17:13:09,VSS Shadow Copy Invalidation Stub #28,RANSOMWARE,FILE HASH,beeed82bf68c0b96b48351b32f15101c17c9cdc19beeaafb7a7b17ed1e8aa04c,Internal SOC,A – Highly Reliable,31,LOW,35,MONITORING,2026-07-25 22:30:45,2026-07-29 17:13:09,US,Synthetic telemetry record analyzing ransomware activity linked to defensive indicator beeed82bf68c0b96b48351b32f15101c17c9cdc19beeaafb7a7b17ed1e8aa04c.,,,,,
THR-2026-1929,2026-08-13 12:33:55,DNS Tunneling Exfiltration Signature #29,NETWORK THREATS,FILE HASH,24af52058f1e58ac23e308dc9d9b1c3b1444ae9a9da68c4914834e90a5311016,Research Report,B – Usually Reliable,54,LOW,33,UNDER_REVIEW,2026-08-13 11:17:46,2026-08-13 12:33:55,GB,Synthetic telemetry record analyzing network threats activity linked to defensive indicator 24af52058f1e58ac23e308dc9d9b1c3b1444ae9a9da68c4914834e90a5311016.,Command and Control,Protocol Tunneling,T1572,,
THR-2026-1930,2026-07-14 04:39:32,QR Code Phishing (Quishing) Test #30,SOCIAL ENGINEERING,EMAIL/SENDER DOMAIN,payroll-alert@example.org,Internal SOC,A – Highly Reliable,87,CRITICAL,85,UNDER_REVIEW,2026-07-10 09:20:33,2026-07-14 04:39:32,Global,Synthetic telemetry record analyzing social engineering activity linked to defensive indicator payroll-alert@example.org.,Initial Access,Replication Through Removable Media,T1091,,
THR-2026-1931,2026-07-05 11:24:00,Urgent Security Notification Lure #31,PHISHING,IP ADDRESS,203.0.113.155,Internal SOC,A – Highly Reliable,63,LOW,21,MONITORING,2026-07-02 16:38:10,2026-07-05 11:24:00,CA,Synthetic telemetry record analyzing phishing activity linked to defensive indicator 203.0.113.155.,Initial Access,Phishing: Spearphishing Voice,T1566.004,,CAMP-DEFENSE-017
THR-2026-1932,2026-08-03 23:36:37,Memory Injection Testing Stub #32,MALWARE,URL,https://update-service.example.org/verify-account/prompt?session_id=8856,Research Report,B – Usually Reliable,23,INFORMATIONAL,14,UNDER_REVIEW,2026-07-31 08:40:00,2026-08-03 23:36:37,IN,Synthetic telemetry record analyzing malware activity linked to defensive indicator https://update-service.example.org/verify-account/prompt?session_id=8856.,Execution,User Execution: Malicious File,T1204.002,,
THR-2026-1933,2026-07-11 07:50:35,Legacy WebDAV Exploit Sweep #33,VULNERABILITY EXPOSURE,FILE HASH,d0085ab20d077947b950ee2f8300a96b6a0144c0a85a37cd3d0c50707c75bd14,Unknown Source,D – Reliability Unknown,49,MEDIUM,51,NEW,2026-07-09 06:22:08,2026-07-11 07:50:35,US,Synthetic telemetry record analyzing vulnerability exposure activity linked to defensive indicator d0085ab20d077947b950ee2f8300a96b6a0144c0a85a37cd3d0c50707c75bd14.,,,,CVE-2026-1188,
THR-2026-1934,2026-09-28 19:01:15,InfoStealer Demo Artifact #34,MALWARE,FILE HASH,f111c378d5a57a16fd92f433acdc3ab2c8d18c10c5d5d5bba52e668adc94e850,Public Threat Feed,B – Usually Reliable,67,MEDIUM,45,CLOSED,2026-09-27 21:49:39,2026-09-28 19:01:15,CH,Synthetic telemetry record analyzing malware activity linked to defensive indicator f111c378d5a57a16fd92f433acdc3ab2c8d18c10c5d5d5bba52e668adc94e850.,Command and Control,Application Layer Protocol,T1071,,
THR-2026-1935,2026-09-15 20:10:19,Dormant Administrator Account Activation #35,ACCOUNT SECURITY,DOMAIN,service.login-check.invalid,Unknown Source,D – Reliability Unknown,83,MEDIUM,60,MONITORING,2026-09-11 08:01:32,2026-09-15 20:10:19,BR,Synthetic telemetry record analyzing account security activity linked to defensive indicator service.login-check.invalid.,Persistence,Create Account: Local Account,T1136.001,,
THR-2026-1936,2026-07-15 08:48:49,Synthetic Token Theft Activity #36,CREDENTIAL THREATS,EMAIL/SENDER DOMAIN,security-admin@example.net,Community Submission,C – Fairly Reliable,86,HIGH,69,MONITORING,2026-07-10 10:16:55,2026-07-15 08:48:49,BR,Synthetic telemetry record analyzing credential threats activity linked to defensive indicator security-admin@example.net.,Credential Access,OS Credential Dumping,T1003,,
THR-2026-1937,2026-09-05 18:22:51,Extortion Double-Dip Campaign #37,RANSOMWARE,IP ADDRESS,198.51.100.22,Research Report,B – Usually Reliable,69,HIGH,75,UNDER_REVIEW,2026-09-04 00:28:27,2026-09-05 18:22:51,NL,Synthetic telemetry record analyzing ransomware activity linked to defensive indicator 198.51.100.22.,,,,,
THR-2026-1938,2026-07-21 17:40:22,Executive Pretexting Call Campaign #38,SOCIAL ENGINEERING,EMAIL/SENDER DOMAIN,hr-notices@corporate-demo.invalid,Research Report,B – Usually Reliable,73,MEDIUM,60,MONITORING,2026-07-19 18:12:59,2026-07-21 17:40:22,FR,Synthetic telemetry record analyzing social engineering activity linked to defensive indicator hr-notices@corporate-demo.invalid.,Initial Access,Replication Through Removable Media,T1091,,
THR-2026-1939,2026-08-08 11:49:10,DNS Tunneling Exfiltration Signature #39,NETWORK THREATS,URL,https://invoice-verify.invalid/download/security-patch.bin?session_id=8500,Public Threat Feed,B – Usually Reliable,84,MEDIUM,50,MONITORING,2026-08-08 06:14:54,2026-08-08 11:49:10,NL,Synthetic telemetry record analyzing network threats activity linked to defensive indicator https://invoice-verify.invalid/download/security-patch.bin?session_id=8500.,Discovery,Network Sniffing,T1040,,CAMP-DEFENSE-019
THR-2026-1940,2026-07-27 06:54:16,Anomalous SSH Bastion Brute Force #40,NETWORK THREATS,EMAIL/SENDER DOMAIN,security-admin@example.org,Public Threat Feed,B – Usually Reliable,66,MEDIUM,49,NEW,2026-07-23 22:02:37,2026-07-27 06:54:16,SG,Synthetic telemetry record analyzing network threats activity linked to defensive indicator security-admin@example.org.,,,,,
THR-2026-1941,2026-07-12 06:49:15,Synthetic Token Theft Activity #41,CREDENTIAL THREATS,URL,https://update-service.example.org/secure/portal/auth?session_id=2790,Internal SOC,A – Highly Reliable,81,CRITICAL,97,UNDER_REVIEW,2026-07-11 19:57:26,2026-07-12 06:49:15,IN,Synthetic telemetry record analyzing credential threats activity linked to defensive indicator https://update-service.example.org/secure/portal/auth?session_id=2790.,Credential Access,Brute Force: Password Spraying,T1110.003,,CAMP-DEFENSE-022
THR-2026-1942,2026-08-25 06:33:40,Password Spraying against ADFS Demo #42,CREDENTIAL THREATS,DOMAIN,service.cdn-cache.example.com,Community Submission,C – Fairly Reliable,76,LOW,35,UNDER_REVIEW,2026-08-22 18:33:05,2026-08-25 06:33:40,GB,Synthetic telemetry record analyzing credential threats activity linked to defensive indicator service.cdn-cache.example.com.,Credential Access,Credentials in Files,T1552.001,,
THR-2026-1943,2026-09-17 09:28:01,VSS Shadow Copy Invalidation Stub #43,RANSOMWARE,CVE ID,CVE-2026-5512,Public Threat Feed,B – Usually Reliable,70,CRITICAL,85,NEW,2026-09-14 07:31:22,2026-09-17 09:28:01,Global,Synthetic telemetry record analyzing ransomware activity linked to defensive indicator CVE-2026-5512.,Infiltration,Lateral Movement: SMB/Windows Admin Shares,T1021.002,CVE-2026-5512,
THR-2026-1944,2026-07-06 06:12:40,Unencrypted Diagnostic Log Leak #44,DATA EXPOSURE,IP ADDRESS,203.0.113.157,Security Vendor,A – Highly Reliable,81,HIGH,76,UNDER_REVIEW,2026-07-01 23:44:50,2026-07-06 06:12:40,GB,Synthetic telemetry record analyzing data exposure activity linked to defensive indicator 203.0.113.157.,Collection,Data from Cloud Storage,T1530,,
THR-2026-1945,2026-08-13 02:00:17,Dormant Administrator Account Activation #45,ACCOUNT SECURITY,DOMAIN,sub23.invoice-verify.invalid,Unknown Source,D – Reliability Unknown,50,MEDIUM,46,UNDER_REVIEW,2026-08-11 19:45:22,2026-08-13 02:00:17,SG,Synthetic telemetry record analyzing account security activity linked to defensive indicator sub23.invoice-verify.invalid.,Persistence,Account Manipulation: Additional Credentials,T1098.001,,
THR-2026-1946,2026-07-15 14:50:44,VSS Shadow Copy Invalidation Stub #46,RANSOMWARE,EMAIL/SENDER DOMAIN,hr-notices@corporate-demo.invalid,Research Report,B – Usually Reliable,78,MEDIUM,57,UNDER_REVIEW,2026-07-11 10:10:28,2026-07-15 14:50:44,SG,Synthetic telemetry record analyzing ransomware activity linked to defensive indicator hr-notices@corporate-demo.invalid.,Infiltration,Lateral Movement: SMB/Windows Admin Shares,T1021.002,,
THR-2026-1947,2026-07-06 10:19:51,Cross-Site Scripting Injection Probe #47,WEB THREATS,URL,https://cdn-cache.example.com/session/token-exchange?session_id=8404,Public Threat Feed,B – Usually Reliable,66,INFORMATIONAL,9,CLOSED,2026-07-05 06:03:32,2026-07-06 10:19:51,CH,Synthetic telemetry record analyzing web threats activity linked to defensive indicator https://cdn-cache.example.com/session/token-exchange?session_id=8404.,Command and Control,Web Service: Dead Drop Resolver,T1102.001,,
THR-2026-1948,2026-08-21 12:44:36,Anomalous SSH Bastion Brute Force #48,NETWORK THREATS,EMAIL/SENDER DOMAIN,security-admin@example.org,Unknown Source,D – Reliability Unknown,36,INFORMATIONAL,11,CLOSED,2026-08-18 05:07:29,2026-08-21 12:44:36,Global,Synthetic telemetry record analyzing network threats activity linked to defensive indicator security-admin@example.org.,Discovery,Network Service Scanning,T1046,,CAMP-DEFENSE-005
THR-2026-1949,2026-07-28 16:47:18,Cross-Site Scripting Injection Probe #49,WEB THREATS,FILE HASH,f5262e037c348358396cbc8aad212b8280d5c7926e0da4188fed4de2acf7710f,Research Report,B – Usually Reliable,68,MEDIUM,43,CLOSED,2026-07-25 08:29:55,2026-07-28 16:47:18,Global,Synthetic telemetry record analyzing web threats activity linked to defensive indicator f5262e037c348358396cbc8aad212b8280d5c7926e0da4188fed4de2acf7710f.,Collection,Automated Collection: Web Scraping,T1119,,CAMP-DEFENSE-008
THR-2026-1950,2026-08-07 04:22:02,Fake IT Helpdesk Remote Access Lure #50,SOCIAL ENGINEERING,IP ADDRESS,203.0.113.108,Public Threat Feed,B – Usually Reliable,63,HIGH,68,CLOSED,2026-08-04 14:09:07,2026-08-07 04:22:02,NL,Synthetic telemetry record analyzing social engineering activity linked to defensive indicator 203.0.113.108.,Initial Access,Replication Through Removable Media,T1091,,
THR-2026-1951,2026-07-28 23:53:41,Fake Invoice Redirector #51,PHISHING,DOMAIN,sub96.update-service.example.org,Unknown Source,D – Reliability Unknown,60,INFORMATIONAL,18,UNDER_REVIEW,2026-07-24 10:52:55,2026-07-28 23:53:41,DE,Synthetic telemetry record analyzing phishing activity linked to defensive indicator sub96.update-service.example.org.,Initial Access,Phishing: Spearphishing Attachment,T1566.001,,
THR-2026-1952,2026-09-30 00:40:05,Encrypted Payload Delivery Simulation #52,MALWARE,DOMAIN,sub36.security-alert.example.net,Unknown Source,D – Reliability Unknown,64,LOW,36,UNDER_REVIEW,2026-09-27 07:19:27,2026-09-30 00:40:05,SG,Synthetic telemetry record analyzing malware activity linked to defensive indicator sub36.security-alert.example.net.,Execution,User Execution: Malicious File,T1204.002,,
THR-2026-1953,2026-09-10 11:47:55,MFA Fatigue Authentication Surge #53,ACCOUNT SECURITY,EMAIL/SENDER DOMAIN,support-desk@corporate-demo.invalid,Research Report,B – Usually Reliable,62,HIGH,70,MONITORING,2026-09-08 07:50:16,2026-09-10 11:47:55,SG,Synthetic telemetry record analyzing account security activity linked to defensive indicator support-desk@corporate-demo.invalid.,Persistence,Account Manipulation: Additional Credentials,T1098.001,,
THR-2026-1954,2026-08-15 06:30:10,Admin Share Lateral Probe #54,RANSOMWARE,IP ADDRESS,192.0.2.235,Unknown Source,D – Reliability Unknown,65,MEDIUM,42,MONITORING,2026-08-12 13:40:03,2026-08-15 06:30:10,GB,Synthetic telemetry record analyzing ransomware activity linked to defensive indicator 192.0.2.235.,Impact,Inhibit System Recovery,T1490,,
THR-2026-1955,2026-07-13 21:30:54,Exfiltration via Public Cloud Storage #55,DATA EXPOSURE,EMAIL/SENDER DOMAIN,hr-notices@example.net,Research Report,B – Usually Reliable,62,INFORMATIONAL,7,MONITORING,2026-07-12 06:06:51,2026-07-13 21:30:54,DE,Synthetic telemetry record analyzing data exposure activity linked to defensive indicator hr-notices@example.net.,Collection,Data from Cloud Storage,T1530,,
THR-2026-1956,2026-07-08 09:26:00,Admin Share Lateral Probe #56,RANSOMWARE,DOMAIN,sub12.telemetry-sync.example.net,Research Report,B – Usually Reliable,95,CRITICAL,85,UNDER_REVIEW,2026-07-05 18:40:44,2026-07-08 09:26:00,GB,Synthetic telemetry record analyzing ransomware activity linked to defensive indicator sub12.telemetry-sync.example.net.,Impact,Inhibit System Recovery,T1490,,
THR-2026-1957,2026-09-09 10:52:10,Fake IT Helpdesk Remote Access Lure #57,SOCIAL ENGINEERING,DOMAIN,sub58.login-check.invalid,Unknown Source,D – Reliability Unknown,84,CRITICAL,96,NEW,2026-09-09 10:06:52,2026-09-09 10:52:10,BR,Synthetic telemetry record analyzing social engineering activity linked to defensive indicator sub58.login-check.invalid.,Execution,User Execution: Malicious Link,T1204.001,,CAMP-DEFENSE-024
THR-2026-1958,2026-08-31 03:00:06,Exfiltration via Public Cloud Storage #58,DATA EXPOSURE,DOMAIN,sub44.client-token.example.org,Unknown Source,D – Reliability Unknown,75,HIGH,72,NEW,2026-08-26 18:35:29,2026-08-31 03:00:06,CA,Synthetic telemetry record analyzing data exposure activity linked to defensive indicator sub44.client-token.example.org.,Exfiltration,Exfiltration Over Alternative Protocol,T1048,,
THR-2026-1959,2026-08-31 18:45:22,Fake Invoice Redirector #59,PHISHING,IP ADDRESS,198.51.100.85,Security Vendor,A – Highly Reliable,48,MEDIUM,47,CLOSED,2026-08-29 23:58:55,2026-08-31 18:45:22,FR,Synthetic telemetry record analyzing phishing activity linked to defensive indicator 198.51.100.85.,Initial Access,Phishing: Spearphishing Attachment,T1566.001,,
THR-2026-1960,2026-09-03 06:03:24,Port 445 Scanning in Perimeter #60,NETWORK THREATS,FILE HASH,b865ff4f24bfffd3c7067480d2862c1c8fe0240f08c534a0bd2e1bd7335ea87e,Internal SOC,A – Highly Reliable,51,LOW,25,MONITORING,2026-09-02 10:28:14,2026-09-03 06:03:24,IN,Synthetic telemetry record analyzing network threats activity linked to defensive indicator b865ff4f24bfffd3c7067480d2862c1c8fe0240f08c534a0bd2e1bd7335ea87e.,Command and Control,Protocol Tunneling,T1572,,
THR-2026-1961,2026-09-21 22:38:45,QR Code Phishing (Quishing) Test #61,SOCIAL ENGINEERING,FILE HASH,b33df354de4c9773aab709576df1f03e6275a3ab936cdf9cdf84e5249af29577,Public Threat Feed,B – Usually Reliable,72,CRITICAL,98,UNDER_REVIEW,2026-09-19 20:46:40,2026-09-21 22:38:45,NL,Synthetic telemetry record analyzing social engineering activity linked to defensive indicator b33df354de4c9773aab709576df1f03e6275a3ab936cdf9cdf84e5249af29577.,Initial Access,Trusted Relationship,T1199,,
THR-2026-1962,2026-08-28 03:28:00,Sensitive API Endpoint Exposure #62,DATA EXPOSURE,FILE HASH,d83f0960463cbb26cf5118e684d8ac331c1d6793a51b5d8256090ed662949737,Public Threat Feed,B – Usually Reliable,86,CRITICAL,89,MONITORING,2026-08-28 02:14:51,2026-08-28 03:28:00,GB,Synthetic telemetry record analyzing data exposure activity linked to defensive indicator d83f0960463cbb26cf5118e684d8ac331c1d6793a51b5d8256090ed662949737.,Exfiltration,Exfiltration Over Alternative Protocol,T1048,,
THR-2026-1963,2026-08-13 09:04:56,Admin Share Lateral Probe #63,RANSOMWARE,EMAIL/SENDER DOMAIN,billing-verify@example.org,Public Threat Feed,B – Usually Reliable,46,MEDIUM,55,NEW,2026-08-11 17:26:49,2026-08-13 09:04:56,SG,Synthetic telemetry record analyzing ransomware activity linked to defensive indicator billing-verify@example.org.,,,,,
THR-2026-1964,2026-09-06 15:09:04,MFA Fatigue Authentication Surge #64,ACCOUNT SECURITY,EMAIL/SENDER DOMAIN,support-desk@example.org,Research Report,B – Usually Reliable,33,INFORMATIONAL,15,NEW,2026-09-04 04:34:06,2026-09-06 15:09:04,IN,Synthetic telemetry record analyzing account security activity linked to defensive indicator support-desk@example.org.,,,,,
THR-2026-1965,2026-07-28 11:14:07,Misconfigured Cloud Bucket Scraping #65,DATA EXPOSURE,IP ADDRESS,203.0.113.31,Security Vendor,A – Highly Reliable,29,INFORMATIONAL,17,NEW,2026-07-25 22:41:19,2026-07-28 11:14:07,US,Synthetic telemetry record analyzing data exposure activity linked to defensive indicator 203.0.113.31.,Exfiltration,Exfiltration Over Web Service,T1567,,
THR-2026-1966,2026-08-29 09:58:17,Sensitive API Endpoint Exposure #66,DATA EXPOSURE,CVE ID,CVE-2026-3390,Internal SOC,A – Highly Reliable,65,MEDIUM,47,UNDER_REVIEW,2026-08-28 07:45:23,2026-08-29 09:58:17,FR,Synthetic telemetry record analyzing data exposure activity linked to defensive indicator CVE-2026-3390.,Exfiltration,Exfiltration Over Web Service,T1567,CVE-2026-3390,
THR-2026-1967,2026-08-29 10:19:08,Watering Hole Redirector Demo #67,SOCIAL ENGINEERING,IP ADDRESS,198.51.100.238,Research Report,B – Usually Reliable,82,MEDIUM,55,MONITORING,2026-08-27 06:32:23,2026-08-29 10:19:08,SG,Synthetic telemetry record analyzing social engineering activity linked to defensive indicator 198.51.100.238.,Execution,User Execution: Malicious Link,T1204.001,,
THR-2026-1968,2026-08-11 16:33:29,Fake Invoice Redirector #68,PHISHING,URL,https://cdn-cache.example.com/invoice/preview-doc.pdf?session_id=7336,Security Vendor,A – Highly Reliable,77,MEDIUM,50,MONITORING,2026-08-08 12:46:24,2026-08-11 16:33:29,CH,Synthetic telemetry record analyzing phishing activity linked to defensive indicator https://cdn-cache.example.com/invoice/preview-doc.pdf?session_id=7336.,Initial Access,Phishing: Spearphishing Attachment,T1566.001,,
THR-2026-1969,2026-07-20 14:05:26,Port 445 Scanning in Perimeter #69,NETWORK THREATS,DOMAIN,sub94.cdn-cache.example.com,Security Vendor,A – Highly Reliable,77,MEDIUM,57,MONITORING,2026-07-20 06:41:10,2026-07-20 14:05:26,DE,Synthetic telemetry record analyzing network threats activity linked to defensive indicator sub94.cdn-cache.example.com.,Discovery,Network Service Scanning,T1046,,CAMP-DEFENSE-003
THR-2026-1970,2026-09-17 22:15:06,SQLi Pattern on Public Gateway #70,WEB THREATS,URL,https://invoice-verify.invalid/session/token-exchange?session_id=5847,Public Threat Feed,B – Usually Reliable,50,INFORMATIONAL,9,NEW,2026-09-13 21:47:31,2026-09-17 22:15:06,JP,Synthetic telemetry record analyzing web threats activity linked to defensive indicator https://invoice-verify.invalid/session/token-exchange?session_id=5847.,Command and Control,Web Service: Dead Drop Resolver,T1102.001,,
THR-2026-1971,2026-09-15 19:50:21,Urgent Security Notification Lure #71,PHISHING,DOMAIN,sub56.client-token.example.org,Security Vendor,A – Highly Reliable,88,HIGH,70,FALSE_POSITIVE,2026-09-11 03:22:34,2026-09-15 19:50:21,NL,Synthetic telemetry record analyzing phishing activity linked to defensive indicator sub56.client-token.example.org.,Initial Access,Phishing: Spearphishing Link,T1566.002,,CAMP-DEFENSE-007
THR-2026-1972,2026-09-08 19:05:23,Cross-Site Scripting Injection Probe #72,WEB THREATS,CVE ID,CVE-2026-3390,Community Submission,C – Fairly Reliable,88,HIGH,78,MONITORING,2026-09-07 21:57:59,2026-09-08 19:05:23,CH,Synthetic telemetry record analyzing web threats activity linked to defensive indicator CVE-2026-3390.,,,,CVE-2026-3390,
THR-2026-1973,2026-07-21 08:29:25,Spear-Phishing Credential Harvester #73,PHISHING,URL,https://invoice-verify.invalid/session/token-exchange?session_id=2450,Security Vendor,A – Highly Reliable,79,CRITICAL,91,FALSE_POSITIVE,2026-07-18 01:50:28,2026-07-21 08:29:25,NL,Synthetic telemetry record analyzing phishing activity linked to defensive indicator https://invoice-verify.invalid/session/token-exchange?session_id=2450.,Initial Access,Phishing: Spearphishing Link,T1566.002,,
THR-2026-1974,2026-07-21 07:15:57,Server-Side Request Forgery Pattern #74,WEB THREATS,CVE ID,CVE-2026-1188,Public Threat Feed,B – Usually Reliable,58,MEDIUM,47,NEW,2026-07-17 18:03:35,2026-07-21 07:15:57,AU,Synthetic telemetry record analyzing web threats activity linked to defensive indicator CVE-2026-1188.,Command and Control,Web Service: Dead Drop Resolver,T1102.001,CVE-2026-1188,
THR-2026-1975,2026-09-09 19:27:58,Misconfigured Cloud Bucket Scraping #75,DATA EXPOSURE,FILE HASH,c5069d0e152e98dd809829ff4f956ff0bc0f2a6e81237570c28aef5b8f591592,Research Report,B – Usually Reliable,39,LOW,24,MONITORING,2026-09-05 17:08:23,2026-09-09 19:27:58,NL,Synthetic telemetry record analyzing data exposure activity linked to defensive indicator c5069d0e152e98dd809829ff4f956ff0bc0f2a6e81237570c28aef5b8f591592.,,,,,CAMP-DEFENSE-023
THR-2026-1976,2026-08-11 22:18:03,Corporate SSO Impersonation Portal #76,PHISHING,IP ADDRESS,198.51.100.152,Public Threat Feed,B – Usually Reliable,48,MEDIUM,60,MONITORING,2026-08-11 02:46:10,2026-08-11 22:18:03,Global,Synthetic telemetry record analyzing phishing activity linked to defensive indicator 198.51.100.152.,Initial Access,Phishing: Spearphishing Voice,T1566.004,,CAMP-DEFENSE-013
THR-2026-1977,2026-08-01 12:50:44,Port 445 Scanning in Perimeter #77,NETWORK THREATS,DOMAIN,service.support-desk.invalid,Internal SOC,A – Highly Reliable,24,INFORMATIONAL,9,MONITORING,2026-07-28 04:34:57,2026-08-01 12:50:44,DE,Synthetic telemetry record analyzing network threats activity linked to defensive indicator service.support-desk.invalid.,Discovery,Network Service Scanning,T1046,,
THR-2026-1978,2026-08-26 11:22:52,Executive Pretexting Call Campaign #78,SOCIAL ENGINEERING,DOMAIN,service.doc-share.example.org,Unknown Source,D – Reliability Unknown,60,LOW,23,CLOSED,2026-08-26 04:55:16,2026-08-26 11:22:52,IN,Synthetic telemetry record analyzing social engineering activity linked to defensive indicator service.doc-share.example.org.,,,,,CAMP-DEFENSE-018
THR-2026-1979,2026-09-02 10:52:55,Memory Injection Testing Stub #79,MALWARE,EMAIL/SENDER DOMAIN,security-admin@example.net,Internal SOC,A – Highly Reliable,80,LOW,27,MONITORING,2026-08-29 02:51:54,2026-09-02 10:52:55,US,Synthetic telemetry record analyzing malware activity linked to defensive indicator security-admin@example.net.,Execution,User Execution: Malicious File,T1204.002,,
THR-2026-1980,2026-08-19 15:16:51,Fake IT Helpdesk Remote Access Lure #80,SOCIAL ENGINEERING,IP ADDRESS,198.51.100.229,Community Submission,C – Fairly Reliable,49,INFORMATIONAL,20,MONITORING,2026-08-17 16:22:48,2026-08-19 15:16:51,NL,Synthetic telemetry record analyzing social engineering activity linked to defensive indicator 198.51.100.229.,Initial Access,Trusted Relationship,T1199,,
THR-2026-1981,2026-09-20 17:42:39,Generic Modular Loader Simulation #81,MALWARE,FILE HASH,efe537f810f8ce702b922ca8b94f77465a528babb574bf925d502fc416629b51,Security Vendor,A – Highly Reliable,71,LOW,36,MONITORING,2026-09-20 14:34:45,2026-09-20 17:42:39,SG,Synthetic telemetry record analyzing malware activity linked to defensive indicator efe537f810f8ce702b922ca8b94f77465a528babb574bf925d502fc416629b51.,Execution,User Execution: Malicious File,T1204.002,,
THR-2026-1982,2026-08-07 07:02:15,QR Code Phishing (Quishing) Test #82,SOCIAL ENGINEERING,IP ADDRESS,192.0.2.195,Community Submission,C – Fairly Reliable,55,LOW,34,UNDER_REVIEW,2026-08-02 23:52:19,2026-08-07 07:02:15,AU,Synthetic telemetry record analyzing social engineering activity linked to defensive indicator 192.0.2.195.,Initial Access,Replication Through Removable Media,T1091,CVE-2026-1188,
THR-2026-1983,2026-07-31 06:48:32,Impossible Travel Anomaly #83,ACCOUNT SECURITY,DOMAIN,sub27.telemetry-sync.example.net,Security Vendor,A – Highly Reliable,78,MEDIUM,51,NEW,2026-07-30 23:41:49,2026-07-31 06:48:32,FR,Synthetic telemetry record analyzing account security activity linked to defensive indicator sub27.telemetry-sync.example.net.,Persistence,Account Manipulation: Additional Credentials,T1098.001,,
THR-2026-1984,2026-09-11 22:39:11,Unauthenticated Deserialization Scan #84,VULNERABILITY EXPOSURE,DOMAIN,service.telemetry-sync.example.net,Public Threat Feed,B – Usually Reliable,88,HIGH,71,UNDER_REVIEW,2026-09-11 18:58:43,2026-09-11 22:39:11,IN,Synthetic telemetry record analyzing vulnerability exposure activity linked to defensive indicator service.telemetry-sync.example.net.,Privilege Escalation,Exploitation for Privilege Escalation,T1068,CVE-2026-5512,CAMP-DEFENSE-023
THR-2026-1985,2026-07-17 17:38:30,Admin Share Lateral Probe #85,RANSOMWARE,DOMAIN,sub86.session-manager.invalid,Internal SOC,A – Highly Reliable,64,LOW,31,UNDER_REVIEW,2026-07-15 06:29:43,2026-07-17 17:38:30,SG,Synthetic telemetry record analyzing ransomware activity linked to defensive indicator sub86.session-manager.invalid.,Impact,Data Encrypted for Impact,T1486,,
THR-2026-1986,2026-07-12 22:20:55,Port 445 Scanning in Perimeter #86,NETWORK THREATS,IP ADDRESS,192.0.2.159,Internal SOC,A – Highly Reliable,89,HIGH,67,UNDER_REVIEW,2026-07-08 03:46:15,2026-07-12 22:20:55,FR,Synthetic telemetry record analyzing network threats activity linked to defensive indicator 192.0.2.159.,Discovery,Network Service Scanning,T1046,,CAMP-DEFENSE-016
THR-2026-1987,2026-09-14 00:14:36,QR Code Phishing (Quishing) Test #87,SOCIAL ENGINEERING,DOMAIN,service.support-desk.invalid,Unknown Source,D – Reliability Unknown,61,MEDIUM,42,UNDER_REVIEW,2026-09-09 05:54:06,2026-09-14 00:14:36,Global,Synthetic telemetry record analyzing social engineering activity linked to defensive indicator service.support-desk.invalid.,Execution,User Execution: Malicious Link,T1204.001,,
THR-2026-1988,2026-09-07 10:13:12,SQLi Pattern on Public Gateway #88,WEB THREATS,EMAIL/SENDER DOMAIN,security-admin@corporate-demo.invalid,Unknown Source,D – Reliability Unknown,53,MEDIUM,43,UNDER_REVIEW,2026-09-05 11:04:21,2026-09-07 10:13:12,IN,Synthetic telemetry record analyzing web threats activity linked to defensive indicator security-admin@corporate-demo.invalid.,,,,,
THR-2026-1989,2026-09-07 22:18:16,Executive Pretexting Call Campaign #89,SOCIAL ENGINEERING,FILE HASH,d7adb2ee0655aa52ff196ecfbf4e39f22a4ffbec2c18dab36965bb64e32b8bd7,Internal SOC,A – Highly Reliable,27,INFORMATIONAL,8,NEW,2026-09-05 08:41:53,2026-09-07 22:18:16,CH,Synthetic telemetry record analyzing social engineering activity linked to defensive indicator d7adb2ee0655aa52ff196ecfbf4e39f22a4ffbec2c18dab36965bb64e32b8bd7.,Execution,User Execution: Malicious Link,T1204.001,,CAMP-DEFENSE-015
THR-2026-1990,2026-08-28 05:20:30,Server-Side Request Forgery Pattern #90,WEB THREATS,CVE ID,CVE-2026-7734,Unknown Source,D – Reliability Unknown,52,MEDIUM,53,CLOSED,2026-08-27 21:07:43,2026-08-28 05:20:30,DE,Synthetic telemetry record analyzing web threats activity linked to defensive indicator CVE-2026-7734.,,,,CVE-2026-7734,
THR-2026-1991,2026-07-26 00:36:08,Memory Injection Testing Stub #91,MALWARE,EMAIL/SENDER DOMAIN,payroll-alert@example.org,Research Report,B – Usually Reliable,75,LOW,31,NEW,2026-07-25 21:56:46,2026-07-26 00:36:08,FR,Synthetic telemetry record analyzing malware activity linked to defensive indicator payroll-alert@example.org.,Defense Evasion,Obfuscated Files or Information,T1027,,
THR-2026-1992,2026-07-10 04:02:13,Synthetic Token Theft Activity #92,CREDENTIAL THREATS,FILE HASH,7159bfe24e010f546f9ab801dc5e8943954dfc6ca078595acde77af48f8b88c4,Public Threat Feed,B – Usually Reliable,85,CRITICAL,88,UNDER_REVIEW,2026-07-05 10:52:00,2026-07-10 04:02:13,JP,Synthetic telemetry record analyzing credential threats activity linked to defensive indicator 7159bfe24e010f546f9ab801dc5e8943954dfc6ca078595acde77af48f8b88c4.,Credential Access,OS Credential Dumping,T1003,,CAMP-DEFENSE-022
THR-2026-1993,2026-09-28 17:45:30,Port 445 Scanning in Perimeter #93,NETWORK THREATS,EMAIL/SENDER DOMAIN,support-desk@corporate-demo.invalid,Research Report,B – Usually Reliable,25,INFORMATIONAL,7,MONITORING,2026-09-27 14:03:15,2026-09-28 17:45:30,FR,Synthetic telemetry record analyzing network threats activity linked to defensive indicator support-desk@corporate-demo.invalid.,Command and Control,Protocol Tunneling,T1572,,CAMP-DEFENSE-016
THR-2026-1994,2026-09-20 00:22:23,Public Facing API Auth Bypass #94,VULNERABILITY EXPOSURE,EMAIL/SENDER DOMAIN,security-admin@example.net,Unknown Source,D – Reliability Unknown,83,HIGH,75,NEW,2026-09-19 12:29:41,2026-09-20 00:22:23,BR,Synthetic telemetry record analyzing vulnerability exposure activity linked to defensive indicator security-admin@example.net.,Initial Access,Exploit Public-Facing Application,T1190,CVE-2026-7734,
THR-2026-1995,2026-07-05 05:29:47,Spear-Phishing Credential Harvester #95,PHISHING,EMAIL/SENDER DOMAIN,support-desk@corporate-demo.invalid,Internal SOC,A – Highly Reliable,66,LOW,40,NEW,2026-07-02 07:14:21,2026-07-05 05:29:47,DE,Synthetic telemetry record analyzing phishing activity linked to defensive indicator support-desk@corporate-demo.invalid.,,,,,
THR-2026-1996,2026-07-16 08:24:30,Compromised Service Account Pattern #96,CREDENTIAL THREATS,FILE HASH,d56200078d59629c921d5fc5f3bcd47b9cc8621d525d0d45879a217549b35df1,Public Threat Feed,B – Usually Reliable,78,CRITICAL,88,FALSE_POSITIVE,2026-07-12 13:58:27,2026-07-16 08:24:30,US,Synthetic telemetry record analyzing credential threats activity linked to defensive indicator d56200078d59629c921d5fc5f3bcd47b9cc8621d525d0d45879a217549b35df1.,Credential Access,Credentials in Files,T1552.001,,CAMP-DEFENSE-024
THR-2026-1997,2026-07-20 10:55:40,Corporate SSO Impersonation Portal #97,PHISHING,CVE ID,CVE-2026-5512,Security Vendor,A – Highly Reliable,51,LOW,39,MONITORING,2026-07-15 19:34:25,2026-07-20 10:55:40,JP,Synthetic telemetry record analyzing phishing activity linked to defensive indicator CVE-2026-5512.,Initial Access,Phishing: Spearphishing Link,T1566.002,CVE-2026-5512,
THR-2026-1998,2026-09-01 17:05:44,Cross-Site Scripting Injection Probe #98,WEB THREATS,EMAIL/SENDER DOMAIN,security-admin@corporate-demo.invalid,Community Submission,C – Fairly Reliable,64,INFORMATIONAL,20,NEW,2026-09-01 00:30:47,2026-09-01 17:05:44,US,Synthetic telemetry record analyzing web threats activity linked to defensive indicator security-admin@corporate-demo.invalid.,Collection,Automated Collection: Web Scraping,T1119,,CAMP-DEFENSE-011
THR-2026-1999,2026-07-13 09:30:26,Encrypted Payload Delivery Simulation #99,MALWARE,FILE HASH,c80181e4014c886f950f4578c7bc681268ba69a21889c49aa559148db4f92c33,Unknown Source,D – Reliability Unknown,80,HIGH,63,MONITORING,2026-07-08 22:57:19,2026-07-13 09:30:26,CH,Synthetic telemetry record analyzing malware activity linked to defensive indicator c80181e4014c886f950f4578c7bc681268ba69a21889c49aa559148db4f92c33.,Execution,User Execution: Malicious File,T1204.002,,
THR-2026-2000,2026-08-01 17:02:12,DNS Tunneling Exfiltration Signature #00,NETWORK THREATS,EMAIL/SENDER DOMAIN,hr-notices@example.org,Public Threat Feed,B – Usually Reliable,67,HIGH,78,MONITORING,2026-07-28 15:06:11,2026-08-01 17:02:12,BR,Synthetic telemetry record analyzing network threats activity linked to defensive indicator hr-notices@example.org.,Command and Control,Protocol Tunneling,T1572,,
THR-2026-2001,2026-08-20 12:02:59,Fake Invoice Redirector #01,PHISHING,IP ADDRESS,192.0.2.114,Internal SOC,A – Highly Reliable,48,LOW,40,MONITORING,2026-08-15 16:08:06,2026-08-20 12:02:59,US,Synthetic telemetry record analyzing phishing activity linked to defensive indicator 192.0.2.114.,Initial Access,Phishing: Spearphishing Attachment,T1566.001,,
THR-2026-2002,2026-07-30 11:45:33,SQLi Pattern on Public Gateway #02,WEB THREATS,EMAIL/SENDER DOMAIN,support-desk@example.net,Internal SOC,A – Highly Reliable,50,LOW,28,CLOSED,2026-07-26 05:22:36,2026-07-30 11:45:33,BR,Synthetic telemetry record analyzing web threats activity linked to defensive indicator support-desk@example.net.,Initial Access,Exploit Public-Facing Application,T1190,,
THR-2026-2003,2026-07-20 12:38:20,Synthetic Token Theft Activity #03,CREDENTIAL THREATS,FILE HASH,6520323562ad7f632b7bb54f7356ff18c411ed8eac84275b6fcbf78e8a6b9825,Community Submission,C – Fairly Reliable,78,HIGH,76,UNDER_REVIEW,2026-07-16 23:05:09,2026-07-20 12:38:20,AU,Synthetic telemetry record analyzing credential threats activity linked to defensive indicator 6520323562ad7f632b7bb54f7356ff18c411ed8eac84275b6fcbf78e8a6b9825.,Credential Access,Brute Force: Password Spraying,T1110.003,,CAMP-DEFENSE-005
THR-2026-2004,2026-08-19 20:27:03,Server-Side Request Forgery Pattern #04,WEB THREATS,CVE ID,CVE-2026-2189,Unknown Source,D – Reliability Unknown,38,LOW,38,CLOSED,2026-08-15 17:05:53,2026-08-19 20:27:03,US,Synthetic telemetry record analyzing web threats activity linked to defensive indicator CVE-2026-2189.,Command and Control,Web Service: Dead Drop Resolver,T1102.001,CVE-2026-2189,
THR-2026-2005,2026-07-09 04:04:03,Misconfigured Cloud Bucket Scraping #05,DATA EXPOSURE,EMAIL/SENDER DOMAIN,support-desk@example.com,Unknown Source,D – Reliability Unknown,71,MEDIUM,44,UNDER_REVIEW,2026-07-06 17:33:02,2026-07-09 04:04:03,DE,Synthetic telemetry record analyzing data exposure activity linked to defensive indicator support-desk@example.com.,,,,,
THR-2026-2006,2026-08-21 04:32:55,Dormant Administrator Account Activation #06,ACCOUNT SECURITY,EMAIL/SENDER DOMAIN,hr-notices@example.com,Community Submission,C – Fairly Reliable,61,LOW,30,CLOSED,2026-08-17 04:31:09,2026-08-21 04:32:55,CH,Synthetic telemetry record analyzing account security activity linked to defensive indicator hr-notices@example.com.,Persistence,Create Account: Local Account,T1136.001,,
THR-2026-2007,2026-08-12 00:16:34,Admin Share Lateral Probe #07,RANSOMWARE,DOMAIN,sub95.invoice-verify.invalid,Public Threat Feed,B – Usually Reliable,60,HIGH,75,MONITORING,2026-08-07 19:37:21,2026-08-12 00:16:34,NL,Synthetic telemetry record analyzing ransomware activity linked to defensive indicator sub95.invoice-verify.invalid.,,,,,
THR-2026-2008,2026-07-27 22:51:56,VSS Shadow Copy Invalidation Stub #08,RANSOMWARE,URL,https://auth-gateway.example.com/auth/login-redirect?session_id=2417,Unknown Source,D – Reliability Unknown,68,INFORMATIONAL,10,MONITORING,2026-07-25 04:16:27,2026-07-27 22:51:56,AU,Synthetic telemetry record analyzing ransomware activity linked to defensive indicator https://auth-gateway.example.com/auth/login-redirect?session_id=2417.,Infiltration,Lateral Movement: SMB/Windows Admin Shares,T1021.002,,
THR-2026-2009,2026-08-12 22:24:01,Fake Invoice Redirector #09,PHISHING,DOMAIN,sub56.session-manager.invalid,Security Vendor,A – Highly Reliable,74,MEDIUM,52,MONITORING,2026-08-11 20:35:58,2026-08-12 22:24:01,DE,Synthetic telemetry record analyzing phishing activity linked to defensive indicator sub56.session-manager.invalid.,,,,,
THR-2026-2010,2026-08-19 20:22:43,Urgent Security Notification Lure #10,PHISHING,IP ADDRESS,192.0.2.175,Unknown Source,D – Reliability Unknown,74,HIGH,61,NEW,2026-08-15 16:32:33,2026-08-19 20:22:43,CH,Synthetic telemetry record analyzing phishing activity linked to defensive indicator 192.0.2.175.,,,,,
THR-2026-2011,2026-08-17 11:34:56,Legacy WebDAV Exploit Sweep #11,VULNERABILITY EXPOSURE,EMAIL/SENDER DOMAIN,hr-notices@example.org,Internal SOC,A – Highly Reliable,78,HIGH,62,MONITORING,2026-08-13 06:42:14,2026-08-17 11:34:56,CA,Synthetic telemetry record analyzing vulnerability exposure activity linked to defensive indicator hr-notices@example.org.,Lateral Movement,Exploitation of Remote Services,T1210,CVE-2026-4401,CAMP-DEFENSE-009
THR-2026-2012,2026-09-15 11:51:25,Server-Side Request Forgery Pattern #12,WEB THREATS,EMAIL/SENDER DOMAIN,security-admin@corporate-demo.invalid,Unknown Source,D – Reliability Unknown,38,INFORMATIONAL,20,UNDER_REVIEW,2026-09-13 10:40:32,2026-09-15 11:51:25,CA,Synthetic telemetry record analyzing web threats activity linked to defensive indicator security-admin@corporate-demo.invalid.,Collection,Automated Collection: Web Scraping,T1119,,
THR-2026-2013,2026-08-16 11:35:17,Public Facing API Auth Bypass #13,VULNERABILITY EXPOSURE,URL,https://client-token.example.org/session/token-exchange?session_id=2471,Community Submission,C – Fairly Reliable,62,MEDIUM,59,NEW,2026-08-13 23:19:50,2026-08-16 11:35:17,Global,Synthetic telemetry record analyzing vulnerability exposure activity linked to defensive indicator https://client-token.example.org/session/token-exchange?session_id=2471.,Lateral Movement,Exploitation of Remote Services,T1210,CVE-2026-6623,CAMP-DEFENSE-002
THR-2026-2014,2026-08-26 14:35:49,Admin Share Lateral Probe #14,RANSOMWARE,DOMAIN,service.doc-share.example.org,Security Vendor,A – Highly Reliable,38,LOW,27,UNDER_REVIEW,2026-08-21 15:35:37,2026-08-26 14:35:49,CA,Synthetic telemetry record analyzing ransomware activity linked to defensive indicator service.doc-share.example.org.,Infiltration,Lateral Movement: SMB/Windows Admin Shares,T1021.002,,
THR-2026-2015,2026-07-03 11:57:11,Kerberoasting Probe Telemetry #15,CREDENTIAL THREATS,DOMAIN,service.session-manager.invalid,Internal SOC,A – Highly Reliable,84,HIGH,69,UNDER_REVIEW,2026-07-01 04:34:46,2026-07-03 11:57:11,BR,Synthetic telemetry record analyzing credential threats activity linked to defensive indicator service.session-manager.invalid.,Credential Access,Credentials in Files,T1552.001,,CAMP-DEFENSE-014
THR-2026-2016,2026-09-20 08:00:08,VSS Shadow Copy Invalidation Stub #16,RANSOMWARE,URL,https://invoice-verify.invalid/update/agent-installer?session_id=8841,Public Threat Feed,B – Usually Reliable,85,MEDIUM,56,CLOSED,2026-09-18 14:53:26,2026-09-20 08:00:08,CH,Synthetic telemetry record analyzing ransomware activity linked to defensive indicator https://invoice-verify.invalid/update/agent-installer?session_id=8841.,Impact,Data Encrypted for Impact,T1486,CVE-2026-6623,
THR-2026-2017,2026-08-18 00:50:15,Legacy WebDAV Exploit Sweep #17,VULNERABILITY EXPOSURE,EMAIL/SENDER DOMAIN,hr-notices@example.org,Security Vendor,A – Highly Reliable,74,CRITICAL,85,UNDER_REVIEW,2026-08-16 21:10:18,2026-08-18 00:50:15,GB,Synthetic telemetry record analyzing vulnerability exposure activity linked to defensive indicator hr-notices@example.org.,Privilege Escalation,Exploitation for Privilege Escalation,T1068,CVE-2026-7734,CAMP-DEFENSE-025
THR-2026-2018,2026-09-01 00:26:55,Synthetic Token Theft Activity #18,CREDENTIAL THREATS,FILE HASH,1e58ab63e7b8871daf4eff08908f942c4bde50615d26b2a3e3335d369eadd7fd,Security Vendor,A – Highly Reliable,44,LOW,28,NEW,2026-08-29 02:52:51,2026-09-01 00:26:55,GB,Synthetic telemetry record analyzing credential threats activity linked to defensive indicator 1e58ab63e7b8871daf4eff08908f942c4bde50615d26b2a3e3335d369eadd7fd.,Credential Access,Credentials in Files,T1552.001,,
THR-2026-2019,2026-09-07 07:18:35,Synthetic Token Theft Activity #19,CREDENTIAL THREATS,URL,https://login-check.invalid/invoice/preview-doc.pdf?session_id=8303,Internal SOC,A – Highly Reliable,81,HIGH,67,UNDER_REVIEW,2026-09-06 08:22:45,2026-09-07 07:18:35,SG,Synthetic telemetry record analyzing credential threats activity linked to defensive indicator https://login-check.invalid/invoice/preview-doc.pdf?session_id=8303.,,,,,
THR-2026-2020,2026-08-29 22:45:42,Public Facing API Auth Bypass #20,VULNERABILITY EXPOSURE,CVE ID,CVE-2026-2189,Security Vendor,A – Highly Reliable,62,MEDIUM,41,CLOSED,2026-08-27 12:20:16,2026-08-29 22:45:42,Global,Synthetic telemetry record analyzing vulnerability exposure activity linked to defensive indicator CVE-2026-2189.,Privilege Escalation,Exploitation for Privilege Escalation,T1068,CVE-2026-2189,
THR-2026-2021,2026-08-03 02:20:05,Encrypted Payload Delivery Simulation #21,MALWARE,FILE HASH,71a882b3e268781469ac312fc22412e528d11b175d86038fb744352e12a1aec0,Community Submission,C – Fairly Reliable,69,HIGH,73,NEW,2026-07-31 09:29:32,2026-08-03 02:20:05,CA,Synthetic telemetry record analyzing malware activity linked to defensive indicator 71a882b3e268781469ac312fc22412e528d11b175d86038fb744352e12a1aec0.,Command and Control,Application Layer Protocol,T1071,,CAMP-DEFENSE-023
THR-2026-2022,2026-09-05 07:15:52,Unencrypted Diagnostic Log Leak #22,DATA EXPOSURE,DOMAIN,sub95.update-service.example.org,Research Report,B – Usually Reliable,66,HIGH,75,MONITORING,2026-09-03 16:28:46,2026-09-05 07:15:52,CH,Synthetic telemetry record analyzing data exposure activity linked to defensive indicator sub95.update-service.example.org.,Collection,Data from Cloud Storage,T1530,,
THR-2026-2023,2026-07-21 03:30:09,ShadowLocker Ransomware Activity #23,RANSOMWARE,EMAIL/SENDER DOMAIN,payroll-alert@example.org,Unknown Source,D – Reliability Unknown,83,MEDIUM,60,MONITORING,2026-07-20 22:56:26,2026-07-21 03:30:09,CH,Synthetic telemetry record analyzing ransomware activity linked to defensive indicator payroll-alert@example.org.,Impact,Inhibit System Recovery,T1490,,
THR-2026-2024,2026-08-08 22:16:53,DNS Tunneling Exfiltration Signature #24,NETWORK THREATS,IP ADDRESS,192.0.2.43,Internal SOC,A – Highly Reliable,67,MEDIUM,54,NEW,2026-08-07 01:23:08,2026-08-08 22:16:53,AU,Synthetic telemetry record analyzing network threats activity linked to defensive indicator 192.0.2.43.,Discovery,Network Service Scanning,T1046,,
THR-2026-2025,2026-08-03 22:33:41,Public Facing API Auth Bypass #25,VULNERABILITY EXPOSURE,FILE HASH,82aa947e371cde39219f5bfaab6c3d71babfb80e8312640377a7d15dbe97f35b,Unknown Source,D – Reliability Unknown,70,MEDIUM,42,UNDER_REVIEW,2026-08-01 21:59:13,2026-08-03 22:33:41,IN,Synthetic telemetry record analyzing vulnerability exposure activity linked to defensive indicator 82aa947e371cde39219f5bfaab6c3d71babfb80e8312640377a7d15dbe97f35b.,Initial Access,Exploit Public-Facing Application,T1190,CVE-2026-5512,
THR-2026-2026,2026-09-09 03:30:27,MFA Fatigue Authentication Surge #26,ACCOUNT SECURITY,CVE ID,CVE-2026-4401,Research Report,B – Usually Reliable,50,MEDIUM,60,NEW,2026-09-06 08:21:57,2026-09-09 03:30:27,CA,Synthetic telemetry record analyzing account security activity linked to defensive indicator CVE-2026-4401.,Persistence,Account Manipulation: Additional Credentials,T1098.001,CVE-2026-4401,
THR-2026-2027,2026-08-11 10:26:33,Public Facing API Auth Bypass #27,VULNERABILITY EXPOSURE,DOMAIN,service.cdn-cache.example.com,Public Threat Feed,B – Usually Reliable,79,CRITICAL,95,UNDER_REVIEW,2026-08-09 10:23:22,2026-08-11 10:26:33,IN,Synthetic telemetry record analyzing vulnerability exposure activity linked to defensive indicator service.cdn-cache.example.com.,Lateral Movement,Exploitation of Remote Services,T1210,CVE-2026-7734,CAMP-DEFENSE-020
THR-2026-2028,2026-08-31 01:02:36,SQLi Pattern on Public Gateway #28,WEB THREATS,IP ADDRESS,192.0.2.143,Community Submission,C – Fairly Reliable,57,LOW,32,UNDER_REVIEW,2026-08-27 02:29:54,2026-08-31 01:02:36,US,Synthetic telemetry record analyzing web threats activity linked to defensive indicator 192.0.2.143.,Command and Control,Web Service: Dead Drop Resolver,T1102.001,,CAMP-DEFENSE-002
THR-2026-2029,2026-09-18 03:34:24,Urgent Security Notification Lure #29,PHISHING,DOMAIN,sub21.login-check.invalid,Unknown Source,D – Reliability Unknown,69,MEDIUM,47,UNDER_REVIEW,2026-09-14 02:46:24,2026-09-18 03:34:24,BR,Synthetic telemetry record analyzing phishing activity linked to defensive indicator sub21.login-check.invalid.,Initial Access,Phishing: Spearphishing Link,T1566.002,,
THR-2026-2030,2026-09-12 22:21:35,Executive Pretexting Call Campaign #30,SOCIAL ENGINEERING,DOMAIN,sub33.update-service.example.org,Unknown Source,D – Reliability Unknown,58,MEDIUM,59,MONITORING,2026-09-08 08:11:05,2026-09-12 22:21:35,US,Synthetic telemetry record analyzing social engineering activity linked to defensive indicator sub33.update-service.example.org.,Initial Access,Replication Through Removable Media,T1091,,
THR-2026-2031,2026-08-23 14:07:28,MFA Fatigue Authentication Surge #31,ACCOUNT SECURITY,IP ADDRESS,198.51.100.141,Community Submission,C – Fairly Reliable,66,HIGH,75,UNDER_REVIEW,2026-08-19 23:43:29,2026-08-23 14:07:28,BR,Synthetic telemetry record analyzing account security activity linked to defensive indicator 198.51.100.141.,Persistence,Create Account: Local Account,T1136.001,,CAMP-DEFENSE-025
THR-2026-2032,2026-07-08 20:39:11,Watering Hole Redirector Demo #32,SOCIAL ENGINEERING,EMAIL/SENDER DOMAIN,support-desk@example.net,Unknown Source,D – Reliability Unknown,95,CRITICAL,82,CLOSED,2026-07-08 09:41:21,2026-07-08 20:39:11,Global,Synthetic telemetry record analyzing social engineering activity linked to defensive indicator support-desk@example.net.,Initial Access,Trusted Relationship,T1199,CVE-2026-4401,
THR-2026-2033,2026-09-30 00:21:36,Port 445 Scanning in Perimeter #33,NETWORK THREATS,CVE ID,CVE-2026-5512,Internal SOC,A – Highly Reliable,62,MEDIUM,48,MONITORING,2026-09-28 06:21:06,2026-09-30 00:21:36,FR,Synthetic telemetry record analyzing network threats activity linked to defensive indicator CVE-2026-5512.,Discovery,Network Sniffing,T1040,CVE-2026-5512,CAMP-DEFENSE-016
THR-2026-2034,2026-08-17 06:16:05,Watering Hole Redirector Demo #34,SOCIAL ENGINEERING,EMAIL/SENDER DOMAIN,billing-verify@example.net,Security Vendor,A – Highly Reliable,72,MEDIUM,53,MONITORING,2026-08-14 09:33:22,2026-08-17 06:16:05,CH,Synthetic telemetry record analyzing social engineering activity linked to defensive indicator billing-verify@example.net.,Initial Access,Replication Through Removable Media,T1091,,
THR-2026-2035,2026-07-10 09:30:33,Watering Hole Redirector Demo #35,SOCIAL ENGINEERING,FILE HASH,00566ad854531ea36f80f47467e078171b53b04199f5cf65dbe027b01d27bb81,Community Submission,C – Fairly Reliable,47,LOW,35,UNDER_REVIEW,2026-07-07 16:44:23,2026-07-10 09:30:33,IN,Synthetic telemetry record analyzing social engineering activity linked to defensive indicator 00566ad854531ea36f80f47467e078171b53b04199f5cf65dbe027b01d27bb81.,Execution,User Execution: Malicious Link,T1204.001,,
THR-2026-2036,2026-07-26 04:04:28,Kerberoasting Probe Telemetry #36,CREDENTIAL THREATS,EMAIL/SENDER DOMAIN,billing-verify@corporate-demo.invalid,Security Vendor,A – Highly Reliable,66,LOW,37,MONITORING,2026-07-25 21:08:37,2026-07-26 04:04:28,JP,Synthetic telemetry record analyzing credential threats activity linked to defensive indicator billing-verify@corporate-demo.invalid.,Credential Access,Credentials in Files,T1552.001,,
THR-2026-2037,2026-08-25 20:15:39,Password Spraying against ADFS Demo #37,CREDENTIAL THREATS,URL,https://telemetry-sync.example.net/api/v1/health-check?session_id=5114,Community Submission,C – Fairly Reliable,73,CRITICAL,86,NEW,2026-08-24 04:39:49,2026-08-25 20:15:39,NL,Synthetic telemetry record analyzing credential threats activity linked to defensive indicator https://telemetry-sync.example.net/api/v1/health-check?session_id=5114.,Credential Access,OS Credential Dumping,T1003,CVE-2026-4401,
THR-2026-2038,2026-10-01 06:06:26,DNS Tunneling Exfiltration Signature #38,NETWORK THREATS,URL,https://doc-share.example.org/session/token-exchange?session_id=7254,Research Report,B – Usually Reliable,75,HIGH,67,CLOSED,2026-09-29 18:08:55,2026-10-01 06:06:26,BR,Synthetic telemetry record analyzing network threats activity linked to defensive indicator https://doc-share.example.org/session/token-exchange?session_id=7254.,Command and Control,Protocol Tunneling,T1572,,
THR-2026-2039,2026-09-20 21:45:59,Memory Injection Testing Stub #39,MALWARE,FILE HASH,86aa3778ae7fc7307d4d2ad700d79a2a7af01c5490182f77a7b19c24ea543c88,Security Vendor,A – Highly Reliable,93,CRITICAL,88,MONITORING,2026-09-19 05:12:10,2026-09-20 21:45:59,CH,Synthetic telemetry record analyzing malware activity linked to defensive indicator 86aa3778ae7fc7307d4d2ad700d79a2a7af01c5490182f77a7b19c24ea543c88.,Command and Control,Application Layer Protocol,T1071,,CAMP-DEFENSE-012
THR-2026-2040,2026-08-11 16:48:31,Exfiltration via Public Cloud Storage #40,DATA EXPOSURE,CVE ID,CVE-2026-4401,Unknown Source,D – Reliability Unknown,27,INFORMATIONAL,14,NEW,2026-08-08 12:08:56,2026-08-11 16:48:31,CH,Synthetic telemetry record analyzing data exposure activity linked to defensive indicator CVE-2026-4401.,Collection,Data from Cloud Storage,T1530,CVE-2026-4401,CAMP-DEFENSE-012
THR-2026-2041,2026-08-15 23:05:15,Edge Gateway Remote Buffer Trigger #41,VULNERABILITY EXPOSURE,IP ADDRESS,192.0.2.209,Security Vendor,A – Highly Reliable,30,INFORMATIONAL,5,NEW,2026-08-14 09:12:33,2026-08-15 23:05:15,DE,Synthetic telemetry record analyzing vulnerability exposure activity linked to defensive indicator 192.0.2.209.,Privilege Escalation,Exploitation for Privilege Escalation,T1068,CVE-2026-4401,
THR-2026-2042,2026-09-22 23:42:51,Admin Share Lateral Probe #42,RANSOMWARE,URL,https://cdn-cache.example.com/secure/portal/auth?session_id=2551,Community Submission,C – Fairly Reliable,58,INFORMATIONAL,7,MONITORING,2026-09-21 02:44:25,2026-09-22 23:42:51,US,Synthetic telemetry record analyzing ransomware activity linked to defensive indicator https://cdn-cache.example.com/secure/portal/auth?session_id=2551.,Impact,Inhibit System Recovery,T1490,,CAMP-DEFENSE-013
THR-2026-2043,2026-08-25 07:08:03,Port 445 Scanning in Perimeter #43,NETWORK THREATS,URL,https://auth-gateway.example.com/download/security-patch.bin?session_id=4647,Community Submission,C – Fairly Reliable,49,MEDIUM,56,NEW,2026-08-23 02:34:18,2026-08-25 07:08:03,CH,Synthetic telemetry record analyzing network threats activity linked to defensive indicator https://auth-gateway.example.com/download/security-patch.bin?session_id=4647.,Discovery,Network Sniffing,T1040,CVE-2026-5512,
THR-2026-2044,2026-07-10 18:02:26,Admin Share Lateral Probe #44,RANSOMWARE,EMAIL/SENDER DOMAIN,support-desk@example.com,Research Report,B – Usually Reliable,54,MEDIUM,43,NEW,2026-07-07 05:48:04,2026-07-10 18:02:26,GB,Synthetic telemetry record analyzing ransomware activity linked to defensive indicator support-desk@example.com.,Impact,Data Encrypted for Impact,T1486,,CAMP-DEFENSE-025
THR-2026-2045,2026-09-27 14:23:10,Admin Share Lateral Probe #45,RANSOMWARE,IP ADDRESS,203.0.113.224,Public Threat Feed,B – Usually Reliable,85,CRITICAL,87,UNDER_REVIEW,2026-09-27 08:07:36,2026-09-27 14:23:10,AU,Synthetic telemetry record analyzing ransomware activity linked to defensive indicator 203.0.113.224.,Impact,Data Encrypted for Impact,T1486,,
THR-2026-2046,2026-08-13 16:33:04,ShadowLocker Ransomware Activity #46,RANSOMWARE,CVE ID,CVE-2026-3390,Public Threat Feed,B – Usually Reliable,56,LOW,26,MONITORING,2026-08-11 17:54:43,2026-08-13 16:33:04,AU,Synthetic telemetry record analyzing ransomware activity linked to defensive indicator CVE-2026-3390.,Impact,Inhibit System Recovery,T1490,CVE-2026-3390,
THR-2026-2047,2026-08-01 17:51:53,MFA Fatigue Authentication Surge #47,ACCOUNT SECURITY,URL,https://auth-gateway.example.com/update/agent-installer?session_id=6210,Research Report,B – Usually Reliable,33,LOW,34,MONITORING,2026-07-31 21:42:09,2026-08-01 17:51:53,BR,Synthetic telemetry record analyzing account security activity linked to defensive indicator https://auth-gateway.example.com/update/agent-installer?session_id=6210.,Persistence,Account Manipulation: Additional Credentials,T1098.001,,
THR-2026-2048,2026-07-10 01:18:21,Password Spraying against ADFS Demo #48,CREDENTIAL THREATS,CVE ID,CVE-2026-8845,Community Submission,C – Fairly Reliable,67,LOW,32,CLOSED,2026-07-09 01:49:33,2026-07-10 01:18:21,AU,Synthetic telemetry record analyzing credential threats activity linked to defensive indicator CVE-2026-8845.,Credential Access,Credentials in Files,T1552.001,CVE-2026-8845,
THR-2026-2049,2026-08-31 16:11:44,ShadowLocker Ransomware Activity #49,RANSOMWARE,DOMAIN,service.corp-portal-test.invalid,Unknown Source,D – Reliability Unknown,83,MEDIUM,57,MONITORING,2026-08-29 12:32:19,2026-08-31 16:11:44,IN,Synthetic telemetry record analyzing ransomware activity linked to defensive indicator service.corp-portal-test.invalid.,Impact,Data Encrypted for Impact,T1486,,
THR-2026-2050,2026-09-28 13:03:22,Edge Gateway Remote Buffer Trigger #50,VULNERABILITY EXPOSURE,EMAIL/SENDER DOMAIN,billing-verify@example.net,Public Threat Feed,B – Usually Reliable,33,INFORMATIONAL,6,MONITORING,2026-09-27 17:27:46,2026-09-28 13:03:22,JP,Synthetic telemetry record analyzing vulnerability exposure activity linked to defensive indicator billing-verify@example.net.,Initial Access,Exploit Public-Facing Application,T1190,CVE-2026-9956,CAMP-DEFENSE-009
THR-2026-2051,2026-07-14 12:35:13,Path Traversal Web Probe #51,WEB THREATS,CVE ID,CVE-2026-4401,Internal SOC,A – Highly Reliable,51,MEDIUM,56,UNDER_REVIEW,2026-07-11 00:24:38,2026-07-14 12:35:13,IN,Synthetic telemetry record analyzing web threats activity linked to defensive indicator CVE-2026-4401.,Command and Control,Web Service: Dead Drop Resolver,T1102.001,CVE-2026-4401,CAMP-DEFENSE-019
THR-2026-2052,2026-08-01 04:12:23,ICMP Covert Beaconing Pattern #52,NETWORK THREATS,IP ADDRESS,198.51.100.3,Community Submission,C – Fairly Reliable,32,LOW,37,UNDER_REVIEW,2026-07-27 22:14:57,2026-08-01 04:12:23,IN,Synthetic telemetry record analyzing network threats activity linked to defensive indicator 198.51.100.3.,Discovery,Network Service Scanning,T1046,,
THR-2026-2053,2026-08-10 22:32:04,Unencrypted Diagnostic Log Leak #53,DATA EXPOSURE,DOMAIN,sub91.security-alert.example.net,Public Threat Feed,B – Usually Reliable,47,LOW,40,NEW,2026-08-10 17:39:36,2026-08-10 22:32:04,CA,Synthetic telemetry record analyzing data exposure activity linked to defensive indicator sub91.security-alert.example.net.,,,,,
THR-2026-2054,2026-08-01 16:20:08,Executive Pretexting Call Campaign #54,SOCIAL ENGINEERING,FILE HASH,77fcaba0168555fc33277b9b38286e6765ea4e0f88279587cdab7659cf0d3bcc,Security Vendor,A – Highly Reliable,78,LOW,33,NEW,2026-07-29 13:05:00,2026-08-01 16:20:08,AU,Synthetic telemetry record analyzing social engineering activity linked to defensive indicator 77fcaba0168555fc33277b9b38286e6765ea4e0f88279587cdab7659cf0d3bcc.,Initial Access,Replication Through Removable Media,T1091,,
THR-2026-2055,2026-08-26 06:43:00,SQLi Pattern on Public Gateway #55,WEB THREATS,FILE HASH,087f209a3885a70fa3329c5e61420c2524c38d063d1cfd9ae3031bf15df7d56e,Unknown Source,D – Reliability Unknown,63,LOW,33,MONITORING,2026-08-23 22:23:14,2026-08-26 06:43:00,IN,Synthetic telemetry record analyzing web threats activity linked to defensive indicator 087f209a3885a70fa3329c5e61420c2524c38d063d1cfd9ae3031bf15df7d56e.,Initial Access,Exploit Public-Facing Application,T1190,,
THR-2026-2056,2026-08-27 12:43:29,QR Code Phishing (Quishing) Test #56,SOCIAL ENGINEERING,FILE HASH,03984615bfe5f3e54a0d73bf0831af7969b8c519ce19d29eb42131f938e41863,Research Report,B – Usually Reliable,45,MEDIUM,54,CLOSED,2026-08-23 16:28:38,2026-08-27 12:43:29,CA,Synthetic telemetry record analyzing social engineering activity linked to defensive indicator 03984615bfe5f3e54a0d73bf0831af7969b8c519ce19d29eb42131f938e41863.,Execution,User Execution: Malicious Link,T1204.001,,CAMP-DEFENSE-013
THR-2026-2057,2026-09-17 03:59:27,Spear-Phishing Credential Harvester #57,PHISHING,IP ADDRESS,198.51.100.95,Research Report,B – Usually Reliable,47,MEDIUM,50,NEW,2026-09-14 16:16:28,2026-09-17 03:59:27,CH,Synthetic telemetry record analyzing phishing activity linked to defensive indicator 198.51.100.95.,Initial Access,Phishing: Spearphishing Attachment,T1566.001,,
THR-2026-2058,2026-08-31 17:34:42,VSS Shadow Copy Invalidation Stub #58,RANSOMWARE,URL,https://update-service.example.org/session/token-exchange?session_id=3937,Security Vendor,A – Highly Reliable,60,HIGH,62,UNDER_REVIEW,2026-08-30 00:35:23,2026-08-31 17:34:42,DE,Synthetic telemetry record analyzing ransomware activity linked to defensive indicator https://update-service.example.org/session/token-exchange?session_id=3937.,Impact,Inhibit System Recovery,T1490,,
THR-2026-2059,2026-07-23 20:23:27,QR Code Phishing (Quishing) Test #59,SOCIAL ENGINEERING,DOMAIN,service.login-check.invalid,Public Threat Feed,B – Usually Reliable,66,MEDIUM,48,UNDER_REVIEW,2026-07-23 19:24:01,2026-07-23 20:23:27,US,Synthetic telemetry record analyzing social engineering activity linked to defensive indicator service.login-check.invalid.,Initial Access,Replication Through Removable Media,T1091,,CAMP-DEFENSE-009
THR-2026-2060,2026-08-02 15:12:32,Port 445 Scanning in Perimeter #60,NETWORK THREATS,EMAIL/SENDER DOMAIN,payroll-alert@example.org,Public Threat Feed,B – Usually Reliable,30,LOW,24,CLOSED,2026-08-01 10:08:41,2026-08-02 15:12:32,CH,Synthetic telemetry record analyzing network threats activity linked to defensive indicator payroll-alert@example.org.,Discovery,Network Service Scanning,T1046,,
THR-2026-2061,2026-07-20 17:27:19,Memory Injection Testing Stub #61,MALWARE,URL,https://session-manager.invalid/download/security-patch.bin?session_id=5604,Internal SOC,A – Highly Reliable,67,HIGH,77,CLOSED,2026-07-18 00:51:56,2026-07-20 17:27:19,IN,Synthetic telemetry record analyzing malware activity linked to defensive indicator https://session-manager.invalid/download/security-patch.bin?session_id=5604.,Execution,User Execution: Malicious File,T1204.002,,
THR-2026-2062,2026-09-22 15:01:38,Misconfigured Cloud Bucket Scraping #62,DATA EXPOSURE,DOMAIN,sub48.login-check.invalid,Security Vendor,A – Highly Reliable,77,CRITICAL,85,CLOSED,2026-09-22 01:15:22,2026-09-22 15:01:38,FR,Synthetic telemetry record analyzing data exposure activity linked to defensive indicator sub48.login-check.invalid.,,,,,
THR-2026-2063,2026-07-21 00:50:59,Memory Injection Testing Stub #63,MALWARE,CVE ID,CVE-2026-8845,Internal SOC,A – Highly Reliable,40,LOW,30,MONITORING,2026-07-18 04:49:34,2026-07-21 00:50:59,Global,Synthetic telemetry record analyzing malware activity linked to defensive indicator CVE-2026-8845.,Defense Evasion,Obfuscated Files or Information,T1027,CVE-2026-8845,
THR-2026-2064,2026-08-17 00:18:37,Kerberoasting Probe Telemetry #64,CREDENTIAL THREATS,CVE ID,CVE-2026-5512,Public Threat Feed,B – Usually Reliable,38,LOW,32,FALSE_POSITIVE,2026-08-14 18:06:40,2026-08-17 00:18:37,NL,Synthetic telemetry record analyzing credential threats activity linked to defensive indicator CVE-2026-5512.,Credential Access,Credentials in Files,T1552.001,CVE-2026-5512,
THR-2026-2065,2026-09-03 08:58:57,Fake IT Helpdesk Remote Access Lure #65,SOCIAL ENGINEERING,CVE ID,CVE-2026-8845,Public Threat Feed,B – Usually Reliable,42,LOW,31,MONITORING,2026-08-30 15:14:25,2026-09-03 08:58:57,FR,Synthetic telemetry record analyzing social engineering activity linked to defensive indicator CVE-2026-8845.,Initial Access,Replication Through Removable Media,T1091,CVE-2026-8845,
THR-2026-2066,2026-08-29 10:56:48,Urgent Security Notification Lure #66,PHISHING,URL,https://login-check.invalid/invoice/preview-doc.pdf?session_id=5124,Public Threat Feed,B – Usually Reliable,75,MEDIUM,57,UNDER_REVIEW,2026-08-26 16:27:52,2026-08-29 10:56:48,CH,Synthetic telemetry record analyzing phishing activity linked to defensive indicator https://login-check.invalid/invoice/preview-doc.pdf?session_id=5124.,Initial Access,Phishing: Spearphishing Attachment,T1566.001,,
THR-2026-2067,2026-09-02 11:06:43,Fake Invoice Redirector #67,PHISHING,EMAIL/SENDER DOMAIN,hr-notices@corporate-demo.invalid,Public Threat Feed,B – Usually Reliable,53,MEDIUM,43,CLOSED,2026-08-29 23:33:23,2026-09-02 11:06:43,CH,Synthetic telemetry record analyzing phishing activity linked to defensive indicator hr-notices@corporate-demo.invalid.,,,,,CAMP-DEFENSE-022
THR-2026-2068,2026-08-28 22:13:44,Edge Gateway Remote Buffer Trigger #68,VULNERABILITY EXPOSURE,EMAIL/SENDER DOMAIN,support-desk@example.org,Internal SOC,A – Highly Reliable,36,LOW,25,MONITORING,2026-08-25 04:13:16,2026-08-28 22:13:44,JP,Synthetic telemetry record analyzing vulnerability exposure activity linked to defensive indicator support-desk@example.org.,Initial Access,Exploit Public-Facing Application,T1190,CVE-2026-8845,
THR-2026-2069,2026-07-20 22:09:02,Path Traversal Web Probe #69,WEB THREATS,DOMAIN,service.auth-gateway.example.com,Internal SOC,A – Highly Reliable,74,CRITICAL,92,UNDER_REVIEW,2026-07-20 12:21:23,2026-07-20 22:09:02,NL,Synthetic telemetry record analyzing web threats activity linked to defensive indicator service.auth-gateway.example.com.,Command and Control,Web Service: Dead Drop Resolver,T1102.001,,CAMP-DEFENSE-023
THR-2026-2070,2026-07-16 21:12:00,Kerberoasting Probe Telemetry #70,CREDENTIAL THREATS,IP ADDRESS,203.0.113.204,Community Submission,C – Fairly Reliable,44,LOW,32,CLOSED,2026-07-16 09:35:52,2026-07-16 21:12:00,IN,Synthetic telemetry record analyzing credential threats activity linked to defensive indicator 203.0.113.204.,Credential Access,Brute Force: Password Spraying,T1110.003,,
THR-2026-2071,2026-09-29 01:20:06,Public Facing API Auth Bypass #71,VULNERABILITY EXPOSURE,EMAIL/SENDER DOMAIN,security-admin@example.com,Internal SOC,A – Highly Reliable,44,LOW,30,MONITORING,2026-09-28 19:51:00,2026-09-29 01:20:06,FR,Synthetic telemetry record analyzing vulnerability exposure activity linked to defensive indicator security-admin@example.com.,Lateral Movement,Exploitation of Remote Services,T1210,CVE-2026-1188,
THR-2026-2072,2026-08-14 14:35:53,Legacy WebDAV Exploit Sweep #72,VULNERABILITY EXPOSURE,CVE ID,CVE-2026-3390,Unknown Source,D – Reliability Unknown,76,HIGH,76,MONITORING,2026-08-12 01:48:27,2026-08-14 14:35:53,IN,Synthetic telemetry record analyzing vulnerability exposure activity linked to defensive indicator CVE-2026-3390.,Lateral Movement,Exploitation of Remote Services,T1210,CVE-2026-3390,CAMP-DEFENSE-019
THR-2026-2073,2026-08-18 04:07:22,Cross-Site Scripting Injection Probe #73,WEB THREATS,DOMAIN,sub38.security-alert.example.net,Security Vendor,A – Highly Reliable,66,HIGH,67,UNDER_REVIEW,2026-08-16 17:30:25,2026-08-18 04:07:22,CA,Synthetic telemetry record analyzing web threats activity linked to defensive indicator sub38.security-alert.example.net.,,,,,CAMP-DEFENSE-020
THR-2026-2074,2026-07-27 12:35:27,Urgent Security Notification Lure #74,PHISHING,URL,https://invoice-verify.invalid/invoice/preview-doc.pdf?session_id=2927,Public Threat Feed,B – Usually Reliable,66,HIGH,77,MONITORING,2026-07-23 03:11:08,2026-07-27 12:35:27,JP,Synthetic telemetry record analyzing phishing activity linked to defensive indicator https://invoice-verify.invalid/invoice/preview-doc.pdf?session_id=2927.,Initial Access,Phishing: Spearphishing Voice,T1566.004,,
THR-2026-2075,2026-08-27 16:55:57,Fake Invoice Redirector #75,PHISHING,FILE HASH,597e933471d6efd2c55ab27611c5c7fedcaefc8294584dbc30a1382a501b5279,Research Report,B – Usually Reliable,82,CRITICAL,92,FALSE_POSITIVE,2026-08-23 09:46:38,2026-08-27 16:55:57,GB,Synthetic telemetry record analyzing phishing activity linked to defensive indicator 597e933471d6efd2c55ab27611c5c7fedcaefc8294584dbc30a1382a501b5279.,,,,,
THR-2026-2076,2026-08-04 07:54:26,Exfiltration via Public Cloud Storage #76,DATA EXPOSURE,DOMAIN,service.update-service.example.org,Unknown Source,D – Reliability Unknown,77,MEDIUM,47,UNDER_REVIEW,2026-08-03 16:39:36,2026-08-04 07:54:26,GB,Synthetic telemetry record analyzing data exposure activity linked to defensive indicator service.update-service.example.org.,Collection,Data from Cloud Storage,T1530,,
THR-2026-2077,2026-07-16 20:35:17,Legacy WebDAV Exploit Sweep #77,VULNERABILITY EXPOSURE,URL,https://session-manager.invalid/invoice/preview-doc.pdf?session_id=4374,Security Vendor,A – Highly Reliable,80,HIGH,72,NEW,2026-07-12 07:49:51,2026-07-16 20:35:17,AU,Synthetic telemetry record analyzing vulnerability exposure activity linked to defensive indicator https://session-manager.invalid/invoice/preview-doc.pdf?session_id=4374.,Privilege Escalation,Exploitation for Privilege Escalation,T1068,CVE-2026-1188,CAMP-DEFENSE-025
THR-2026-2078,2026-07-04 10:43:56,Edge Gateway Remote Buffer Trigger #78,VULNERABILITY EXPOSURE,IP ADDRESS,198.51.100.140,Public Threat Feed,B – Usually Reliable,43,LOW,29,FALSE_POSITIVE,2026-07-03 23:23:32,2026-07-04 10:43:56,DE,Synthetic telemetry record analyzing vulnerability exposure activity linked to defensive indicator 198.51.100.140.,Lateral Movement,Exploitation of Remote Services,T1210,CVE-2026-5512,
THR-2026-2079,2026-08-30 17:14:16,Exfiltration via Public Cloud Storage #79,DATA EXPOSURE,CVE ID,CVE-2026-4401,Research Report,B – Usually Reliable,31,LOW,24,MONITORING,2026-08-29 22:45:19,2026-08-30 17:14:16,Global,Synthetic telemetry record analyzing data exposure activity linked to defensive indicator CVE-2026-4401.,Collection,Data from Cloud Storage,T1530,CVE-2026-4401,
THR-2026-2080,2026-08-06 01:07:01,Corporate SSO Impersonation Portal #80,PHISHING,URL,https://security-alert.example.net/invoice/preview-doc.pdf?session_id=7164,Public Threat Feed,B – Usually Reliable,66,INFORMATIONAL,18,CLOSED,2026-08-03 09:38:01,2026-08-06 01:07:01,IN,Synthetic telemetry record analyzing phishing activity linked to defensive indicator https://security-alert.example.net/invoice/preview-doc.pdf?session_id=7164.,Initial Access,Phishing: Spearphishing Attachment,T1566.001,,
THR-2026-2081,2026-08-10 17:33:04,Server-Side Request Forgery Pattern #81,WEB THREATS,DOMAIN,service.telemetry-sync.example.net,Research Report,B – Usually Reliable,42,LOW,34,UNDER_REVIEW,2026-08-09 17:52:16,2026-08-10 17:33:04,AU,Synthetic telemetry record analyzing web threats activity linked to defensive indicator service.telemetry-sync.example.net.,Collection,Automated Collection: Web Scraping,T1119,,
THR-2026-2082,2026-08-11 06:10:41,Unencrypted Diagnostic Log Leak #82,DATA EXPOSURE,FILE HASH,47cb43c47c48285b4021b9baf6cc0ac9d7b19e0fae59d916ebe87aed2b5e54c0,Public Threat Feed,B – Usually Reliable,58,MEDIUM,43,NEW,2026-08-09 10:52:20,2026-08-11 06:10:41,NL,Synthetic telemetry record analyzing data exposure activity linked to defensive indicator 47cb43c47c48285b4021b9baf6cc0ac9d7b19e0fae59d916ebe87aed2b5e54c0.,Exfiltration,Exfiltration Over Alternative Protocol,T1048,,CAMP-DEFENSE-020
THR-2026-2083,2026-07-21 10:42:44,Misconfigured Cloud Bucket Scraping #83,DATA EXPOSURE,IP ADDRESS,203.0.113.168,Community Submission,C – Fairly Reliable,66,HIGH,65,NEW,2026-07-20 13:12:49,2026-07-21 10:42:44,US,Synthetic telemetry record analyzing data exposure activity linked to defensive indicator 203.0.113.168.,Collection,Data from Cloud Storage,T1530,CVE-2026-8845,
THR-2026-2084,2026-09-21 18:19:42,Generic Modular Loader Simulation #84,MALWARE,IP ADDRESS,192.0.2.58,Community Submission,C – Fairly Reliable,79,CRITICAL,90,NEW,2026-09-20 05:22:29,2026-09-21 18:19:42,JP,Synthetic telemetry record analyzing malware activity linked to defensive indicator 192.0.2.58.,Execution,User Execution: Malicious File,T1204.002,,CAMP-DEFENSE-020
THR-2026-2085,2026-07-15 15:25:08,Impossible Travel Anomaly #85,ACCOUNT SECURITY,EMAIL/SENDER DOMAIN,billing-verify@example.com,Internal SOC,A – Highly Reliable,61,MEDIUM,53,FALSE_POSITIVE,2026-07-13 00:28:12,2026-07-15 15:25:08,SG,Synthetic telemetry record analyzing account security activity linked to defensive indicator billing-verify@example.com.,Persistence,Create Account: Local Account,T1136.001,,CAMP-DEFENSE-021
THR-2026-2086,2026-08-07 04:46:55,Fake IT Helpdesk Remote Access Lure #86,SOCIAL ENGINEERING,DOMAIN,sub13.doc-share.example.org,Research Report,B – Usually Reliable,69,MEDIUM,48,NEW,2026-08-04 08:06:24,2026-08-07 04:46:55,Global,Synthetic telemetry record analyzing social engineering activity linked to defensive indicator sub13.doc-share.example.org.,Initial Access,Replication Through Removable Media,T1091,,
THR-2026-2087,2026-09-11 04:53:58,Compromised Service Account Pattern #87,CREDENTIAL THREATS,FILE HASH,9f85aafab5491e0915947cf4e129b6dcfe41f79611972ef3e18ce750371ce6d8,Public Threat Feed,B – Usually Reliable,81,MEDIUM,53,MONITORING,2026-09-10 08:05:07,2026-09-11 04:53:58,DE,Synthetic telemetry record analyzing credential threats activity linked to defensive indicator 9f85aafab5491e0915947cf4e129b6dcfe41f79611972ef3e18ce750371ce6d8.,Credential Access,Brute Force: Password Spraying,T1110.003,,
THR-2026-2088,2026-07-24 06:05:12,ICMP Covert Beaconing Pattern #88,NETWORK THREATS,URL,https://client-token.example.org/secure/portal/auth?session_id=4202,Security Vendor,A – Highly Reliable,63,INFORMATIONAL,8,UNDER_REVIEW,2026-07-21 19:25:10,2026-07-24 06:05:12,NL,Synthetic telemetry record analyzing network threats activity linked to defensive indicator https://client-token.example.org/secure/portal/auth?session_id=4202.,Discovery,Network Sniffing,T1040,,
THR-2026-2089,2026-07-19 20:30:12,Admin Share Lateral Probe #89,RANSOMWARE,CVE ID,CVE-2026-9956,Internal SOC,A – Highly Reliable,77,MEDIUM,54,NEW,2026-07-16 22:09:17,2026-07-19 20:30:12,BR,Synthetic telemetry record analyzing ransomware activity linked to defensive indicator CVE-2026-9956.,Impact,Inhibit System Recovery,T1490,CVE-2026-9956,
THR-2026-2090,2026-08-17 06:44:26,Dormant Administrator Account Activation #90,ACCOUNT SECURITY,FILE HASH,ae12c34ed34a065000089cdd96b60e62c2e6fc57e929d2d906dbe70733b01cee,Public Threat Feed,B – Usually Reliable,63,MEDIUM,59,UNDER_REVIEW,2026-08-12 08:23:00,2026-08-17 06:44:26,CA,Synthetic telemetry record analyzing account security activity linked to defensive indicator ae12c34ed34a065000089cdd96b60e62c2e6fc57e929d2d906dbe70733b01cee.,Persistence,Create Account: Local Account,T1136.001,,
THR-2026-2091,2026-08-26 18:01:28,Urgent Security Notification Lure #91,PHISHING,DOMAIN,service.update-service.example.org,Research Report,B – Usually Reliable,83,MEDIUM,52,MONITORING,2026-08-24 06:53:21,2026-08-26 18:01:28,AU,Synthetic telemetry record analyzing phishing activity linked to defensive indicator service.update-service.example.org.,Initial Access,Phishing: Spearphishing Attachment,T1566.001,,
THR-2026-2092,2026-09-24 06:38:43,MFA Fatigue Authentication Surge #92,ACCOUNT SECURITY,URL,https://support-desk.invalid/session/token-exchange?session_id=8251,Unknown Source,D – Reliability Unknown,62,MEDIUM,48,MONITORING,2026-09-22 12:12:55,2026-09-24 06:38:43,JP,Synthetic telemetry record analyzing account security activity linked to defensive indicator https://support-desk.invalid/session/token-exchange?session_id=8251.,Defense Evasion,Valid Accounts: Cloud Accounts,T1078.004,,
THR-2026-2093,2026-08-08 07:55:37,Corporate SSO Impersonation Portal #93,PHISHING,URL,https://telemetry-sync.example.net/secure/portal/auth?session_id=9112,Security Vendor,A – Highly Reliable,79,HIGH,77,NEW,2026-08-08 07:15:35,2026-08-08 07:55:37,JP,Synthetic telemetry record analyzing phishing activity linked to defensive indicator https://telemetry-sync.example.net/secure/portal/auth?session_id=9112.,Initial Access,Phishing: Spearphishing Link,T1566.002,,CAMP-DEFENSE-001
THR-2026-2094,2026-08-28 15:22:06,Exfiltration via Public Cloud Storage #94,DATA EXPOSURE,IP ADDRESS,198.51.100.135,Internal SOC,A – Highly Reliable,53,LOW,38,NEW,2026-08-25 23:31:01,2026-08-28 15:22:06,IN,Synthetic telemetry record analyzing data exposure activity linked to defensive indicator 198.51.100.135.,Collection,Data from Cloud Storage,T1530,,
THR-2026-2095,2026-08-19 15:20:49,Edge Gateway Remote Buffer Trigger #95,VULNERABILITY EXPOSURE,URL,https://session-manager.invalid/verify-account/prompt?session_id=5533,Internal SOC,A – Highly Reliable,25,INFORMATIONAL,13,UNDER_REVIEW,2026-08-17 08:18:55,2026-08-19 15:20:49,SG,Synthetic telemetry record analyzing vulnerability exposure activity linked to defensive indicator https://session-manager.invalid/verify-account/prompt?session_id=5533.,Lateral Movement,Exploitation of Remote Services,T1210,CVE-2026-7734,CAMP-DEFENSE-023
THR-2026-2096,2026-08-25 16:08:16,Memory Injection Testing Stub #96,MALWARE,IP ADDRESS,203.0.113.226,Security Vendor,A – Highly Reliable,80,HIGH,75,UNDER_REVIEW,2026-08-23 02:09:17,2026-08-25 16:08:16,JP,Synthetic telemetry record analyzing malware activity linked to defensive indicator 203.0.113.226.,Execution,User Execution: Malicious File,T1204.002,,CAMP-DEFENSE-013
THR-2026-2097,2026-09-11 16:21:26,Unauthenticated Deserialization Scan #97,VULNERABILITY EXPOSURE,FILE HASH,f1862879c996571b4665892bc50d5ad212dc267d5dfdb10e81c427a999086c71,Security Vendor,A – Highly Reliable,42,LOW,36,NEW,2026-09-07 09:30:14,2026-09-11 16:21:26,Global,Synthetic telemetry record analyzing vulnerability exposure activity linked to defensive indicator f1862879c996571b4665892bc50d5ad212dc267d5dfdb10e81c427a999086c71.,Lateral Movement,Exploitation of Remote Services,T1210,CVE-2026-1188,
THR-2026-2098,2026-07-19 18:20:03,Corporate SSO Impersonation Portal #98,PHISHING,CVE ID,CVE-2026-1042,Public Threat Feed,B – Usually Reliable,65,HIGH,61,UNDER_REVIEW,2026-07-19 09:57:22,2026-07-19 18:20:03,DE,Synthetic telemetry record analyzing phishing activity linked to defensive indicator CVE-2026-1042.,Initial Access,Phishing: Spearphishing Attachment,T1566.001,CVE-2026-1042,
THR-2026-2099,2026-08-11 10:52:11,Public Facing API Auth Bypass #99,VULNERABILITY EXPOSURE,URL,https://security-alert.example.net/session/token-exchange?session_id=8560,Research Report,B – Usually Reliable,46,MEDIUM,48,UNDER_REVIEW,2026-08-09 02:32:59,2026-08-11 10:52:11,JP,Synthetic telemetry record analyzing vulnerability exposure activity linked to defensive indicator https://security-alert.example.net/session/token-exchange?session_id=8560.,Privilege Escalation,Exploitation for Privilege Escalation,T1068,CVE-2026-5512,CAMP-DEFENSE-011
THR-2026-2100,2026-09-29 06:07:58,QR Code Phishing (Quishing) Test #00,SOCIAL ENGINEERING,EMAIL/SENDER DOMAIN,payroll-alert@example.org,Public Threat Feed,B – Usually Reliable,56,LOW,26,CLOSED,2026-09-25 05:06:19,2026-09-29 06:07:58,SG,Synthetic telemetry record analyzing social engineering activity linked to defensive indicator payroll-alert@example.org.,,,,,CAMP-DEFENSE-013
THR-2026-2101,2026-08-05 02:16:06,Edge Gateway Remote Buffer Trigger #01,VULNERABILITY EXPOSURE,FILE HASH,165d1d2b483b26bbb2d6bb90431bfa49c77ce388e946b15ba2b79e28d3498f1d,Internal SOC,A – Highly Reliable,55,MEDIUM,44,CLOSED,2026-07-31 12:33:07,2026-08-05 02:16:06,GB,Synthetic telemetry record analyzing vulnerability exposure activity linked to defensive indicator 165d1d2b483b26bbb2d6bb90431bfa49c77ce388e946b15ba2b79e28d3498f1d.,Initial Access,Exploit Public-Facing Application,T1190,CVE-2026-7734,
THR-2026-2102,2026-08-08 12:52:36,Compromised Service Account Pattern #02,CREDENTIAL THREATS,FILE HASH,6a4435f4a95071a76d22c0d191397749ec5ce90fc36b14eb594afb0d319101ec,Public Threat Feed,B – Usually Reliable,92,CRITICAL,84,CLOSED,2026-08-05 14:17:13,2026-08-08 12:52:36,US,Synthetic telemetry record analyzing credential threats activity linked to defensive indicator 6a4435f4a95071a76d22c0d191397749ec5ce90fc36b14eb594afb0d319101ec.,Credential Access,Brute Force: Password Spraying,T1110.003,,CAMP-DEFENSE-014
THR-2026-2103,2026-08-18 07:55:55,ICMP Covert Beaconing Pattern #03,NETWORK THREATS,CVE ID,CVE-2026-7734,Internal SOC,A – Highly Reliable,61,INFORMATIONAL,17,NEW,2026-08-17 23:59:43,2026-08-18 07:55:55,FR,Synthetic telemetry record analyzing network threats activity linked to defensive indicator CVE-2026-7734.,Discovery,Network Service Scanning,T1046,CVE-2026-7734,CAMP-DEFENSE-016
THR-2026-2104,2026-07-27 14:55:53,Synthetic Token Theft Activity #04,CREDENTIAL THREATS,EMAIL/SENDER DOMAIN,support-desk@corporate-demo.invalid,Community Submission,C – Fairly Reliable,44,LOW,21,CLOSED,2026-07-25 01:27:23,2026-07-27 14:55:53,CH,Synthetic telemetry record analyzing credential threats activity linked to defensive indicator support-desk@corporate-demo.invalid.,Credential Access,OS Credential Dumping,T1003,,
THR-2026-2105,2026-08-16 02:26:11,Corporate SSO Impersonation Portal #05,PHISHING,URL,https://corp-portal-test.invalid/auth/login-redirect?session_id=8851,Security Vendor,A – Highly Reliable,65,LOW,35,UNDER_REVIEW,2026-08-13 00:42:57,2026-08-16 02:26:11,NL,Synthetic telemetry record analyzing phishing activity linked to defensive indicator https://corp-portal-test.invalid/auth/login-redirect?session_id=8851.,Initial Access,Phishing: Spearphishing Voice,T1566.004,,
THR-2026-2106,2026-09-02 01:02:16,InfoStealer Demo Artifact #06,MALWARE,FILE HASH,5eb48c55fefec02eee4e9ec41c2c8bd74e0f00115e6e423c644e26b249c39994,Community Submission,C – Fairly Reliable,68,HIGH,69,UNDER_REVIEW,2026-08-29 22:08:12,2026-09-02 01:02:16,US,Synthetic telemetry record analyzing malware activity linked to defensive indicator 5eb48c55fefec02eee4e9ec41c2c8bd74e0f00115e6e423c644e26b249c39994.,Command and Control,Application Layer Protocol,T1071,,
THR-2026-2107,2026-07-13 12:48:21,Password Spraying against ADFS Demo #07,CREDENTIAL THREATS,DOMAIN,sub14.invoice-verify.invalid,Unknown Source,D – Reliability Unknown,64,HIGH,71,NEW,2026-07-11 08:31:13,2026-07-13 12:48:21,GB,Synthetic telemetry record analyzing credential threats activity linked to defensive indicator sub14.invoice-verify.invalid.,Credential Access,Credentials in Files,T1552.001,,CAMP-DEFENSE-012
THR-2026-2108,2026-09-13 17:04:09,Impossible Travel Anomaly #08,ACCOUNT SECURITY,EMAIL/SENDER DOMAIN,payroll-alert@corporate-demo.invalid,Research Report,B – Usually Reliable,60,MEDIUM,46,FALSE_POSITIVE,2026-09-13 14:30:34,2026-09-13 17:04:09,CA,Synthetic telemetry record analyzing account security activity linked to defensive indicator payroll-alert@corporate-demo.invalid.,Defense Evasion,Valid Accounts: Cloud Accounts,T1078.004,,
THR-2026-2109,2026-07-21 02:31:00,MFA Fatigue Authentication Surge #09,ACCOUNT SECURITY,CVE ID,CVE-2026-4401,Internal SOC,A – Highly Reliable,85,HIGH,62,NEW,2026-07-19 17:29:42,2026-07-21 02:31:00,BR,Synthetic telemetry record analyzing account security activity linked to defensive indicator CVE-2026-4401.,Defense Evasion,Valid Accounts: Cloud Accounts,T1078.004,CVE-2026-4401,
THR-2026-2110,2026-09-29 08:09:02,MFA Fatigue Authentication Surge #10,ACCOUNT SECURITY,URL,https://telemetry-sync.example.net/download/security-patch.bin?session_id=6347,Internal SOC,A – Highly Reliable,64,INFORMATIONAL,9,CLOSED,2026-09-28 16:47:17,2026-09-29 08:09:02,Global,Synthetic telemetry record analyzing account security activity linked to defensive indicator https://telemetry-sync.example.net/download/security-patch.bin?session_id=6347.,,,,,
THR-2026-2111,2026-09-09 23:08:24,Urgent Security Notification Lure #11,PHISHING,URL,https://security-alert.example.net/download/security-patch.bin?session_id=1533,Community Submission,C – Fairly Reliable,79,CRITICAL,92,UNDER_REVIEW,2026-09-05 03:00:56,2026-09-09 23:08:24,IN,Synthetic telemetry record analyzing phishing activity linked to defensive indicator https://security-alert.example.net/download/security-patch.bin?session_id=1533.,Initial Access,Phishing: Spearphishing Voice,T1566.004,,
THR-2026-2112,2026-09-06 23:06:59,Fake IT Helpdesk Remote Access Lure #12,SOCIAL ENGINEERING,DOMAIN,sub77.session-manager.invalid,Security Vendor,A – Highly Reliable,60,MEDIUM,51,UNDER_REVIEW,2026-09-03 09:06:48,2026-09-06 23:06:59,Global,Synthetic telemetry record analyzing social engineering activity linked to defensive indicator sub77.session-manager.invalid.,Initial Access,Replication Through Removable Media,T1091,,CAMP-DEFENSE-006
THR-2026-2113,2026-08-30 09:34:29,Misconfigured Cloud Bucket Scraping #13,DATA EXPOSURE,DOMAIN,sub45.update-service.example.org,Community Submission,C – Fairly Reliable,68,MEDIUM,46,MONITORING,2026-08-25 14:46:19,2026-08-30 09:34:29,SG,Synthetic telemetry record analyzing data exposure activity linked to defensive indicator sub45.update-service.example.org.,Exfiltration,Exfiltration Over Alternative Protocol,T1048,,
THR-2026-2114,2026-07-09 02:13:49,Anomalous SSH Bastion Brute Force #14,NETWORK THREATS,EMAIL/SENDER DOMAIN,billing-verify@example.org,Internal SOC,A – Highly Reliable,66,MEDIUM,60,NEW,2026-07-08 11:21:29,2026-07-09 02:13:49,US,Synthetic telemetry record analyzing network threats activity linked to defensive indicator billing-verify@example.org.,Command and Control,Protocol Tunneling,T1572,,
THR-2026-2115,2026-07-26 20:09:37,SQLi Pattern on Public Gateway #15,WEB THREATS,EMAIL/SENDER DOMAIN,payroll-alert@example.net,Community Submission,C – Fairly Reliable,76,HIGH,61,UNDER_REVIEW,2026-07-22 09:59:14,2026-07-26 20:09:37,SG,Synthetic telemetry record analyzing web threats activity linked to defensive indicator payroll-alert@example.net.,Command and Control,Web Service: Dead Drop Resolver,T1102.001,,
THR-2026-2116,2026-08-08 18:24:16,Spear-Phishing Credential Harvester #16,PHISHING,FILE HASH,b46af4e8721a3a2006663518727099f046674fe525bc045cbc036c60d8aaa3cd,Research Report,B – Usually Reliable,82,HIGH,80,NEW,2026-08-06 23:04:16,2026-08-08 18:24:16,FR,Synthetic telemetry record analyzing phishing activity linked to defensive indicator b46af4e8721a3a2006663518727099f046674fe525bc045cbc036c60d8aaa3cd.,Initial Access,Phishing: Spearphishing Link,T1566.002,,CAMP-DEFENSE-017
THR-2026-2117,2026-08-22 21:11:30,Admin Share Lateral Probe #17,RANSOMWARE,CVE ID,CVE-2026-5512,Research Report,B – Usually Reliable,85,MEDIUM,55,CLOSED,2026-08-21 05:37:25,2026-08-22 21:11:30,JP,Synthetic telemetry record analyzing ransomware activity linked to defensive indicator CVE-2026-5512.,Infiltration,Lateral Movement: SMB/Windows Admin Shares,T1021.002,CVE-2026-5512,
THR-2026-2118,2026-07-16 18:20:51,Encrypted Payload Delivery Simulation #18,MALWARE,DOMAIN,service.invoice-verify.invalid,Security Vendor,A – Highly Reliable,75,HIGH,68,CLOSED,2026-07-13 01:56:54,2026-07-16 18:20:51,IN,Synthetic telemetry record analyzing malware activity linked to defensive indicator service.invoice-verify.invalid.,Command and Control,Application Layer Protocol,T1071,CVE-2026-8845,CAMP-DEFENSE-010
THR-2026-2119,2026-07-12 17:33:10,Server-Side Request Forgery Pattern #19,WEB THREATS,EMAIL/SENDER DOMAIN,support-desk@corporate-demo.invalid,Research Report,B – Usually Reliable,73,HIGH,64,MONITORING,2026-07-08 02:54:36,2026-07-12 17:33:10,DE,Synthetic telemetry record analyzing web threats activity linked to defensive indicator support-desk@corporate-demo.invalid.,Initial Access,Exploit Public-Facing Application,T1190,,CAMP-DEFENSE-014
THR-2026-2120,2026-07-09 16:45:11,Extortion Double-Dip Campaign #20,RANSOMWARE,URL,https://cdn-cache.example.com/invoice/preview-doc.pdf?session_id=6628,Internal SOC,A – Highly Reliable,84,MEDIUM,49,CLOSED,2026-07-05 19:34:13,2026-07-09 16:45:11,CA,Synthetic telemetry record analyzing ransomware activity linked to defensive indicator https://cdn-cache.example.com/invoice/preview-doc.pdf?session_id=6628.,Impact,Data Encrypted for Impact,T1486,,CAMP-DEFENSE-005
THR-2026-2121,2026-08-29 21:53:59,ShadowLocker Ransomware Activity #21,RANSOMWARE,CVE ID,CVE-2026-5512,Research Report,B – Usually Reliable,73,CRITICAL,92,CLOSED,2026-08-25 21:16:03,2026-08-29 21:53:59,SG,Synthetic telemetry record analyzing ransomware activity linked to defensive indicator CVE-2026-5512.,Impact,Data Encrypted for Impact,T1486,CVE-2026-5512,CAMP-DEFENSE-021
THR-2026-2122,2026-08-30 08:15:26,SQLi Pattern on Public Gateway #22,WEB THREATS,URL,https://cdn-cache.example.com/invoice/preview-doc.pdf?session_id=5747,Public Threat Feed,B – Usually Reliable,89,HIGH,72,MONITORING,2026-08-25 12:38:46,2026-08-30 08:15:26,NL,Synthetic telemetry record analyzing web threats activity linked to defensive indicator https://cdn-cache.example.com/invoice/preview-doc.pdf?session_id=5747.,Initial Access,Exploit Public-Facing Application,T1190,,
THR-2026-2123,2026-07-06 01:33:48,DNS Tunneling Exfiltration Signature #23,NETWORK THREATS,CVE ID,CVE-2026-6623,Unknown Source,D – Reliability Unknown,80,MEDIUM,42,UNDER_REVIEW,2026-07-02 05:50:54,2026-07-06 01:33:48,US,Synthetic telemetry record analyzing network threats activity linked to defensive indicator CVE-2026-6623.,Discovery,Network Sniffing,T1040,CVE-2026-6623,
THR-2026-2124,2026-09-04 21:54:22,Sensitive API Endpoint Exposure #24,DATA EXPOSURE,FILE HASH,22241a2d56471079f648d4f2c666745100ac9c3dc774fd48b22500578b69ec06,Internal SOC,A – Highly Reliable,63,INFORMATIONAL,15,MONITORING,2026-09-04 12:22:16,2026-09-04 21:54:22,NL,Synthetic telemetry record analyzing data exposure activity linked to defensive indicator 22241a2d56471079f648d4f2c666745100ac9c3dc774fd48b22500578b69ec06.,Exfiltration,Exfiltration Over Alternative Protocol,T1048,,CAMP-DEFENSE-023
THR-2026-2125,2026-08-01 00:52:22,Edge Gateway Remote Buffer Trigger #25,VULNERABILITY EXPOSURE,EMAIL/SENDER DOMAIN,security-admin@example.com,Community Submission,C – Fairly Reliable,22,INFORMATIONAL,18,MONITORING,2026-07-30 19:45:52,2026-08-01 00:52:22,DE,Synthetic telemetry record analyzing vulnerability exposure activity linked to defensive indicator security-admin@example.com.,Lateral Movement,Exploitation of Remote Services,T1210,CVE-2026-9956,
THR-2026-2126,2026-09-21 14:31:16,Fake Invoice Redirector #26,PHISHING,URL,https://cdn-cache.example.com/invoice/preview-doc.pdf?session_id=2282,Internal SOC,A – Highly Reliable,55,LOW,26,MONITORING,2026-09-17 09:34:29,2026-09-21 14:31:16,IN,Synthetic telemetry record analyzing phishing activity linked to defensive indicator https://cdn-cache.example.com/invoice/preview-doc.pdf?session_id=2282.,Initial Access,Phishing: Spearphishing Link,T1566.002,,CAMP-DEFENSE-022
THR-2026-2127,2026-08-02 11:18:30,Public Facing API Auth Bypass #27,VULNERABILITY EXPOSURE,DOMAIN,sub15.update-service.example.org,Internal SOC,A – Highly Reliable,78,MEDIUM,55,MONITORING,2026-07-29 00:34:17,2026-08-02 11:18:30,JP,Synthetic telemetry record analyzing vulnerability exposure activity linked to defensive indicator sub15.update-service.example.org.,Lateral Movement,Exploitation of Remote Services,T1210,CVE-2026-2189,
THR-2026-2128,2026-08-23 10:55:09,Watering Hole Redirector Demo #28,SOCIAL ENGINEERING,EMAIL/SENDER DOMAIN,billing-verify@corporate-demo.invalid,Research Report,B – Usually Reliable,83,HIGH,65,NEW,2026-08-22 05:06:12,2026-08-23 10:55:09,GB,Synthetic telemetry record analyzing social engineering activity linked to defensive indicator billing-verify@corporate-demo.invalid.,,,,,
THR-2026-2129,2026-09-17 22:20:05,Legacy WebDAV Exploit Sweep #29,VULNERABILITY EXPOSURE,FILE HASH,2ab8443039c199a86b9ecb43e6d6b3eb39389ba331ff35bbbd0f01b3a11c5588,Public Threat Feed,B – Usually Reliable,46,LOW,21,MONITORING,2026-09-13 20:23:39,2026-09-17 22:20:05,IN,Synthetic telemetry record analyzing vulnerability exposure activity linked to defensive indicator 2ab8443039c199a86b9ecb43e6d6b3eb39389ba331ff35bbbd0f01b3a11c5588.,Lateral Movement,Exploitation of Remote Services,T1210,CVE-2026-4401,
THR-2026-2130,2026-07-22 18:06:33,Legacy WebDAV Exploit Sweep #30,VULNERABILITY EXPOSURE,FILE HASH,ddfc3a3d29368d2f315628c856b8fb8c92cbf8ef0388a54222082146078a6d75,Community Submission,C – Fairly Reliable,48,INFORMATIONAL,20,NEW,2026-07-21 02:50:16,2026-07-22 18:06:33,FR,Synthetic telemetry record analyzing vulnerability exposure activity linked to defensive indicator ddfc3a3d29368d2f315628c856b8fb8c92cbf8ef0388a54222082146078a6d75.,Privilege Escalation,Exploitation for Privilege Escalation,T1068,CVE-2026-5512,
THR-2026-2131,2026-07-09 12:08:49,QR Code Phishing (Quishing) Test #31,SOCIAL ENGINEERING,CVE ID,CVE-2026-6623,Public Threat Feed,B – Usually Reliable,85,HIGH,67,UNDER_REVIEW,2026-07-08 05:16:40,2026-07-09 12:08:49,AU,Synthetic telemetry record analyzing social engineering activity linked to defensive indicator CVE-2026-6623.,Initial Access,Trusted Relationship,T1199,CVE-2026-6623,CAMP-DEFENSE-011
THR-2026-2132,2026-08-07 00:34:05,Path Traversal Web Probe #32,WEB THREATS,CVE ID,CVE-2026-9956,Security Vendor,A – Highly Reliable,80,LOW,33,CLOSED,2026-08-06 23:20:22,2026-08-07 00:34:05,Global,Synthetic telemetry record analyzing web threats activity linked to defensive indicator CVE-2026-9956.,Initial Access,Exploit Public-Facing Application,T1190,CVE-2026-9956,
THR-2026-2133,2026-07-03 18:37:51,MFA Fatigue Authentication Surge #33,ACCOUNT SECURITY,FILE HASH,02f5b03f5fca9807c69b865a2f2572e2b86416ed4011d65d1f3786c46f67efda,Unknown Source,D – Reliability Unknown,91,CRITICAL,84,MONITORING,2026-07-01 04:18:28,2026-07-03 18:37:51,BR,Synthetic telemetry record analyzing account security activity linked to defensive indicator 02f5b03f5fca9807c69b865a2f2572e2b86416ed4011d65d1f3786c46f67efda.,Persistence,Account Manipulation: Additional Credentials,T1098.001,,
THR-2026-2134,2026-07-12 02:36:20,VSS Shadow Copy Invalidation Stub #34,RANSOMWARE,URL,https://doc-share.example.org/secure/portal/auth?session_id=3250,Security Vendor,A – Highly Reliable,75,LOW,36,NEW,2026-07-10 23:25:07,2026-07-12 02:36:20,CA,Synthetic telemetry record analyzing ransomware activity linked to defensive indicator https://doc-share.example.org/secure/portal/auth?session_id=3250.,Infiltration,Lateral Movement: SMB/Windows Admin Shares,T1021.002,CVE-2026-7734,
THR-2026-2135,2026-08-17 17:55:17,Server-Side Request Forgery Pattern #35,WEB THREATS,CVE ID,CVE-2026-6623,Public Threat Feed,B – Usually Reliable,80,CRITICAL,91,UNDER_REVIEW,2026-08-16 12:34:06,2026-08-17 17:55:17,BR,Synthetic telemetry record analyzing web threats activity linked to defensive indicator CVE-2026-6623.,Command and Control,Web Service: Dead Drop Resolver,T1102.001,CVE-2026-6623,
THR-2026-2136,2026-08-01 10:54:06,Anomalous SSH Bastion Brute Force #36,NETWORK THREATS,FILE HASH,1c84b0eccc77fb1822bff9e12bf99d589c6869b12a8a8183055b4f84dec63ade,Community Submission,C – Fairly Reliable,53,MEDIUM,43,UNDER_REVIEW,2026-08-01 04:24:30,2026-08-01 10:54:06,IN,Synthetic telemetry record analyzing network threats activity linked to defensive indicator 1c84b0eccc77fb1822bff9e12bf99d589c6869b12a8a8183055b4f84dec63ade.,Discovery,Network Sniffing,T1040,,
THR-2026-2137,2026-09-28 01:01:05,Cross-Site Scripting Injection Probe #37,WEB THREATS,DOMAIN,sub38.update-service.example.org,Research Report,B – Usually Reliable,52,LOW,34,UNDER_REVIEW,2026-09-25 23:41:15,2026-09-28 01:01:05,BR,Synthetic telemetry record analyzing web threats activity linked to defensive indicator sub38.update-service.example.org.,Collection,Automated Collection: Web Scraping,T1119,,CAMP-DEFENSE-002
THR-2026-2138,2026-07-29 00:08:30,Misconfigured Cloud Bucket Scraping #38,DATA EXPOSURE,FILE HASH,b66e65adca85716f584db7a95ce8032fd63f0196cd3b1d06e0ad9927f87c496e,Research Report,B – Usually Reliable,50,LOW,28,UNDER_REVIEW,2026-07-24 16:17:11,2026-07-29 00:08:30,Global,Synthetic telemetry record analyzing data exposure activity linked to defensive indicator b66e65adca85716f584db7a95ce8032fd63f0196cd3b1d06e0ad9927f87c496e.,,,,,
THR-2026-2139,2026-09-10 03:37:51,ICMP Covert Beaconing Pattern #39,NETWORK THREATS,FILE HASH,e6f43b6c7f1b25bbeb6a72730f08d7015630e1fb96e8a9c7dd0da90f15586d60,Internal SOC,A – Highly Reliable,61,HIGH,71,CLOSED,2026-09-08 13:38:20,2026-09-10 03:37:51,AU,Synthetic telemetry record analyzing network threats activity linked to defensive indicator e6f43b6c7f1b25bbeb6a72730f08d7015630e1fb96e8a9c7dd0da90f15586d60.,Discovery,Network Sniffing,T1040,,CAMP-DEFENSE-006
THR-2026-2140,2026-07-16 12:33:35,Edge Gateway Remote Buffer Trigger #40,VULNERABILITY EXPOSURE,CVE ID,CVE-2026-4401,Security Vendor,A – Highly Reliable,62,MEDIUM,42,NEW,2026-07-13 03:57:56,2026-07-16 12:33:35,CH,Synthetic telemetry record analyzing vulnerability exposure activity linked to defensive indicator CVE-2026-4401.,,,,CVE-2026-4401,
THR-2026-2141,2026-09-27 21:15:55,Exfiltration via Public Cloud Storage #41,DATA EXPOSURE,EMAIL/SENDER DOMAIN,billing-verify@corporate-demo.invalid,Internal SOC,A – Highly Reliable,62,MEDIUM,57,MONITORING,2026-09-27 03:07:59,2026-09-27 21:15:55,SG,Synthetic telemetry record analyzing data exposure activity linked to defensive indicator billing-verify@corporate-demo.invalid.,Collection,Data from Cloud Storage,T1530,,
THR-2026-2142,2026-08-19 18:52:45,MFA Fatigue Authentication Surge #42,ACCOUNT SECURITY,EMAIL/SENDER DOMAIN,billing-verify@example.net,Security Vendor,A – Highly Reliable,72,MEDIUM,60,CLOSED,2026-08-16 06:29:03,2026-08-19 18:52:45,US,Synthetic telemetry record analyzing account security activity linked to defensive indicator billing-verify@example.net.,,,,,CAMP-DEFENSE-011
THR-2026-2143,2026-07-27 13:09:27,Server-Side Request Forgery Pattern #43,WEB THREATS,IP ADDRESS,203.0.113.124,Research Report,B – Usually Reliable,47,MEDIUM,48,NEW,2026-07-23 20:06:57,2026-07-27 13:09:27,JP,Synthetic telemetry record analyzing web threats activity linked to defensive indicator 203.0.113.124.,Initial Access,Exploit Public-Facing Application,T1190,,CAMP-DEFENSE-005
THR-2026-2144,2026-09-09 19:29:14,ICMP Covert Beaconing Pattern #44,NETWORK THREATS,DOMAIN,sub24.corp-portal-test.invalid,Research Report,B – Usually Reliable,25,INFORMATIONAL,12,NEW,2026-09-05 15:21:45,2026-09-09 19:29:14,AU,Synthetic telemetry record analyzing network threats activity linked to defensive indicator sub24.corp-portal-test.invalid.,Command and Control,Protocol Tunneling,T1572,,
THR-2026-2145,2026-09-11 09:20:17,Port 445 Scanning in Perimeter #45,NETWORK THREATS,FILE HASH,6916c2d4727659f1b26a87deb1c0ce324b42510e3d2aa4946c0ef0ee83e27f1a,Security Vendor,A – Highly Reliable,80,CRITICAL,92,UNDER_REVIEW,2026-09-09 09:08:00,2026-09-11 09:20:17,AU,Synthetic telemetry record analyzing network threats activity linked to defensive indicator 6916c2d4727659f1b26a87deb1c0ce324b42510e3d2aa4946c0ef0ee83e27f1a.,Command and Control,Protocol Tunneling,T1572,,CAMP-DEFENSE-011
THR-2026-2146,2026-08-05 18:20:50,QR Code Phishing (Quishing) Test #46,SOCIAL ENGINEERING,DOMAIN,sub96.telemetry-sync.example.net,Research Report,B – Usually Reliable,66,INFORMATIONAL,19,CLOSED,2026-08-03 09:34:44,2026-08-05 18:20:50,FR,Synthetic telemetry record analyzing social engineering activity linked to defensive indicator sub96.telemetry-sync.example.net.,Initial Access,Replication Through Removable Media,T1091,CVE-2026-6623,
THR-2026-2147,2026-09-02 14:52:45,Fake IT Helpdesk Remote Access Lure #47,SOCIAL ENGINEERING,IP ADDRESS,198.51.100.149,Internal SOC,A – Highly Reliable,62,HIGH,66,MONITORING,2026-08-28 20:02:51,2026-09-02 14:52:45,Global,Synthetic telemetry record analyzing social engineering activity linked to defensive indicator 198.51.100.149.,Initial Access,Replication Through Removable Media,T1091,,
THR-2026-2148,2026-07-21 02:02:54,ShadowLocker Ransomware Activity #48,RANSOMWARE,DOMAIN,service.telemetry-sync.example.net,Community Submission,C – Fairly Reliable,90,CRITICAL,81,MONITORING,2026-07-17 06:49:10,2026-07-21 02:02:54,AU,Synthetic telemetry record analyzing ransomware activity linked to defensive indicator service.telemetry-sync.example.net.,Infiltration,Lateral Movement: SMB/Windows Admin Shares,T1021.002,,
THR-2026-2149,2026-08-10 00:33:48,Anomalous SSH Bastion Brute Force #49,NETWORK THREATS,FILE HASH,8ff2b3621e4328199e0bf3ecd292cf93e1239c108573708507461907a849c026,Research Report,B – Usually Reliable,67,HIGH,77,UNDER_REVIEW,2026-08-09 01:57:43,2026-08-10 00:33:48,BR,Synthetic telemetry record analyzing network threats activity linked to defensive indicator 8ff2b3621e4328199e0bf3ecd292cf93e1239c108573708507461907a849c026.,,,,,
THR-2026-2150,2026-09-29 02:37:52,Port 445 Scanning in Perimeter #50,NETWORK THREATS,CVE ID,CVE-2026-9956,Community Submission,C – Fairly Reliable,50,LOW,23,NEW,2026-09-25 12:08:31,2026-09-29 02:37:52,NL,Synthetic telemetry record analyzing network threats activity linked to defensive indicator CVE-2026-9956.,Discovery,Network Sniffing,T1040,CVE-2026-9956,CAMP-DEFENSE-011
THR-2026-2151,2026-09-09 00:55:07,Cross-Site Scripting Injection Probe #51,WEB THREATS,FILE HASH,90d2b61852c35bde000cf6a4d9732de78a7742e54e4538c3ddc12f2bd3dad5ab,Unknown Source,D – Reliability Unknown,30,LOW,28,NEW,2026-09-04 03:15:22,2026-09-09 00:55:07,US,Synthetic telemetry record analyzing web threats activity linked to defensive indicator 90d2b61852c35bde000cf6a4d9732de78a7742e54e4538c3ddc12f2bd3dad5ab.,Command and Control,Web Service: Dead Drop Resolver,T1102.001,,
THR-2026-2152,2026-07-23 23:56:30,Dormant Administrator Account Activation #52,ACCOUNT SECURITY,EMAIL/SENDER DOMAIN,support-desk@example.com,Research Report,B – Usually Reliable,47,MEDIUM,55,CLOSED,2026-07-22 16:18:58,2026-07-23 23:56:30,CA,Synthetic telemetry record analyzing account security activity linked to defensive indicator support-desk@example.com.,Persistence,Account Manipulation: Additional Credentials,T1098.001,,
THR-2026-2153,2026-07-30 09:07:36,Corporate SSO Impersonation Portal #53,PHISHING,IP ADDRESS,192.0.2.88,Unknown Source,D – Reliability Unknown,58,MEDIUM,48,NEW,2026-07-27 06:26:19,2026-07-30 09:07:36,AU,Synthetic telemetry record analyzing phishing activity linked to defensive indicator 192.0.2.88.,Initial Access,Phishing: Spearphishing Voice,T1566.004,,
THR-2026-2154,2026-08-22 08:39:18,Misconfigured Cloud Bucket Scraping #54,DATA EXPOSURE,IP ADDRESS,198.51.100.97,Community Submission,C – Fairly Reliable,60,MEDIUM,56,NEW,2026-08-22 04:14:16,2026-08-22 08:39:18,BR,Synthetic telemetry record analyzing data exposure activity linked to defensive indicator 198.51.100.97.,Collection,Data from Cloud Storage,T1530,,
THR-2026-2155,2026-09-23 18:26:35,ICMP Covert Beaconing Pattern #55,NETWORK THREATS,CVE ID,CVE-2026-8845,Community Submission,C – Fairly Reliable,67,HIGH,67,FALSE_POSITIVE,2026-09-21 21:01:56,2026-09-23 18:26:35,JP,Synthetic telemetry record analyzing network threats activity linked to defensive indicator CVE-2026-8845.,Discovery,Network Service Scanning,T1046,CVE-2026-8845,
THR-2026-2156,2026-07-19 21:39:27,Fake IT Helpdesk Remote Access Lure #56,SOCIAL ENGINEERING,IP ADDRESS,203.0.113.155,Unknown Source,D – Reliability Unknown,65,INFORMATIONAL,16,UNDER_REVIEW,2026-07-16 06:56:08,2026-07-19 21:39:27,CH,Synthetic telemetry record analyzing social engineering activity linked to defensive indicator 203.0.113.155.,Initial Access,Trusted Relationship,T1199,,
THR-2026-2157,2026-09-29 09:18:37,Anomalous SSH Bastion Brute Force #57,NETWORK THREATS,EMAIL/SENDER DOMAIN,hr-notices@example.net,Research Report,B – Usually Reliable,81,CRITICAL,93,UNDER_REVIEW,2026-09-26 21:36:53,2026-09-29 09:18:37,AU,Synthetic telemetry record analyzing network threats activity linked to defensive indicator hr-notices@example.net.,,,,,CAMP-DEFENSE-001
THR-2026-2158,2026-09-21 08:50:28,ShadowLocker Ransomware Activity #58,RANSOMWARE,CVE ID,CVE-2026-7734,Research Report,B – Usually Reliable,78,LOW,21,CLOSED,2026-09-18 01:26:40,2026-09-21 08:50:28,DE,Synthetic telemetry record analyzing ransomware activity linked to defensive indicator CVE-2026-7734.,,,,CVE-2026-7734,
THR-2026-2159,2026-07-26 20:02:47,Misconfigured Cloud Bucket Scraping #59,DATA EXPOSURE,FILE HASH,6fbee5f2c0d3502651e9b36489c069953301795424c4325b800b500c800443e8,Internal SOC,A – Highly Reliable,72,MEDIUM,48,CLOSED,2026-07-26 16:52:47,2026-07-26 20:02:47,FR,Synthetic telemetry record analyzing data exposure activity linked to defensive indicator 6fbee5f2c0d3502651e9b36489c069953301795424c4325b800b500c800443e8.,Collection,Data from Cloud Storage,T1530,,
THR-2026-2160,2026-09-26 21:54:03,Memory Injection Testing Stub #60,MALWARE,CVE ID,CVE-2026-6623,Internal SOC,A – Highly Reliable,72,LOW,33,CLOSED,2026-09-25 22:20:39,2026-09-26 21:54:03,CA,Synthetic telemetry record analyzing malware activity linked to defensive indicator CVE-2026-6623.,Execution,User Execution: Malicious File,T1204.002,CVE-2026-6623,
THR-2026-2161,2026-09-06 08:48:02,QR Code Phishing (Quishing) Test #61,SOCIAL ENGINEERING,FILE HASH,bd278b9a657b0db61076aa27ed7fe3b91134ee6329e7f27740c57d93e22c8ee8,Internal SOC,A – Highly Reliable,62,LOW,33,UNDER_REVIEW,2026-09-03 10:09:37,2026-09-06 08:48:02,JP,Synthetic telemetry record analyzing social engineering activity linked to defensive indicator bd278b9a657b0db61076aa27ed7fe3b91134ee6329e7f27740c57d93e22c8ee8.,,,,,CAMP-DEFENSE-011
THR-2026-2162,2026-08-05 03:55:39,Public Facing API Auth Bypass #62,VULNERABILITY EXPOSURE,IP ADDRESS,198.51.100.116,Security Vendor,A – Highly Reliable,52,MEDIUM,59,FALSE_POSITIVE,2026-07-31 08:31:01,2026-08-05 03:55:39,AU,Synthetic telemetry record analyzing vulnerability exposure activity linked to defensive indicator 198.51.100.116.,Initial Access,Exploit Public-Facing Application,T1190,CVE-2026-3390,CAMP-DEFENSE-004
THR-2026-2163,2026-08-02 17:20:11,Synthetic Token Theft Activity #63,CREDENTIAL THREATS,CVE ID,CVE-2026-8845,Unknown Source,D – Reliability Unknown,65,HIGH,80,UNDER_REVIEW,2026-07-29 17:41:12,2026-08-02 17:20:11,Global,Synthetic telemetry record analyzing credential threats activity linked to defensive indicator CVE-2026-8845.,Credential Access,Brute Force: Password Spraying,T1110.003,CVE-2026-8845,
THR-2026-2164,2026-08-29 16:09:43,Exfiltration via Public Cloud Storage #64,DATA EXPOSURE,FILE HASH,54fdf3e10d8055cb9c7ed635758f94841cc8fb4daff498c646560e6de20b06bd,Security Vendor,A – Highly Reliable,61,LOW,24,UNDER_REVIEW,2026-08-29 01:41:04,2026-08-29 16:09:43,IN,Synthetic telemetry record analyzing data exposure activity linked to defensive indicator 54fdf3e10d8055cb9c7ed635758f94841cc8fb4daff498c646560e6de20b06bd.,Exfiltration,Exfiltration Over Alternative Protocol,T1048,,
THR-2026-2165,2026-08-14 00:52:02,Kerberoasting Probe Telemetry #65,CREDENTIAL THREATS,URL,https://support-desk.invalid/api/v1/health-check?session_id=6028,Security Vendor,A – Highly Reliable,75,MEDIUM,59,CLOSED,2026-08-12 04:07:34,2026-08-14 00:52:02,US,Synthetic telemetry record analyzing credential threats activity linked to defensive indicator https://support-desk.invalid/api/v1/health-check?session_id=6028.,Credential Access,Brute Force: Password Spraying,T1110.003,,
THR-2026-2166,2026-07-20 12:15:17,Edge Gateway Remote Buffer Trigger #66,VULNERABILITY EXPOSURE,URL,https://doc-share.example.org/download/security-patch.bin?session_id=3436,Research Report,B – Usually Reliable,57,INFORMATIONAL,18,NEW,2026-07-19 22:49:21,2026-07-20 12:15:17,NL,Synthetic telemetry record analyzing vulnerability exposure activity linked to defensive indicator https://doc-share.example.org/download/security-patch.bin?session_id=3436.,Initial Access,Exploit Public-Facing Application,T1190,CVE-2026-6623,CAMP-DEFENSE-002
THR-2026-2167,2026-09-02 11:08:48,Sensitive API Endpoint Exposure #67,DATA EXPOSURE,FILE HASH,074d033b722fae84fb889ddd9ee8d4d21fc42f539835f7855157c69f33c270be,Internal SOC,A – Highly Reliable,53,LOW,36,NEW,2026-08-31 11:56:56,2026-09-02 11:08:48,IN,Synthetic telemetry record analyzing data exposure activity linked to defensive indicator 074d033b722fae84fb889ddd9ee8d4d21fc42f539835f7855157c69f33c270be.,Exfiltration,Exfiltration Over Alternative Protocol,T1048,,CAMP-DEFENSE-023
THR-2026-2168,2026-08-16 23:46:46,SQLi Pattern on Public Gateway #68,WEB THREATS,EMAIL/SENDER DOMAIN,security-admin@example.net,Research Report,B – Usually Reliable,82,MEDIUM,53,NEW,2026-08-16 10:07:52,2026-08-16 23:46:46,IN,Synthetic telemetry record analyzing web threats activity linked to defensive indicator security-admin@example.net.,Command and Control,Web Service: Dead Drop Resolver,T1102.001,,
THR-2026-2169,2026-08-22 17:11:07,ShadowLocker Ransomware Activity #69,RANSOMWARE,DOMAIN,service.telemetry-sync.example.net,Internal SOC,A – Highly Reliable,60,MEDIUM,41,UNDER_REVIEW,2026-08-20 09:58:28,2026-08-22 17:11:07,SG,Synthetic telemetry record analyzing ransomware activity linked to defensive indicator service.telemetry-sync.example.net.,Infiltration,Lateral Movement: SMB/Windows Admin Shares,T1021.002,,
THR-2026-2170,2026-07-28 03:50:06,Anomalous SSH Bastion Brute Force #70,NETWORK THREATS,FILE HASH,035a853ecb0e5da0e79124362162960a3042946f850992e80a78fd463bbe93dc,Research Report,B – Usually Reliable,64,MEDIUM,55,UNDER_REVIEW,2026-07-24 06:07:05,2026-07-28 03:50:06,NL,Synthetic telemetry record analyzing network threats activity linked to defensive indicator 035a853ecb0e5da0e79124362162960a3042946f850992e80a78fd463bbe93dc.,Discovery,Network Service Scanning,T1046,,CAMP-DEFENSE-021
THR-2026-2171,2026-07-31 06:59:53,Sensitive API Endpoint Exposure #71,DATA EXPOSURE,CVE ID,CVE-2026-5512,Internal SOC,A – Highly Reliable,49,INFORMATIONAL,9,MONITORING,2026-07-28 19:36:13,2026-07-31 06:59:53,AU,Synthetic telemetry record analyzing data exposure activity linked to defensive indicator CVE-2026-5512.,Collection,Data from Cloud Storage,T1530,CVE-2026-5512,
THR-2026-2172,2026-08-04 10:51:22,OAuth High-Privilege Consent Grant #72,ACCOUNT SECURITY,CVE ID,CVE-2026-2189,Research Report,B – Usually Reliable,46,LOW,40,UNDER_REVIEW,2026-07-30 11:50:20,2026-08-04 10:51:22,US,Synthetic telemetry record analyzing account security activity linked to defensive indicator CVE-2026-2189.,Persistence,Create Account: Local Account,T1136.001,CVE-2026-2189,
THR-2026-2173,2026-08-26 09:07:48,Unencrypted Diagnostic Log Leak #73,DATA EXPOSURE,EMAIL/SENDER DOMAIN,support-desk@example.net,Internal SOC,A – Highly Reliable,71,LOW,39,NEW,2026-08-22 14:02:53,2026-08-26 09:07:48,GB,Synthetic telemetry record analyzing data exposure activity linked to defensive indicator support-desk@example.net.,Exfiltration,Exfiltration Over Alternative Protocol,T1048,,CAMP-DEFENSE-023
THR-2026-2174,2026-09-07 21:40:08,QR Code Phishing (Quishing) Test #74,SOCIAL ENGINEERING,CVE ID,CVE-2026-1042,Research Report,B – Usually Reliable,39,LOW,39,MONITORING,2026-09-06 22:30:53,2026-09-07 21:40:08,IN,Synthetic telemetry record analyzing social engineering activity linked to defensive indicator CVE-2026-1042.,,,,CVE-2026-1042,CAMP-DEFENSE-017
THR-2026-2175,2026-07-07 01:37:49,Impossible Travel Anomaly #75,ACCOUNT SECURITY,CVE ID,CVE-2026-4401,Security Vendor,A – Highly Reliable,67,HIGH,79,MONITORING,2026-07-03 06:06:40,2026-07-07 01:37:49,DE,Synthetic telemetry record analyzing account security activity linked to defensive indicator CVE-2026-4401.,Defense Evasion,Valid Accounts: Cloud Accounts,T1078.004,CVE-2026-4401,
THR-2026-2176,2026-09-04 09:15:06,Encrypted Payload Delivery Simulation #76,MALWARE,URL,https://session-manager.invalid/secure/portal/auth?session_id=1615,Security Vendor,A – Highly Reliable,46,INFORMATIONAL,7,CLOSED,2026-09-02 12:55:11,2026-09-04 09:15:06,AU,Synthetic telemetry record analyzing malware activity linked to defensive indicator https://session-manager.invalid/secure/portal/auth?session_id=1615.,Command and Control,Application Layer Protocol,T1071,,CAMP-DEFENSE-011
THR-2026-2177,2026-07-18 15:39:02,ShadowLocker Ransomware Activity #77,RANSOMWARE,IP ADDRESS,192.0.2.247,Internal SOC,A – Highly Reliable,69,LOW,33,NEW,2026-07-16 22:38:55,2026-07-18 15:39:02,Global,Synthetic telemetry record analyzing ransomware activity linked to defensive indicator 192.0.2.247.,Impact,Data Encrypted for Impact,T1486,,CAMP-DEFENSE-010
THR-2026-2178,2026-08-27 21:11:07,Fake IT Helpdesk Remote Access Lure #78,SOCIAL ENGINEERING,DOMAIN,sub39.corp-portal-test.invalid,Research Report,B – Usually Reliable,78,CRITICAL,91,MONITORING,2026-08-27 13:44:18,2026-08-27 21:11:07,IN,Synthetic telemetry record analyzing social engineering activity linked to defensive indicator sub39.corp-portal-test.invalid.,Initial Access,Replication Through Removable Media,T1091,,CAMP-DEFENSE-002
THR-2026-2179,2026-07-03 20:19:45,Misconfigured Cloud Bucket Scraping #79,DATA EXPOSURE,IP ADDRESS,192.0.2.114,Community Submission,C – Fairly Reliable,53,MEDIUM,51,MONITORING,2026-07-02 01:25:57,2026-07-03 20:19:45,GB,Synthetic telemetry record analyzing data exposure activity linked to defensive indicator 192.0.2.114.,,,,,
THR-2026-2180,2026-08-26 09:56:26,ShadowLocker Ransomware Activity #80,RANSOMWARE,URL,https://client-token.example.org/download/security-patch.bin?session_id=8988,Public Threat Feed,B – Usually Reliable,47,INFORMATIONAL,15,UNDER_REVIEW,2026-08-24 11:59:03,2026-08-26 09:56:26,NL,Synthetic telemetry record analyzing ransomware activity linked to defensive indicator https://client-token.example.org/download/security-patch.bin?session_id=8988.,Impact,Data Encrypted for Impact,T1486,,
THR-2026-2181,2026-08-27 01:40:44,Synthetic Token Theft Activity #81,CREDENTIAL THREATS,CVE ID,CVE-2026-6623,Research Report,B – Usually Reliable,58,INFORMATIONAL,15,MONITORING,2026-08-23 09:58:50,2026-08-27 01:40:44,FR,Synthetic telemetry record analyzing credential threats activity linked to defensive indicator CVE-2026-6623.,Credential Access,Brute Force: Password Spraying,T1110.003,CVE-2026-6623,
THR-2026-2182,2026-08-02 08:31:04,Generic Modular Loader Simulation #82,MALWARE,FILE HASH,2a24cb1a4ee0868cfb02f7feda2f6c42fd1ce028db279bfd65871a70a9b9626d,Internal SOC,A – Highly Reliable,48,MEDIUM,59,NEW,2026-07-29 17:16:29,2026-08-02 08:31:04,BR,Synthetic telemetry record analyzing malware activity linked to defensive indicator 2a24cb1a4ee0868cfb02f7feda2f6c42fd1ce028db279bfd65871a70a9b9626d.,Execution,User Execution: Malicious File,T1204.002,,CAMP-DEFENSE-006
THR-2026-2183,2026-08-11 00:50:33,Encrypted Payload Delivery Simulation #83,MALWARE,CVE ID,CVE-2026-1042,Security Vendor,A – Highly Reliable,48,LOW,24,NEW,2026-08-06 11:35:02,2026-08-11 00:50:33,CH,Synthetic telemetry record analyzing malware activity linked to defensive indicator CVE-2026-1042.,,,,CVE-2026-1042,
THR-2026-2184,2026-09-20 10:32:11,Unauthenticated Deserialization Scan #84,VULNERABILITY EXPOSURE,EMAIL/SENDER DOMAIN,payroll-alert@example.org,Community Submission,C – Fairly Reliable,45,MEDIUM,45,CLOSED,2026-09-16 03:58:12,2026-09-20 10:32:11,US,Synthetic telemetry record analyzing vulnerability exposure activity linked to defensive indicator payroll-alert@example.org.,Initial Access,Exploit Public-Facing Application,T1190,CVE-2026-1042,CAMP-DEFENSE-010
THR-2026-2185,2026-08-06 17:37:09,MFA Fatigue Authentication Surge #85,ACCOUNT SECURITY,EMAIL/SENDER DOMAIN,support-desk@example.net,Research Report,B – Usually Reliable,82,CRITICAL,93,NEW,2026-08-04 05:14:08,2026-08-06 17:37:09,Global,Synthetic telemetry record analyzing account security activity linked to defensive indicator support-desk@example.net.,Defense Evasion,Valid Accounts: Cloud Accounts,T1078.004,,
THR-2026-2186,2026-08-21 05:26:33,Dormant Administrator Account Activation #86,ACCOUNT SECURITY,IP ADDRESS,192.0.2.170,Research Report,B – Usually Reliable,83,CRITICAL,84,FALSE_POSITIVE,2026-08-17 21:16:47,2026-08-21 05:26:33,NL,Synthetic telemetry record analyzing account security activity linked to defensive indicator 192.0.2.170.,Defense Evasion,Valid Accounts: Cloud Accounts,T1078.004,,
THR-2026-2187,2026-08-03 11:10:01,Extortion Double-Dip Campaign #87,RANSOMWARE,CVE ID,CVE-2026-4401,Community Submission,C – Fairly Reliable,53,INFORMATIONAL,6,CLOSED,2026-07-30 00:04:32,2026-08-03 11:10:01,NL,Synthetic telemetry record analyzing ransomware activity linked to defensive indicator CVE-2026-4401.,Impact,Data Encrypted for Impact,T1486,CVE-2026-4401,CAMP-DEFENSE-013
THR-2026-2188,2026-09-18 01:14:34,SQLi Pattern on Public Gateway #88,WEB THREATS,DOMAIN,sub11.session-manager.invalid,Security Vendor,A – Highly Reliable,72,HIGH,69,FALSE_POSITIVE,2026-09-14 10:03:34,2026-09-18 01:14:34,US,Synthetic telemetry record analyzing web threats activity linked to defensive indicator sub11.session-manager.invalid.,Collection,Automated Collection: Web Scraping,T1119,,CAMP-DEFENSE-008
THR-2026-2189,2026-08-14 01:11:32,VSS Shadow Copy Invalidation Stub #89,RANSOMWARE,URL,https://telemetry-sync.example.net/session/token-exchange?session_id=3603,Security Vendor,A – Highly Reliable,50,INFORMATIONAL,19,MONITORING,2026-08-11 20:16:15,2026-08-14 01:11:32,BR,Synthetic telemetry record analyzing ransomware activity linked to defensive indicator https://telemetry-sync.example.net/session/token-exchange?session_id=3603.,Infiltration,Lateral Movement: SMB/Windows Admin Shares,T1021.002,,
THR-2026-2190,2026-09-04 03:10:35,Public Facing API Auth Bypass #90,VULNERABILITY EXPOSURE,CVE ID,CVE-2026-1042,Research Report,B – Usually Reliable,75,HIGH,76,UNDER_REVIEW,2026-08-30 06:36:55,2026-09-04 03:10:35,CH,Synthetic telemetry record analyzing vulnerability exposure activity linked to defensive indicator CVE-2026-1042.,Initial Access,Exploit Public-Facing Application,T1190,CVE-2026-1042,
THR-2026-2191,2026-07-30 11:31:41,Corporate SSO Impersonation Portal #91,PHISHING,IP ADDRESS,192.0.2.214,Security Vendor,A – Highly Reliable,46,MEDIUM,43,CLOSED,2026-07-26 01:37:54,2026-07-30 11:31:41,Global,Synthetic telemetry record analyzing phishing activity linked to defensive indicator 192.0.2.214.,Initial Access,Phishing: Spearphishing Voice,T1566.004,,
THR-2026-2192,2026-08-31 04:18:14,Fake IT Helpdesk Remote Access Lure #92,SOCIAL ENGINEERING,DOMAIN,service.update-service.example.org,Research Report,B – Usually Reliable,82,MEDIUM,58,UNDER_REVIEW,2026-08-26 18:03:37,2026-08-31 04:18:14,IN,Synthetic telemetry record analyzing social engineering activity linked to defensive indicator service.update-service.example.org.,Initial Access,Trusted Relationship,T1199,,
THR-2026-2193,2026-08-03 04:50:21,Exfiltration via Public Cloud Storage #93,DATA EXPOSURE,URL,https://session-manager.invalid/auth/login-redirect?session_id=4596,Community Submission,C – Fairly Reliable,66,LOW,37,MONITORING,2026-07-30 04:14:48,2026-08-03 04:50:21,FR,Synthetic telemetry record analyzing data exposure activity linked to defensive indicator https://session-manager.invalid/auth/login-redirect?session_id=4596.,Exfiltration,Exfiltration Over Alternative Protocol,T1048,,
THR-2026-2194,2026-07-10 17:35:53,Unauthenticated Deserialization Scan #94,VULNERABILITY EXPOSURE,EMAIL/SENDER DOMAIN,billing-verify@corporate-demo.invalid,Unknown Source,D – Reliability Unknown,67,MEDIUM,48,MONITORING,2026-07-09 08:41:40,2026-07-10 17:35:53,DE,Synthetic telemetry record analyzing vulnerability exposure activity linked to defensive indicator billing-verify@corporate-demo.invalid.,Privilege Escalation,Exploitation for Privilege Escalation,T1068,CVE-2026-4401,CAMP-DEFENSE-020
THR-2026-2195,2026-08-10 07:13:03,Memory Injection Testing Stub #95,MALWARE,CVE ID,CVE-2026-8845,Unknown Source,D – Reliability Unknown,40,INFORMATIONAL,11,UNDER_REVIEW,2026-08-09 08:46:02,2026-08-10 07:13:03,BR,Synthetic telemetry record analyzing malware activity linked to defensive indicator CVE-2026-8845.,Command and Control,Application Layer Protocol,T1071,CVE-2026-8845,
THR-2026-2196,2026-07-28 07:11:34,Corporate SSO Impersonation Portal #96,PHISHING,FILE HASH,d0550160d40f55d52c1a36f4c5a012029f662fd18d2e906a608f1c5d2ded3710,Internal SOC,A – Highly Reliable,78,HIGH,70,UNDER_REVIEW,2026-07-25 13:00:12,2026-07-28 07:11:34,CA,Synthetic telemetry record analyzing phishing activity linked to defensive indicator d0550160d40f55d52c1a36f4c5a012029f662fd18d2e906a608f1c5d2ded3710.,Initial Access,Phishing: Spearphishing Voice,T1566.004,,
THR-2026-2197,2026-07-24 05:03:34,Public Facing API Auth Bypass #97,VULNERABILITY EXPOSURE,EMAIL/SENDER DOMAIN,security-admin@corporate-demo.invalid,Security Vendor,A – Highly Reliable,88,CRITICAL,91,MONITORING,2026-07-23 00:32:16,2026-07-24 05:03:34,CH,Synthetic telemetry record analyzing vulnerability exposure activity linked to defensive indicator security-admin@corporate-demo.invalid.,Lateral Movement,Exploitation of Remote Services,T1210,CVE-2026-5512,
THR-2026-2198,2026-09-22 06:04:02,Admin Share Lateral Probe #98,RANSOMWARE,DOMAIN,sub84.cdn-cache.example.com,Public Threat Feed,B – Usually Reliable,83,HIGH,62,NEW,2026-09-18 04:00:41,2026-09-22 06:04:02,DE,Synthetic telemetry record analyzing ransomware activity linked to defensive indicator sub84.cdn-cache.example.com.,Impact,Data Encrypted for Impact,T1486,,CAMP-DEFENSE-014
THR-2026-2199,2026-09-03 13:42:58,Encrypted Payload Delivery Simulation #99,MALWARE,IP ADDRESS,203.0.113.106,Research Report,B – Usually Reliable,44,LOW,34,MONITORING,2026-09-03 00:50:44,2026-09-03 13:42:58,DE,Synthetic telemetry record analyzing malware activity linked to defensive indicator 203.0.113.106.,Defense Evasion,Obfuscated Files or Information,T1027,,CAMP-DEFENSE-011
THR-2026-2200,2026-09-07 20:51:57,Executive Pretexting Call Campaign #00,SOCIAL ENGINEERING,DOMAIN,sub28.update-service.example.org,Security Vendor,A – Highly Reliable,85,HIGH,77,NEW,2026-09-05 18:29:19,2026-09-07 20:51:57,GB,Synthetic telemetry record analyzing social engineering activity linked to defensive indicator sub28.update-service.example.org.,Initial Access,Replication Through Removable Media,T1091,,CAMP-DEFENSE-022
THR-2026-2201,2026-07-19 22:58:54,Unencrypted Diagnostic Log Leak #01,DATA EXPOSURE,IP ADDRESS,198.51.100.17,Community Submission,C – Fairly Reliable,67,MEDIUM,48,CLOSED,2026-07-16 16:31:15,2026-07-19 22:58:54,GB,Synthetic telemetry record analyzing data exposure activity linked to defensive indicator 198.51.100.17.,Exfiltration,Exfiltration Over Alternative Protocol,T1048,,
THR-2026-2202,2026-09-02 19:15:57,Generic Modular Loader Simulation #02,MALWARE,IP ADDRESS,192.0.2.113,Unknown Source,D – Reliability Unknown,43,LOW,36,NEW,2026-08-30 21:30:16,2026-09-02 19:15:57,US,Synthetic telemetry record analyzing malware activity linked to defensive indicator 192.0.2.113.,,,,,
THR-2026-2203,2026-09-26 11:26:19,Exfiltration via Public Cloud Storage #03,DATA EXPOSURE,EMAIL/SENDER DOMAIN,security-admin@example.org,Security Vendor,A – Highly Reliable,88,HIGH,79,NEW,2026-09-24 07:36:02,2026-09-26 11:26:19,JP,Synthetic telemetry record analyzing data exposure activity linked to defensive indicator security-admin@example.org.,Exfiltration,Exfiltration Over Web Service,T1567,CVE-2026-9956,CAMP-DEFENSE-001
THR-2026-2204,2026-09-19 17:17:34,Exfiltration via Public Cloud Storage #04,DATA EXPOSURE,URL,https://session-manager.invalid/download/security-patch.bin?session_id=1613,Internal SOC,A – Highly Reliable,31,LOW,29,NEW,2026-09-17 05:11:48,2026-09-19 17:17:34,FR,Synthetic telemetry record analyzing data exposure activity linked to defensive indicator https://session-manager.invalid/download/security-patch.bin?session_id=1613.,Exfiltration,Exfiltration Over Alternative Protocol,T1048,CVE-2026-9956,CAMP-DEFENSE-014
THR-2026-2205,2026-07-25 00:55:41,QR Code Phishing (Quishing) Test #05,SOCIAL ENGINEERING,CVE ID,CVE-2026-1042,Security Vendor,A – Highly Reliable,45,MEDIUM,56,UNDER_REVIEW,2026-07-23 15:08:31,2026-07-25 00:55:41,JP,Synthetic telemetry record analyzing social engineering activity linked to defensive indicator CVE-2026-1042.,Initial Access,Replication Through Removable Media,T1091,CVE-2026-1042,CAMP-DEFENSE-021
THR-2026-2206,2026-09-03 20:35:33,Password Spraying against ADFS Demo #06,CREDENTIAL THREATS,CVE ID,CVE-2026-7734,Public Threat Feed,B – Usually Reliable,47,MEDIUM,43,MONITORING,2026-09-03 08:03:21,2026-09-03 20:35:33,NL,Synthetic telemetry record analyzing credential threats activity linked to defensive indicator CVE-2026-7734.,Credential Access,OS Credential Dumping,T1003,CVE-2026-7734,CAMP-DEFENSE-001
THR-2026-2207,2026-08-21 09:25:41,Encrypted Payload Delivery Simulation #07,MALWARE,DOMAIN,service.cdn-cache.example.com,Unknown Source,D – Reliability Unknown,68,INFORMATIONAL,20,MONITORING,2026-08-19 21:00:45,2026-08-21 09:25:41,AU,Synthetic telemetry record analyzing malware activity linked to defensive indicator service.cdn-cache.example.com.,Execution,User Execution: Malicious File,T1204.002,,CAMP-DEFENSE-008
THR-2026-2208,2026-07-29 10:02:11,QR Code Phishing (Quishing) Test #08,SOCIAL ENGINEERING,DOMAIN,sub72.doc-share.example.org,Internal SOC,A – Highly Reliable,82,MEDIUM,58,UNDER_REVIEW,2026-07-25 09:56:52,2026-07-29 10:02:11,CA,Synthetic telemetry record analyzing social engineering activity linked to defensive indicator sub72.doc-share.example.org.,Initial Access,Trusted Relationship,T1199,,
THR-2026-2209,2026-08-20 12:55:18,Fake IT Helpdesk Remote Access Lure #09,SOCIAL ENGINEERING,URL,https://auth-gateway.example.com/invoice/preview-doc.pdf?session_id=9193,Research Report,B – Usually Reliable,77,HIGH,80,MONITORING,2026-08-20 03:44:48,2026-08-20 12:55:18,US,Synthetic telemetry record analyzing social engineering activity linked to defensive indicator https://auth-gateway.example.com/invoice/preview-doc.pdf?session_id=9193.,,,,,CAMP-DEFENSE-015
THR-2026-2210,2026-09-06 14:27:09,SQLi Pattern on Public Gateway #10,WEB THREATS,EMAIL/SENDER DOMAIN,security-admin@example.org,Internal SOC,A – Highly Reliable,77,LOW,31,MONITORING,2026-09-06 00:25:24,2026-09-06 14:27:09,JP,Synthetic telemetry record analyzing web threats activity linked to defensive indicator security-admin@example.org.,Command and Control,Web Service: Dead Drop Resolver,T1102.001,,CAMP-DEFENSE-024
THR-2026-2211,2026-07-06 20:19:59,Encrypted Payload Delivery Simulation #11,MALWARE,EMAIL/SENDER DOMAIN,payroll-alert@example.com,Research Report,B – Usually Reliable,47,MEDIUM,50,CLOSED,2026-07-03 22:53:04,2026-07-06 20:19:59,IN,Synthetic telemetry record analyzing malware activity linked to defensive indicator payroll-alert@example.com.,Command and Control,Application Layer Protocol,T1071,,CAMP-DEFENSE-016
THR-2026-2212,2026-08-02 19:58:12,Synthetic Token Theft Activity #12,CREDENTIAL THREATS,EMAIL/SENDER DOMAIN,billing-verify@example.net,Security Vendor,A – Highly Reliable,39,INFORMATIONAL,13,MONITORING,2026-07-30 05:32:06,2026-08-02 19:58:12,JP,Synthetic telemetry record analyzing credential threats activity linked to defensive indicator billing-verify@example.net.,Credential Access,Brute Force: Password Spraying,T1110.003,,
THR-2026-2213,2026-07-17 03:09:48,Fake Invoice Redirector #13,PHISHING,FILE HASH,2c03f4119d311b4672c335061fcfbe1e50fb6ecb064737b83c6df7e013ecbbdf,Public Threat Feed,B – Usually Reliable,67,INFORMATIONAL,6,MONITORING,2026-07-12 15:35:41,2026-07-17 03:09:48,US,Synthetic telemetry record analyzing phishing activity linked to defensive indicator 2c03f4119d311b4672c335061fcfbe1e50fb6ecb064737b83c6df7e013ecbbdf.,Initial Access,Phishing: Spearphishing Voice,T1566.004,CVE-2026-6623,CAMP-DEFENSE-018
THR-2026-2214,2026-08-01 17:52:28,Port 445 Scanning in Perimeter #14,NETWORK THREATS,URL,https://client-token.example.org/api/v1/health-check?session_id=6514,Security Vendor,A – Highly Reliable,84,CRITICAL,82,UNDER_REVIEW,2026-07-31 09:50:12,2026-08-01 17:52:28,BR,Synthetic telemetry record analyzing network threats activity linked to defensive indicator https://client-token.example.org/api/v1/health-check?session_id=6514.,Discovery,Network Sniffing,T1040,,
THR-2026-2215,2026-08-21 08:44:39,ShadowLocker Ransomware Activity #15,RANSOMWARE,IP ADDRESS,192.0.2.190,Internal SOC,A – Highly Reliable,46,MEDIUM,49,NEW,2026-08-20 15:57:49,2026-08-21 08:44:39,Global,Synthetic telemetry record analyzing ransomware activity linked to defensive indicator 192.0.2.190.,Impact,Inhibit System Recovery,T1490,,
THR-2026-2216,2026-08-02 04:53:06,VSS Shadow Copy Invalidation Stub #16,RANSOMWARE,URL,https://doc-share.example.org/download/security-patch.bin?session_id=8267,Public Threat Feed,B – Usually Reliable,26,INFORMATIONAL,13,MONITORING,2026-07-30 12:23:43,2026-08-02 04:53:06,CA,Synthetic telemetry record analyzing ransomware activity linked to defensive indicator https://doc-share.example.org/download/security-patch.bin?session_id=8267.,Impact,Data Encrypted for Impact,T1486,,
THR-2026-2217,2026-09-17 22:15:29,Generic Modular Loader Simulation #17,MALWARE,EMAIL/SENDER DOMAIN,security-admin@example.net,Public Threat Feed,B – Usually Reliable,86,HIGH,70,UNDER_REVIEW,2026-09-15 18:14:58,2026-09-17 22:15:29,DE,Synthetic telemetry record analyzing malware activity linked to defensive indicator security-admin@example.net.,Defense Evasion,Obfuscated Files or Information,T1027,CVE-2026-5512,
THR-2026-2218,2026-07-23 07:43:04,Fake Invoice Redirector #18,PHISHING,IP ADDRESS,203.0.113.119,Research Report,B – Usually Reliable,79,LOW,35,NEW,2026-07-22 04:00:22,2026-07-23 07:43:04,GB,Synthetic telemetry record analyzing phishing activity linked to defensive indicator 203.0.113.119.,,,,,CAMP-DEFENSE-025
THR-2026-2219,2026-08-11 09:45:45,SQLi Pattern on Public Gateway #19,WEB THREATS,FILE HASH,eee5e0c418547a7be7cdc6318124414ffdc98cc47c07657bb1b9f61d16ae346d,Community Submission,C – Fairly Reliable,83,MEDIUM,49,NEW,2026-08-08 08:08:05,2026-08-11 09:45:45,FR,Synthetic telemetry record analyzing web threats activity linked to defensive indicator eee5e0c418547a7be7cdc6318124414ffdc98cc47c07657bb1b9f61d16ae346d.,Command and Control,Web Service: Dead Drop Resolver,T1102.001,CVE-2026-4401,
THR-2026-2220,2026-07-14 08:28:15,Generic Modular Loader Simulation #20,MALWARE,FILE HASH,039e5c04bb244cff37a92560c87922c51198d8ad6d271e234c0dfcf8f843d2a3,Community Submission,C – Fairly Reliable,61,MEDIUM,45,UNDER_REVIEW,2026-07-11 20:26:44,2026-07-14 08:28:15,DE,Synthetic telemetry record analyzing malware activity linked to defensive indicator 039e5c04bb244cff37a92560c87922c51198d8ad6d271e234c0dfcf8f843d2a3.,Command and Control,Application Layer Protocol,T1071,,
THR-2026-2221,2026-07-24 06:59:11,Password Spraying against ADFS Demo #21,CREDENTIAL THREATS,IP ADDRESS,192.0.2.131,Research Report,B – Usually Reliable,46,LOW,23,UNDER_REVIEW,2026-07-22 20:22:37,2026-07-24 06:59:11,GB,Synthetic telemetry record analyzing credential threats activity linked to defensive indicator 192.0.2.131.,Credential Access,Credentials in Files,T1552.001,,
THR-2026-2222,2026-09-29 09:03:07,Watering Hole Redirector Demo #22,SOCIAL ENGINEERING,URL,https://support-desk.invalid/download/security-patch.bin?session_id=8776,Internal SOC,A – Highly Reliable,78,CRITICAL,95,MONITORING,2026-09-28 00:30:17,2026-09-29 09:03:07,US,Synthetic telemetry record analyzing social engineering activity linked to defensive indicator https://support-desk.invalid/download/security-patch.bin?session_id=8776.,Initial Access,Replication Through Removable Media,T1091,,
THR-2026-2223,2026-07-14 14:58:05,Port 445 Scanning in Perimeter #23,NETWORK THREATS,DOMAIN,service.cdn-cache.example.com,Internal SOC,A – Highly Reliable,51,LOW,23,CLOSED,2026-07-11 06:21:27,2026-07-14 14:58:05,US,Synthetic telemetry record analyzing network threats activity linked to defensive indicator service.cdn-cache.example.com.,Discovery,Network Sniffing,T1040,CVE-2026-1188,
THR-2026-2224,2026-07-27 01:26:14,Unauthenticated Deserialization Scan #24,VULNERABILITY EXPOSURE,IP ADDRESS,198.51.100.27,Security Vendor,A – Highly Reliable,53,LOW,22,UNDER_REVIEW,2026-07-23 19:29:00,2026-07-27 01:26:14,BR,Synthetic telemetry record analyzing vulnerability exposure activity linked to defensive indicator 198.51.100.27.,Initial Access,Exploit Public-Facing Application,T1190,CVE-2026-2189,
THR-2026-2225,2026-07-26 01:08:53,Public Facing API Auth Bypass #25,VULNERABILITY EXPOSURE,FILE HASH,75a401c9091ac843ff2918e712dd4dc17da4b8e16f95d27b6db679ede0c39144,Security Vendor,A – Highly Reliable,72,LOW,29,NEW,2026-07-24 05:17:01,2026-07-26 01:08:53,BR,Synthetic telemetry record analyzing vulnerability exposure activity linked to defensive indicator 75a401c9091ac843ff2918e712dd4dc17da4b8e16f95d27b6db679ede0c39144.,,,,CVE-2026-7734,CAMP-DEFENSE-014
THR-2026-2226,2026-07-27 06:43:01,Dormant Administrator Account Activation #26,ACCOUNT SECURITY,EMAIL/SENDER DOMAIN,payroll-alert@example.net,Public Threat Feed,B – Usually Reliable,68,HIGH,78,MONITORING,2026-07-25 05:08:48,2026-07-27 06:43:01,FR,Synthetic telemetry record analyzing account security activity linked to defensive indicator payroll-alert@example.net.,Defense Evasion,Valid Accounts: Cloud Accounts,T1078.004,,
THR-2026-2227,2026-08-04 16:14:33,Admin Share Lateral Probe #27,RANSOMWARE,FILE HASH,3260c9f39a8dd6929ccd38fd5a87bb12948073602a33f51a4bdbd6bd3becc5cb,Unknown Source,D – Reliability Unknown,84,MEDIUM,49,NEW,2026-08-02 19:59:35,2026-08-04 16:14:33,FR,Synthetic telemetry record analyzing ransomware activity linked to defensive indicator 3260c9f39a8dd6929ccd38fd5a87bb12948073602a33f51a4bdbd6bd3becc5cb.,Impact,Inhibit System Recovery,T1490,,CAMP-DEFENSE-007
THR-2026-2228,2026-09-26 06:51:11,DNS Tunneling Exfiltration Signature #28,NETWORK THREATS,EMAIL/SENDER DOMAIN,hr-notices@example.net,Community Submission,C – Fairly Reliable,55,MEDIUM,51,UNDER_REVIEW,2026-09-25 06:06:09,2026-09-26 06:51:11,CA,Synthetic telemetry record analyzing network threats activity linked to defensive indicator hr-notices@example.net.,Discovery,Network Service Scanning,T1046,,
THR-2026-2229,2026-07-19 11:36:28,Unencrypted Diagnostic Log Leak #29,DATA EXPOSURE,IP ADDRESS,203.0.113.176,Unknown Source,D – Reliability Unknown,53,MEDIUM,50,UNDER_REVIEW,2026-07-15 10:36:45,2026-07-19 11:36:28,JP,Synthetic telemetry record analyzing data exposure activity linked to defensive indicator 203.0.113.176.,Exfiltration,Exfiltration Over Alternative Protocol,T1048,,
THR-2026-2230,2026-09-09 06:22:46,Server-Side Request Forgery Pattern #30,WEB THREATS,EMAIL/SENDER DOMAIN,security-admin@example.net,Community Submission,C – Fairly Reliable,33,LOW,22,CLOSED,2026-09-07 17:38:42,2026-09-09 06:22:46,JP,Synthetic telemetry record analyzing web threats activity linked to defensive indicator security-admin@example.net.,Collection,Automated Collection: Web Scraping,T1119,,
THR-2026-2231,2026-08-01 22:33:54,Unencrypted Diagnostic Log Leak #31,DATA EXPOSURE,FILE HASH,f45b29d05a215949e76ac6e479e7c1d3b7aa264042019b9702890eef16a5e49f,Unknown Source,D – Reliability Unknown,76,MEDIUM,47,MONITORING,2026-07-31 02:52:00,2026-08-01 22:33:54,BR,Synthetic telemetry record analyzing data exposure activity linked to defensive indicator f45b29d05a215949e76ac6e479e7c1d3b7aa264042019b9702890eef16a5e49f.,Exfiltration,Exfiltration Over Web Service,T1567,,
THR-2026-2232,2026-09-20 09:55:08,Edge Gateway Remote Buffer Trigger #32,VULNERABILITY EXPOSURE,IP ADDRESS,203.0.113.26,Security Vendor,A – Highly Reliable,40,LOW,35,MONITORING,2026-09-15 23:36:16,2026-09-20 09:55:08,DE,Synthetic telemetry record analyzing vulnerability exposure activity linked to defensive indicator 203.0.113.26.,Privilege Escalation,Exploitation for Privilege Escalation,T1068,CVE-2026-6623,
THR-2026-2233,2026-07-16 12:04:20,Edge Gateway Remote Buffer Trigger #33,VULNERABILITY EXPOSURE,IP ADDRESS,203.0.113.214,Community Submission,C – Fairly Reliable,59,LOW,29,UNDER_REVIEW,2026-07-12 10:21:40,2026-07-16 12:04:20,CH,Synthetic telemetry record analyzing vulnerability exposure activity linked to defensive indicator 203.0.113.214.,,,,CVE-2026-1188,CAMP-DEFENSE-005
THR-2026-2234,2026-09-11 18:05:31,Watering Hole Redirector Demo #34,SOCIAL ENGINEERING,URL,https://telemetry-sync.example.net/download/security-patch.bin?session_id=7459,Internal SOC,A – Highly Reliable,82,MEDIUM,48,UNDER_REVIEW,2026-09-09 21:29:02,2026-09-11 18:05:31,GB,Synthetic telemetry record analyzing social engineering activity linked to defensive indicator https://telemetry-sync.example.net/download/security-patch.bin?session_id=7459.,Initial Access,Trusted Relationship,T1199,,
THR-2026-2235,2026-07-31 16:10:43,Watering Hole Redirector Demo #35,SOCIAL ENGINEERING,EMAIL/SENDER DOMAIN,payroll-alert@example.net,Security Vendor,A – Highly Reliable,57,INFORMATIONAL,20,MONITORING,2026-07-30 11:02:35,2026-07-31 16:10:43,CH,Synthetic telemetry record analyzing social engineering activity linked to defensive indicator payroll-alert@example.net.,Initial Access,Trusted Relationship,T1199,,CAMP-DEFENSE-010
THR-2026-2236,2026-07-28 03:02:43,Dormant Administrator Account Activation #36,ACCOUNT SECURITY,URL,https://invoice-verify.invalid/download/security-patch.bin?session_id=3839,Research Report,B – Usually Reliable,54,MEDIUM,50,CLOSED,2026-07-24 11:58:03,2026-07-28 03:02:43,US,Synthetic telemetry record analyzing account security activity linked to defensive indicator https://invoice-verify.invalid/download/security-patch.bin?session_id=3839.,Persistence,Account Manipulation: Additional Credentials,T1098.001,,CAMP-DEFENSE-005
THR-2026-2237,2026-07-11 03:03:56,Admin Share Lateral Probe #37,RANSOMWARE,DOMAIN,sub36.doc-share.example.org,Unknown Source,D – Reliability Unknown,47,LOW,34,CLOSED,2026-07-08 17:58:11,2026-07-11 03:03:56,BR,Synthetic telemetry record analyzing ransomware activity linked to defensive indicator sub36.doc-share.example.org.,Impact,Inhibit System Recovery,T1490,,CAMP-DEFENSE-024
THR-2026-2238,2026-08-28 08:31:00,Port 445 Scanning in Perimeter #38,NETWORK THREATS,IP ADDRESS,192.0.2.42,Community Submission,C – Fairly Reliable,81,CRITICAL,81,NEW,2026-08-25 19:57:35,2026-08-28 08:31:00,US,Synthetic telemetry record analyzing network threats activity linked to defensive indicator 192.0.2.42.,,,,,
THR-2026-2239,2026-08-05 02:26:11,Fake IT Helpdesk Remote Access Lure #39,SOCIAL ENGINEERING,CVE ID,CVE-2026-7734,Unknown Source,D – Reliability Unknown,75,LOW,37,MONITORING,2026-08-02 03:55:01,2026-08-05 02:26:11,NL,Synthetic telemetry record analyzing social engineering activity linked to defensive indicator CVE-2026-7734.,Execution,User Execution: Malicious Link,T1204.001,CVE-2026-7734,
THR-2026-2240,2026-07-11 10:46:25,OAuth High-Privilege Consent Grant #40,ACCOUNT SECURITY,DOMAIN,service.corp-portal-test.invalid,Security Vendor,A – Highly Reliable,57,MEDIUM,55,NEW,2026-07-10 07:15:54,2026-07-11 10:46:25,Global,Synthetic telemetry record analyzing account security activity linked to defensive indicator service.corp-portal-test.invalid.,Persistence,Account Manipulation: Additional Credentials,T1098.001,,
THR-2026-2241,2026-09-27 14:59:58,OAuth High-Privilege Consent Grant #41,ACCOUNT SECURITY,DOMAIN,service.cdn-cache.example.com,Internal SOC,A – Highly Reliable,68,INFORMATIONAL,19,UNDER_REVIEW,2026-09-26 22:26:42,2026-09-27 14:59:58,IN,Synthetic telemetry record analyzing account security activity linked to defensive indicator service.cdn-cache.example.com.,Defense Evasion,Valid Accounts: Cloud Accounts,T1078.004,,
THR-2026-2242,2026-07-12 04:08:30,Legacy WebDAV Exploit Sweep #42,VULNERABILITY EXPOSURE,URL,https://telemetry-sync.example.net/secure/portal/auth?session_id=2118,Public Threat Feed,B – Usually Reliable,52,LOW,21,NEW,2026-07-09 18:58:24,2026-07-12 04:08:30,NL,Synthetic telemetry record analyzing vulnerability exposure activity linked to defensive indicator https://telemetry-sync.example.net/secure/portal/auth?session_id=2118.,Lateral Movement,Exploitation of Remote Services,T1210,CVE-2026-1188,
THR-2026-2243,2026-09-26 15:57:59,Fake Invoice Redirector #43,PHISHING,CVE ID,CVE-2026-2189,Public Threat Feed,B – Usually Reliable,74,HIGH,75,MONITORING,2026-09-23 13:14:34,2026-09-26 15:57:59,JP,Synthetic telemetry record analyzing phishing activity linked to defensive indicator CVE-2026-2189.,Initial Access,Phishing: Spearphishing Link,T1566.002,CVE-2026-2189,
THR-2026-2244,2026-08-31 18:15:46,Generic Modular Loader Simulation #44,MALWARE,CVE ID,CVE-2026-1188,Community Submission,C – Fairly Reliable,81,HIGH,75,CLOSED,2026-08-27 07:00:58,2026-08-31 18:15:46,FR,Synthetic telemetry record analyzing malware activity linked to defensive indicator CVE-2026-1188.,Defense Evasion,Obfuscated Files or Information,T1027,CVE-2026-1188,
THR-2026-2245,2026-10-01 07:02:30,Admin Share Lateral Probe #45,RANSOMWARE,FILE HASH,ec0570cb5675470f646f7b453825c71cf9df0b192eb03682792a1a364d6aee17,Internal SOC,A – Highly Reliable,65,LOW,21,NEW,2026-09-30 23:59:12,2026-10-01 07:02:30,SG,Synthetic telemetry record analyzing ransomware activity linked to defensive indicator ec0570cb5675470f646f7b453825c71cf9df0b192eb03682792a1a364d6aee17.,Infiltration,Lateral Movement: SMB/Windows Admin Shares,T1021.002,,CAMP-DEFENSE-025
THR-2026-2246,2026-08-11 01:15:41,VSS Shadow Copy Invalidation Stub #46,RANSOMWARE,DOMAIN,sub92.session-manager.invalid,Public Threat Feed,B – Usually Reliable,34,LOW,27,UNDER_REVIEW,2026-08-07 04:34:13,2026-08-11 01:15:41,SG,Synthetic telemetry record analyzing ransomware activity linked to defensive indicator sub92.session-manager.invalid.,Impact,Inhibit System Recovery,T1490,,
THR-2026-2247,2026-09-28 15:49:47,Generic Modular Loader Simulation #47,MALWARE,FILE HASH,87b845c28b4808a3cb1589de9bbe54ab885aa52f36ab7678b6ab8e265ab26b16,Community Submission,C – Fairly Reliable,70,INFORMATIONAL,6,UNDER_REVIEW,2026-09-27 19:44:51,2026-09-28 15:49:47,GB,Synthetic telemetry record analyzing malware activity linked to defensive indicator 87b845c28b4808a3cb1589de9bbe54ab885aa52f36ab7678b6ab8e265ab26b16.,Execution,User Execution: Malicious File,T1204.002,,CAMP-DEFENSE-003
THR-2026-2248,2026-09-27 02:01:17,Cross-Site Scripting Injection Probe #48,WEB THREATS,IP ADDRESS,192.0.2.239,Internal SOC,A – Highly Reliable,67,MEDIUM,56,UNDER_REVIEW,2026-09-24 12:25:59,2026-09-27 02:01:17,IN,Synthetic telemetry record analyzing web threats activity linked to defensive indicator 192.0.2.239.,Collection,Automated Collection: Web Scraping,T1119,,
THR-2026-2249,2026-09-27 10:37:12,ICMP Covert Beaconing Pattern #49,NETWORK THREATS,EMAIL/SENDER DOMAIN,billing-verify@example.net,Public Threat Feed,B – Usually Reliable,77,CRITICAL,86,UNDER_REVIEW,2026-09-24 08:23:11,2026-09-27 10:37:12,SG,Synthetic telemetry record analyzing network threats activity linked to defensive indicator billing-verify@example.net.,Discovery,Network Sniffing,T1040,,
THR-2026-2250,2026-09-19 05:45:43,Memory Injection Testing Stub #50,MALWARE,EMAIL/SENDER DOMAIN,billing-verify@example.net,Unknown Source,D – Reliability Unknown,90,CRITICAL,88,UNDER_REVIEW,2026-09-17 16:44:47,2026-09-19 05:45:43,GB,Synthetic telemetry record analyzing malware activity linked to defensive indicator billing-verify@example.net.,Command and Control,Application Layer Protocol,T1071,,CAMP-DEFENSE-023
